-- phpMyAdmin SQL Dump
-- version 5.0.1
-- https://www.phpmyadmin.net/
--
-- Máy chủ: 192.168.11.27
-- Thời gian đã tạo: Th3 31, 2021 lúc 08:33 AM
-- Phiên bản máy phục vụ: 10.4.13-MariaDB-1:10.4.13+maria~focal
-- Phiên bản PHP: 7.2.24-0ubuntu0.18.04.6

SET SQL_MODE = "NO_AUTO_VALUE_ON_ZERO";
SET AUTOCOMMIT = 0;
START TRANSACTION;
SET time_zone = "+00:00";


/*!40101 SET @OLD_CHARACTER_SET_CLIENT=@@CHARACTER_SET_CLIENT */;
/*!40101 SET @OLD_CHARACTER_SET_RESULTS=@@CHARACTER_SET_RESULTS */;
/*!40101 SET @OLD_COLLATION_CONNECTION=@@COLLATION_CONNECTION */;
/*!40101 SET NAMES utf8mb4 */;

--
-- Cơ sở dữ liệu: `mtc_main_j32j`
--

DELIMITER $$
--
-- Thủ tục
--
$$

$$

$$

$$

$$

$$

$$

$$

$$

$$

$$

$$

$$

$$

$$

$$

$$

$$

$$

$$

$$

$$

$$

$$

$$

$$

$$

$$

$$

$$

$$

$$

$$

$$

$$

$$

$$

$$

$$

$$

$$

$$

$$

$$

$$

$$

$$

$$

$$

$$

$$

$$

$$

$$

$$

$$

$$

$$

$$

$$

$$

$$

$$

$$

$$

$$

$$

$$

$$

$$

$$

--
-- Các hàm
--
$$

$$

$$

$$

$$

$$

$$

$$

$$

$$

$$

$$

$$

$$

$$

$$

$$

$$

DELIMITER ;

-- --------------------------------------------------------

--
-- Cấu trúc bảng cho bảng `mtc_blacklist_token`
--

CREATE TABLE `mtc_blacklist_token` (
  `blacklist_id` varchar(255) COLLATE utf8_unicode_ci NOT NULL,
  `blacklist_token` text COLLATE utf8_unicode_ci NOT NULL,
  `created_at` timestamp NULL DEFAULT NULL
) ENGINE=InnoDB DEFAULT CHARSET=utf8 COLLATE=utf8_unicode_ci;

--
-- Đang đổ dữ liệu cho bảng `mtc_blacklist_token`
--

INSERT INTO `mtc_blacklist_token` (`blacklist_id`, `blacklist_token`, `created_at`) VALUES
('05b71a73-906d-466d-aa74-045806854213', 'eyJhbGciOiJIUzI1NiIsInR5cCI6IkpXVCJ9.eyJ1c2VyX2VtYWlsIjoibm9yZXBseUBhbHRhLmNvbS52biIsInVzZXJfaWQiOiIwMDg2MzJmZS1jMjc5LTQ4YzEtYjg5ZS04ODJmZGNiOTllOGYiLCJpc19sZXZlbCI6IjEiLCJncm91cF9pZCI6IiIsImh0dHA6Ly9zY2hlbWFzLm1pY3Jvc29mdC5jb20vd3MvMjAwOC8wNi9pZGVudGl0eS9jbGFpbXMvcm9sZSI6WyJTUF9HUk9VUF9ERUxFVEUiLCJTUF9ERVZJQ0VfU0hPVyIsIlNQX0dST1VQX0NSRUFURSIsIlNQX1JPTEVfU0hPVyIsIlNQX0RFVklDRV9DUkVBVEUiLCJTUF9VU0VSX0NSRUFURSIsIlNQX0RFVklDRV9VUERBVEUiLCJTUF9VU0VSX1VQREFURSIsIlNQX1JPTEVfQ1JFQVRFIiwiU1BfUk9MRV9ERUxFVEUiLCJTUF9HUk9VUF9VUERBVEUiLCJTUF9ST0xFX1VQREFURSIsIlNQX0dST1VQX1NIT1ciLCJTUF9VU0VSX0RFTEVURSIsIlNQX0RFVklDRV9ERUxFVEUiLCJTUF9VU0VSX1NIT1ciXSwiUGVybWlzc2lvbnMiOlsiU1BfR1JPVVBfREVMRVRFIiwiU1BfREVWSUNFX1NIT1ciLCJTUF9HUk9VUF9DUkVBVEUiLCJTUF9ST0xFX1NIT1ciLCJTUF9ERVZJQ0VfQ1JFQVRFIiwiU1BfVVNFUl9DUkVBVEUiLCJTUF9ERVZJQ0VfVVBEQVRFIiwiU1BfVVNFUl9VUERBVEUiLCJTUF9ST0xFX0NSRUFURSIsIlNQX1JPTEVfREVMRVRFIiwiU1BfR1JPVVBfVVBEQVRFIiwiU1BfUk9MRV9VUERBVEUiLCJTUF9HUk9VUF9TSE9XIiwiU1BfVVNFUl9ERUxFVEUiLCJTUF9ERVZJQ0VfREVMRVRFIiwiU1BfVVNFUl9TSE9XIl0sImV4cCI6MTYxNzE2MTg3OCwiaXNzIjoibG9jYWxob3N0OjkwMDAiLCJhdWQiOiJsb2NhbGhvc3Q6OTAwMCJ9.ZbelDfMoCcuYOfDIdjw4HOsvGf1GEd2B8wnX39SAm4s', '2021-03-30 03:37:58'),
('06cf89cc-54f8-4a5c-8a0f-f9cf2670a257', 'eyJhbGciOiJIUzI1NiIsInR5cCI6IkpXVCJ9.eyJ1c2VyX2VtYWlsIjoibm9yZXBseUBhbHRhLmNvbS52biIsInVzZXJfaWQiOiIwMDg2MzJmZS1jMjc5LTQ4YzEtYjg5ZS04ODJmZGNiOTllOGYiLCJpc19sZXZlbCI6IjEiLCJncm91cF9pZCI6IiIsImh0dHA6Ly9zY2hlbWFzLm1pY3Jvc29mdC5jb20vd3MvMjAwOC8wNi9pZGVudGl0eS9jbGFpbXMvcm9sZSI6WyJTUF9HUk9VUF9ERUxFVEUiLCJTUF9ERVZJQ0VfU0hPVyIsIlNQX0dST1VQX0NSRUFURSIsIlNQX1JPTEVfU0hPVyIsIlNQX0RFVklDRV9DUkVBVEUiLCJTUF9VU0VSX0NSRUFURSIsIlNQX0RFVklDRV9VUERBVEUiLCJTUF9VU0VSX1VQREFURSIsIlNQX1JPTEVfQ1JFQVRFIiwiU1BfUk9MRV9ERUxFVEUiLCJTUF9HUk9VUF9VUERBVEUiLCJTUF9ST0xFX1VQREFURSIsIlNQX0dST1VQX1NIT1ciLCJTUF9VU0VSX0RFTEVURSIsIlNQX0RFVklDRV9ERUxFVEUiLCJTUF9VU0VSX1NIT1ciXSwiUGVybWlzc2lvbnMiOlsiU1BfR1JPVVBfREVMRVRFIiwiU1BfREVWSUNFX1NIT1ciLCJTUF9HUk9VUF9DUkVBVEUiLCJTUF9ST0xFX1NIT1ciLCJTUF9ERVZJQ0VfQ1JFQVRFIiwiU1BfVVNFUl9DUkVBVEUiLCJTUF9ERVZJQ0VfVVBEQVRFIiwiU1BfVVNFUl9VUERBVEUiLCJTUF9ST0xFX0NSRUFURSIsIlNQX1JPTEVfREVMRVRFIiwiU1BfR1JPVVBfVVBEQVRFIiwiU1BfUk9MRV9VUERBVEUiLCJTUF9HUk9VUF9TSE9XIiwiU1BfVVNFUl9ERUxFVEUiLCJTUF9ERVZJQ0VfREVMRVRFIiwiU1BfVVNFUl9TSE9XIl0sImV4cCI6MTYxNjg0NDY0NCwiaXNzIjoibG9jYWxob3N0OjkwMDAiLCJhdWQiOiJsb2NhbGhvc3Q6OTAwMCJ9.9aPJnWh6f63mHZwpKYj3Xk00Vepb7f661GnL78XU4kY', '2021-03-26 11:30:44'),
('08b2c1c6-2a31-4877-b569-8e5a1db282a3', 'eyJhbGciOiJIUzI1NiIsInR5cCI6IkpXVCJ9.eyJ1c2VyX2VtYWlsIjoiYUBhbHRhLmNvbSIsInVzZXJfaWQiOiJhMmM1MWM2NS1mZDVjLTQ1ZjItYTY0My1lODQxZGU1Zjc3MjkiLCJpc19sZXZlbCI6IjAiLCJncm91cF9pZCI6ImE0MzllNTg2LTRhYWEtNGMwMC04NTdkLWM5ZTBiNzYwNjQ2ZCIsImh0dHA6Ly9zY2hlbWFzLm1pY3Jvc29mdC5jb20vd3MvMjAwOC8wNi9pZGVudGl0eS9jbGFpbXMvcm9sZSI6WyJURU1QTEFURV9TSE9XIiwiVVNFUl9VUERBVEUiLCJURU1QTEFURV9ERUxFVEUiLCJURU1QTEFURV9DUkVBVEUiLCJTQ0hfU0hPVyIsIlVTRVJfU0hPVyIsIlNDSF9ERUxFVEUiLCJQTEFZTElTVF9VUERBVEUiLCJERVZJQ0VfU0hPVyIsIk1FRElBX1VQREFURSIsIkRFVklDRV9VUERBVEUiLCJQTEFZTElTVF9ERUxFVEUiLCJVU0VSX0NSRUFURSIsIkRFVklDRV9DUkVBVEUiLCJNRURJQV9BUFBST1ZFIiwiVVNFUl9ERUxFVEUiLCJTQ0hfVVBEQVRFIiwiU0NIX0NSRUFURSIsIlBMQVlMSVNUX0NSRUFURSIsIlRFTVBMQVRFX1VQREFURSIsIk1FRElBX0NSRUFURSIsIk1FRElBX0RFTEVURSIsIkRFVklDRV9ERUxFVEUiXSwiUGVybWlzc2lvbnMiOlsiVEVNUExBVEVfU0hPVyIsIlVTRVJfVVBEQVRFIiwiVEVNUExBVEVfREVMRVRFIiwiVEVNUExBVEVfQ1JFQVRFIiwiU0NIX1NIT1ciLCJVU0VSX1NIT1ciLCJTQ0hfREVMRVRFIiwiUExBWUxJU1RfVVBEQVRFIiwiREVWSUNFX1NIT1ciLCJNRURJQV9VUERBVEUiLCJERVZJQ0VfVVBEQVRFIiwiUExBWUxJU1RfREVMRVRFIiwiVVNFUl9DUkVBVEUiLCJERVZJQ0VfQ1JFQVRFIiwiTUVESUFfQVBQUk9WRSIsIlVTRVJfREVMRVRFIiwiU0NIX1VQREFURSIsIlNDSF9DUkVBVEUiLCJQTEFZTElTVF9DUkVBVEUiLCJURU1QTEFURV9VUERBVEUiLCJNRURJQV9DUkVBVEUiLCJNRURJQV9ERUxFVEUiLCJERVZJQ0VfREVMRVRFIl0sImV4cCI6MTYxNjg0MDkxOCwiaXNzIjoibG9jYWxob3N0OjkwMDAiLCJhdWQiOiJsb2NhbGhvc3Q6OTAwMCJ9.qk3MlMofEq31_bqf0su_2xZeV2u6_qYkmPM8hmhEjkg', '2021-03-26 10:28:38'),
('0aff283b-5ac7-471b-b122-e2f8832bd4e3', 'eyJhbGciOiJIUzI1NiIsInR5cCI6IkpXVCJ9.eyJ1c2VyX2VtYWlsIjoibm9yZXBseUBhbHRhLmNvbS52biIsInVzZXJfaWQiOiIwMDg2MzJmZS1jMjc5LTQ4YzEtYjg5ZS04ODJmZGNiOTllOGYiLCJpc19sZXZlbCI6IjEiLCJncm91cF9pZCI6IiIsImh0dHA6Ly9zY2hlbWFzLm1pY3Jvc29mdC5jb20vd3MvMjAwOC8wNi9pZGVudGl0eS9jbGFpbXMvcm9sZSI6WyJTUF9HUk9VUF9ERUxFVEUiLCJTUF9ERVZJQ0VfU0hPVyIsIlNQX0dST1VQX0NSRUFURSIsIlNQX1JPTEVfU0hPVyIsIlNQX0RFVklDRV9DUkVBVEUiLCJTUF9VU0VSX0NSRUFURSIsIlNQX0RFVklDRV9VUERBVEUiLCJTUF9VU0VSX1VQREFURSIsIlNQX1JPTEVfQ1JFQVRFIiwiU1BfUk9MRV9ERUxFVEUiLCJTUF9HUk9VUF9VUERBVEUiLCJTUF9ST0xFX1VQREFURSIsIlNQX0dST1VQX1NIT1ciLCJTUF9VU0VSX0RFTEVURSIsIlNQX0RFVklDRV9ERUxFVEUiLCJTUF9VU0VSX1NIT1ciXSwiUGVybWlzc2lvbnMiOlsiU1BfR1JPVVBfREVMRVRFIiwiU1BfREVWSUNFX1NIT1ciLCJTUF9HUk9VUF9DUkVBVEUiLCJTUF9ST0xFX1NIT1ciLCJTUF9ERVZJQ0VfQ1JFQVRFIiwiU1BfVVNFUl9DUkVBVEUiLCJTUF9ERVZJQ0VfVVBEQVRFIiwiU1BfVVNFUl9VUERBVEUiLCJTUF9ST0xFX0NSRUFURSIsIlNQX1JPTEVfREVMRVRFIiwiU1BfR1JPVVBfVVBEQVRFIiwiU1BfUk9MRV9VUERBVEUiLCJTUF9HUk9VUF9TSE9XIiwiU1BfVVNFUl9ERUxFVEUiLCJTUF9ERVZJQ0VfREVMRVRFIiwiU1BfVVNFUl9TSE9XIl0sImV4cCI6MTYxNjgyODg5NSwiaXNzIjoibG9jYWxob3N0OjkwMDAiLCJhdWQiOiJsb2NhbGhvc3Q6OTAwMCJ9.uFRX1_lWR-mYbyEMOOA-JpV7rSmvd7zex8mb0PjCyG0', '2021-03-26 07:08:15'),
('10aa4304-50b3-4569-a9fa-172235337d77', 'eyJhbGciOiJIUzI1NiIsInR5cCI6IkpXVCJ9.eyJ1c2VyX2VtYWlsIjoidG9pLmh1eW5oQGFsdGEuY29tLnZuIiwidXNlcl9pZCI6IjIyM2NmZTRlLWJlNGUtNDYwNy1iZDQyLTQ4NDRmMzI1Nzg2MSIsImlzX2xldmVsIjoiMCIsImdyb3VwX2lkIjoiMTcyNjJlYzEtNDI0Yy00NmJiLTkwZDEtOGUyOWFhZTJjMjBmIiwiaHR0cDovL3NjaGVtYXMubWljcm9zb2Z0LmNvbS93cy8yMDA4LzA2L2lkZW50aXR5L2NsYWltcy9yb2xlIjpbIk1FRElBX0NSRUFURSIsIlJPTEVfQ1JFQVRFIiwiUExBWUxJU1RfQ1JFQVRFIiwiU0NIX0NSRUFURSIsIlVTRVJfVVBEQVRFIiwiUk9MRV9VUERBVEUiLCJQTEFZTElTVF9VUERBVEUiLCJTQ0hfREVMRVRFIiwiUExBWUxJU1RfREVMRVRFIiwiVEVNUExBVEVfQ1JFQVRFIiwiU0NIX1VQREFURSIsIkRFVklDRV9VUERBVEUiLCJST0xFX1NIT1ciLCJVU0VSX0RFTEVURSIsIlJPTEVfREVMRVRFIiwiTUVESUFfVVBEQVRFIiwiREVWSUNFX0RFTEVURSIsIlRFTVBMQVRFX1NIT1ciLCJNRURJQV9BUFBST1ZFIiwiVVNFUl9TSE9XIiwiREVWSUNFX1NIT1ciLCJURU1QTEFURV9VUERBVEUiLCJNRURJQV9ERUxFVEUiLCJERVZJQ0VfQ1JFQVRFIiwiVEVNUExBVEVfREVMRVRFIiwiU0NIX1NIT1ciLCJVU0VSX0NSRUFURSJdLCJQZXJtaXNzaW9ucyI6WyJNRURJQV9DUkVBVEUiLCJST0xFX0NSRUFURSIsIlBMQVlMSVNUX0NSRUFURSIsIlNDSF9DUkVBVEUiLCJVU0VSX1VQREFURSIsIlJPTEVfVVBEQVRFIiwiUExBWUxJU1RfVVBEQVRFIiwiU0NIX0RFTEVURSIsIlBMQVlMSVNUX0RFTEVURSIsIlRFTVBMQVRFX0NSRUFURSIsIlNDSF9VUERBVEUiLCJERVZJQ0VfVVBEQVRFIiwiUk9MRV9TSE9XIiwiVVNFUl9ERUxFVEUiLCJST0xFX0RFTEVURSIsIk1FRElBX1VQREFURSIsIkRFVklDRV9ERUxFVEUiLCJURU1QTEFURV9TSE9XIiwiTUVESUFfQVBQUk9WRSIsIlVTRVJfU0hPVyIsIkRFVklDRV9TSE9XIiwiVEVNUExBVEVfVVBEQVRFIiwiTUVESUFfREVMRVRFIiwiREVWSUNFX0NSRUFURSIsIlRFTVBMQVRFX0RFTEVURSIsIlNDSF9TSE9XIiwiVVNFUl9DUkVBVEUiXSwiZXhwIjoxNjE2ODM0MDYyLCJpc3MiOiJsb2NhbGhvc3Q6OTAwMCIsImF1ZCI6ImxvY2FsaG9zdDo5MDAwIn0.gSHnJsaFCd7jX5dRpGWf6NztQHlKPjwmuODdICgFmGA', '2021-03-26 08:34:22'),
('12bd8e7c-3ef1-4ee7-93a7-f197b097f9f4', 'eyJhbGciOiJIUzI1NiIsInR5cCI6IkpXVCJ9.eyJ1c2VyX2VtYWlsIjoibm9yZXBseUBhbHRhLmNvbS52biIsInVzZXJfaWQiOiIwMDg2MzJmZS1jMjc5LTQ4YzEtYjg5ZS04ODJmZGNiOTllOGYiLCJpc19sZXZlbCI6IjEiLCJncm91cF9pZCI6IiIsImh0dHA6Ly9zY2hlbWFzLm1pY3Jvc29mdC5jb20vd3MvMjAwOC8wNi9pZGVudGl0eS9jbGFpbXMvcm9sZSI6WyJTUF9HUk9VUF9ERUxFVEUiLCJTUF9ERVZJQ0VfU0hPVyIsIlNQX0dST1VQX0NSRUFURSIsIlNQX1JPTEVfU0hPVyIsIlNQX0RFVklDRV9DUkVBVEUiLCJTUF9VU0VSX0NSRUFURSIsIlNQX0RFVklDRV9VUERBVEUiLCJTUF9VU0VSX1VQREFURSIsIlNQX1JPTEVfQ1JFQVRFIiwiU1BfUk9MRV9ERUxFVEUiLCJTUF9HUk9VUF9VUERBVEUiLCJTUF9ST0xFX1VQREFURSIsIlNQX0dST1VQX1NIT1ciLCJTUF9VU0VSX0RFTEVURSIsIlNQX0RFVklDRV9ERUxFVEUiLCJTUF9VU0VSX1NIT1ciXSwiUGVybWlzc2lvbnMiOlsiU1BfR1JPVVBfREVMRVRFIiwiU1BfREVWSUNFX1NIT1ciLCJTUF9HUk9VUF9DUkVBVEUiLCJTUF9ST0xFX1NIT1ciLCJTUF9ERVZJQ0VfQ1JFQVRFIiwiU1BfVVNFUl9DUkVBVEUiLCJTUF9ERVZJQ0VfVVBEQVRFIiwiU1BfVVNFUl9VUERBVEUiLCJTUF9ST0xFX0NSRUFURSIsIlNQX1JPTEVfREVMRVRFIiwiU1BfR1JPVVBfVVBEQVRFIiwiU1BfUk9MRV9VUERBVEUiLCJTUF9HUk9VUF9TSE9XIiwiU1BfVVNFUl9ERUxFVEUiLCJTUF9ERVZJQ0VfREVMRVRFIiwiU1BfVVNFUl9TSE9XIl0sImV4cCI6MTYxNzA5OTQyMCwiaXNzIjoibG9jYWxob3N0OjkwMDAiLCJhdWQiOiJsb2NhbGhvc3Q6OTAwMCJ9.DlRI7q9p0unVFQN--TBG-axo11hrjwHqI_FgHhLmK88', '2021-03-29 10:17:00'),
('14bf3ba3-3783-4c8e-8e60-0736a5d016ea', 'eyJhbGciOiJIUzI1NiIsInR5cCI6IkpXVCJ9.eyJ1c2VyX2VtYWlsIjoidG9pLmh1eW5oQGFsdGEuY29tLnZuIiwidXNlcl9pZCI6IjIyM2NmZTRlLWJlNGUtNDYwNy1iZDQyLTQ4NDRmMzI1Nzg2MSIsImlzX2xldmVsIjoiMCIsImdyb3VwX2lkIjoiMTcyNjJlYzEtNDI0Yy00NmJiLTkwZDEtOGUyOWFhZTJjMjBmIiwiaHR0cDovL3NjaGVtYXMubWljcm9zb2Z0LmNvbS93cy8yMDA4LzA2L2lkZW50aXR5L2NsYWltcy9yb2xlIjpbIk1FRElBX0NSRUFURSIsIlJPTEVfQ1JFQVRFIiwiUExBWUxJU1RfQ1JFQVRFIiwiU0NIX0NSRUFURSIsIlVTRVJfVVBEQVRFIiwiUk9MRV9VUERBVEUiLCJQTEFZTElTVF9VUERBVEUiLCJURU1QTEFURV9TSEFSRSIsIlNDSF9ERUxFVEUiLCJQTEFZTElTVF9ERUxFVEUiLCJURU1QTEFURV9DUkVBVEUiLCJTQ0hfVVBEQVRFIiwiREVWSUNFX1VQREFURSIsIlJPTEVfU0hPVyIsIlVTRVJfREVMRVRFIiwiUk9MRV9ERUxFVEUiLCJNRURJQV9VUERBVEUiLCJERVZJQ0VfREVMRVRFIiwiVEVNUExBVEVfU0hPVyIsIk1FRElBX0FQUFJPVkUiLCJVU0VSX1NIT1ciLCJERVZJQ0VfU0hPVyIsIlRFTVBMQVRFX1VQREFURSIsIk1FRElBX0RFTEVURSIsIkRFVklDRV9DUkVBVEUiLCJURU1QTEFURV9ERUxFVEUiLCJTQ0hfU0hPVyIsIlVTRVJfQ1JFQVRFIl0sIlBlcm1pc3Npb25zIjpbIk1FRElBX0NSRUFURSIsIlJPTEVfQ1JFQVRFIiwiUExBWUxJU1RfQ1JFQVRFIiwiU0NIX0NSRUFURSIsIlVTRVJfVVBEQVRFIiwiUk9MRV9VUERBVEUiLCJQTEFZTElTVF9VUERBVEUiLCJURU1QTEFURV9TSEFSRSIsIlNDSF9ERUxFVEUiLCJQTEFZTElTVF9ERUxFVEUiLCJURU1QTEFURV9DUkVBVEUiLCJTQ0hfVVBEQVRFIiwiREVWSUNFX1VQREFURSIsIlJPTEVfU0hPVyIsIlVTRVJfREVMRVRFIiwiUk9MRV9ERUxFVEUiLCJNRURJQV9VUERBVEUiLCJERVZJQ0VfREVMRVRFIiwiVEVNUExBVEVfU0hPVyIsIk1FRElBX0FQUFJPVkUiLCJVU0VSX1NIT1ciLCJERVZJQ0VfU0hPVyIsIlRFTVBMQVRFX1VQREFURSIsIk1FRElBX0RFTEVURSIsIkRFVklDRV9DUkVBVEUiLCJURU1QTEFURV9ERUxFVEUiLCJTQ0hfU0hPVyIsIlVTRVJfQ1JFQVRFIl0sImV4cCI6MTYxNzI1NjgwMSwiaXNzIjoibG9jYWxob3N0OjkwMDAiLCJhdWQiOiJsb2NhbGhvc3Q6OTAwMCJ9.evMXO4hDG7mjQ4Qhdpa8GEw3qnUB6gUf5hDswy__vWs', '2021-03-31 06:00:01'),
('15721758-cfbc-4822-8791-fb598580a909', 'eyJhbGciOiJIUzI1NiIsInR5cCI6IkpXVCJ9.eyJ1c2VyX2VtYWlsIjoibm9yZXBseUBhbHRhLmNvbS52biIsInVzZXJfaWQiOiIwMDg2MzJmZS1jMjc5LTQ4YzEtYjg5ZS04ODJmZGNiOTllOGYiLCJpc19sZXZlbCI6IjEiLCJncm91cF9pZCI6IiIsImh0dHA6Ly9zY2hlbWFzLm1pY3Jvc29mdC5jb20vd3MvMjAwOC8wNi9pZGVudGl0eS9jbGFpbXMvcm9sZSI6WyJTUF9HUk9VUF9ERUxFVEUiLCJTUF9ERVZJQ0VfU0hPVyIsIlNQX0dST1VQX0NSRUFURSIsIlNQX1JPTEVfU0hPVyIsIlNQX0RFVklDRV9DUkVBVEUiLCJTUF9VU0VSX0NSRUFURSIsIlNQX0RFVklDRV9VUERBVEUiLCJTUF9VU0VSX1VQREFURSIsIlNQX1JPTEVfQ1JFQVRFIiwiU1BfUk9MRV9ERUxFVEUiLCJTUF9HUk9VUF9VUERBVEUiLCJTUF9ST0xFX1VQREFURSIsIlNQX0dST1VQX1NIT1ciLCJTUF9VU0VSX0RFTEVURSIsIlNQX0RFVklDRV9ERUxFVEUiLCJTUF9VU0VSX1NIT1ciXSwiUGVybWlzc2lvbnMiOlsiU1BfR1JPVVBfREVMRVRFIiwiU1BfREVWSUNFX1NIT1ciLCJTUF9HUk9VUF9DUkVBVEUiLCJTUF9ST0xFX1NIT1ciLCJTUF9ERVZJQ0VfQ1JFQVRFIiwiU1BfVVNFUl9DUkVBVEUiLCJTUF9ERVZJQ0VfVVBEQVRFIiwiU1BfVVNFUl9VUERBVEUiLCJTUF9ST0xFX0NSRUFURSIsIlNQX1JPTEVfREVMRVRFIiwiU1BfR1JPVVBfVVBEQVRFIiwiU1BfUk9MRV9VUERBVEUiLCJTUF9HUk9VUF9TSE9XIiwiU1BfVVNFUl9ERUxFVEUiLCJTUF9ERVZJQ0VfREVMRVRFIiwiU1BfVVNFUl9TSE9XIl0sImV4cCI6MTYxNzE2MTUxOCwiaXNzIjoibG9jYWxob3N0OjkwMDAiLCJhdWQiOiJsb2NhbGhvc3Q6OTAwMCJ9.cAGIaIuoQpp0l8jcA7oJHf_87m9l72DUZ6tE2twHHT0', '2021-03-30 03:31:58'),
('19a36f6e-ae34-4c60-a8b5-6f14115efff2', 'eyJhbGciOiJIUzI1NiIsInR5cCI6IkpXVCJ9.eyJ1c2VyX2VtYWlsIjoibHV5ZW4ubGVAYWx0YS5jb20udm4iLCJ1c2VyX2lkIjoiMTVkYWJhNGItODAyNi00OGU0LThmYTYtMDdkMjk0MGUwMjQzIiwiaXNfbGV2ZWwiOiIwIiwiZ3JvdXBfaWQiOiIxNzI2MmVjMS00MjRjLTQ2YmItOTBkMS04ZTI5YWFlMmMyMGYiLCJodHRwOi8vc2NoZW1hcy5taWNyb3NvZnQuY29tL3dzLzIwMDgvMDYvaWRlbnRpdHkvY2xhaW1zL3JvbGUiOlsiREVWSUNFX0RFTEVURSIsIlRFTVBMQVRFX0NSRUFURSIsIkRFVklDRV9DUkVBVEUiLCJVU0VSX0NSRUFURSIsIlJPTEVfREVMRVRFIiwiUk9MRV9TSE9XIiwiTUVESUFfQ1JFQVRFIiwiUk9MRV9DUkVBVEUiLCJTQ0hfQ1JFQVRFIiwiVVNFUl9TSE9XIiwiUk9MRV9VUERBVEUiLCJURU1QTEFURV9ERUxFVEUiLCJQTEFZTElTVF9VUERBVEUiLCJQTEFZTElTVF9DUkVBVEUiLCJVU0VSX0RFTEVURSIsIlNDSF9TSE9XIiwiU0NIX1VQREFURSIsIk1FRElBX0RFTEVURSIsIlNDSF9ERUxFVEUiLCJNRURJQV9BUFBST1ZFIiwiREVWSUNFX1VQREFURSIsIlVTRVJfVVBEQVRFIiwiTUVESUFfVVBEQVRFIiwiVEVNUExBVEVfU0hPVyIsIlRFTVBMQVRFX1VQREFURSIsIlBMQVlMSVNUX0RFTEVURSIsIkRFVklDRV9TSE9XIl0sIlBlcm1pc3Npb25zIjpbIkRFVklDRV9ERUxFVEUiLCJURU1QTEFURV9DUkVBVEUiLCJERVZJQ0VfQ1JFQVRFIiwiVVNFUl9DUkVBVEUiLCJST0xFX0RFTEVURSIsIlJPTEVfU0hPVyIsIk1FRElBX0NSRUFURSIsIlJPTEVfQ1JFQVRFIiwiU0NIX0NSRUFURSIsIlVTRVJfU0hPVyIsIlJPTEVfVVBEQVRFIiwiVEVNUExBVEVfREVMRVRFIiwiUExBWUxJU1RfVVBEQVRFIiwiUExBWUxJU1RfQ1JFQVRFIiwiVVNFUl9ERUxFVEUiLCJTQ0hfU0hPVyIsIlNDSF9VUERBVEUiLCJNRURJQV9ERUxFVEUiLCJTQ0hfREVMRVRFIiwiTUVESUFfQVBQUk9WRSIsIkRFVklDRV9VUERBVEUiLCJVU0VSX1VQREFURSIsIk1FRElBX1VQREFURSIsIlRFTVBMQVRFX1NIT1ciLCJURU1QTEFURV9VUERBVEUiLCJQTEFZTElTVF9ERUxFVEUiLCJERVZJQ0VfU0hPVyJdLCJleHAiOjE2MTcwODE2MzksImlzcyI6ImxvY2FsaG9zdDo5MDAwIiwiYXVkIjoibG9jYWxob3N0OjkwMDAifQ.g6hz-cPc5kXEdQr_v_dDq8H37TSvYJ79x1nphemMZnE', '2021-03-29 05:20:39'),
('1c0025a4-fdc8-4309-b93f-3cf60b008f41', 'eyJhbGciOiJIUzI1NiIsInR5cCI6IkpXVCJ9.eyJ1c2VyX2VtYWlsIjoibm9yZXBseUBhbHRhLmNvbS52biIsInVzZXJfaWQiOiIwMDg2MzJmZS1jMjc5LTQ4YzEtYjg5ZS04ODJmZGNiOTllOGYiLCJpc19sZXZlbCI6IjEiLCJncm91cF9pZCI6IiIsImh0dHA6Ly9zY2hlbWFzLm1pY3Jvc29mdC5jb20vd3MvMjAwOC8wNi9pZGVudGl0eS9jbGFpbXMvcm9sZSI6WyJTUF9HUk9VUF9ERUxFVEUiLCJTUF9ERVZJQ0VfU0hPVyIsIlNQX0dST1VQX0NSRUFURSIsIlNQX1JPTEVfU0hPVyIsIlNQX0RFVklDRV9DUkVBVEUiLCJTUF9VU0VSX0NSRUFURSIsIlNQX0RFVklDRV9VUERBVEUiLCJTUF9VU0VSX1VQREFURSIsIlNQX1JPTEVfQ1JFQVRFIiwiU1BfUk9MRV9ERUxFVEUiLCJTUF9HUk9VUF9VUERBVEUiLCJTUF9ST0xFX1VQREFURSIsIlNQX0dST1VQX1NIT1ciLCJTUF9VU0VSX0RFTEVURSIsIlNQX0RFVklDRV9ERUxFVEUiLCJTUF9VU0VSX1NIT1ciXSwiUGVybWlzc2lvbnMiOlsiU1BfR1JPVVBfREVMRVRFIiwiU1BfREVWSUNFX1NIT1ciLCJTUF9HUk9VUF9DUkVBVEUiLCJTUF9ST0xFX1NIT1ciLCJTUF9ERVZJQ0VfQ1JFQVRFIiwiU1BfVVNFUl9DUkVBVEUiLCJTUF9ERVZJQ0VfVVBEQVRFIiwiU1BfVVNFUl9VUERBVEUiLCJTUF9ST0xFX0NSRUFURSIsIlNQX1JPTEVfREVMRVRFIiwiU1BfR1JPVVBfVVBEQVRFIiwiU1BfUk9MRV9VUERBVEUiLCJTUF9HUk9VUF9TSE9XIiwiU1BfVVNFUl9ERUxFVEUiLCJTUF9ERVZJQ0VfREVMRVRFIiwiU1BfVVNFUl9TSE9XIl0sImV4cCI6MTYxNzI2NDIxMSwiaXNzIjoibG9jYWxob3N0OjkwMDAiLCJhdWQiOiJsb2NhbGhvc3Q6OTAwMCJ9.VC9KvYrIllx8UDIV-7U5tvxkvbv4g1szxEkEvEqb0jw', '2021-03-31 08:03:31'),
('1ca72929-0691-4ecc-bb16-8759e495aa32', 'eyJhbGciOiJIUzI1NiIsInR5cCI6IkpXVCJ9.eyJ1c2VyX2VtYWlsIjoibm9yZXBseUBhbHRhLmNvbS52biIsInVzZXJfaWQiOiIwMDg2MzJmZS1jMjc5LTQ4YzEtYjg5ZS04ODJmZGNiOTllOGYiLCJpc19sZXZlbCI6IjEiLCJncm91cF9pZCI6IiIsImh0dHA6Ly9zY2hlbWFzLm1pY3Jvc29mdC5jb20vd3MvMjAwOC8wNi9pZGVudGl0eS9jbGFpbXMvcm9sZSI6WyJTUF9HUk9VUF9ERUxFVEUiLCJTUF9ERVZJQ0VfU0hPVyIsIlNQX0dST1VQX0NSRUFURSIsIlNQX1JPTEVfU0hPVyIsIlNQX0RFVklDRV9DUkVBVEUiLCJTUF9VU0VSX0NSRUFURSIsIlNQX0RFVklDRV9VUERBVEUiLCJTUF9VU0VSX1VQREFURSIsIlNQX1JPTEVfQ1JFQVRFIiwiU1BfUk9MRV9ERUxFVEUiLCJTUF9HUk9VUF9VUERBVEUiLCJTUF9ST0xFX1VQREFURSIsIlNQX0dST1VQX1NIT1ciLCJTUF9VU0VSX0RFTEVURSIsIlNQX0RFVklDRV9ERUxFVEUiLCJTUF9VU0VSX1NIT1ciXSwiUGVybWlzc2lvbnMiOlsiU1BfR1JPVVBfREVMRVRFIiwiU1BfREVWSUNFX1NIT1ciLCJTUF9HUk9VUF9DUkVBVEUiLCJTUF9ST0xFX1NIT1ciLCJTUF9ERVZJQ0VfQ1JFQVRFIiwiU1BfVVNFUl9DUkVBVEUiLCJTUF9ERVZJQ0VfVVBEQVRFIiwiU1BfVVNFUl9VUERBVEUiLCJTUF9ST0xFX0NSRUFURSIsIlNQX1JPTEVfREVMRVRFIiwiU1BfR1JPVVBfVVBEQVRFIiwiU1BfUk9MRV9VUERBVEUiLCJTUF9HUk9VUF9TSE9XIiwiU1BfVVNFUl9ERUxFVEUiLCJTUF9ERVZJQ0VfREVMRVRFIiwiU1BfVVNFUl9TSE9XIl0sImV4cCI6MTYxNzA3NDc5OCwiaXNzIjoibG9jYWxob3N0OjkwMDAiLCJhdWQiOiJsb2NhbGhvc3Q6OTAwMCJ9.2xXyvwqAamS3qCxn_SreQZz14pLEebqr6WeaOWLVQSs', '2021-03-29 03:26:38'),
('1ddc31c3-9807-445e-899d-3211ca43e55a', 'eyJhbGciOiJIUzI1NiIsInR5cCI6IkpXVCJ9.eyJ1c2VyX2VtYWlsIjoiaHV5MUBnbWFpbC5jb20iLCJ1c2VyX2lkIjoiNjRhOTkzZGItOGRiYy00OTk1LTkyNTktYWFjYjZhMTM4YjI4IiwiaXNfbGV2ZWwiOiIwIiwiZ3JvdXBfaWQiOiJlY2RlZGJjMS01YjkyLTRiNDEtOTkzMS0wZjJmZWQ5ZTk0Y2EiLCJodHRwOi8vc2NoZW1hcy5taWNyb3NvZnQuY29tL3dzLzIwMDgvMDYvaWRlbnRpdHkvY2xhaW1zL3JvbGUiOlsiUk9MRV9ERUxFVEUiLCJVU0VSX1VQREFURSIsIlNDSF9TSE9XIiwiU0NIX0RFTEVURSIsIlBMQVlMSVNUX1VQREFURSIsIlJPTEVfQ1JFQVRFIiwiUExBWUxJU1RfQ1JFQVRFIiwiREVWSUNFX1VQREFURSIsIlRFTVBMQVRFX1VQREFURSIsIkRFVklDRV9ERUxFVEUiLCJQTEFZTElTVF9ERUxFVEUiLCJURU1QTEFURV9DUkVBVEUiLCJURU1QTEFURV9ERUxFVEUiLCJST0xFX1NIT1ciLCJURU1QTEFURV9TSE9XIiwiREVWSUNFX0NSRUFURSIsIlVTRVJfREVMRVRFIiwiVVNFUl9DUkVBVEUiLCJERVZJQ0VfU0hPVyIsIk1FRElBX1VQREFURSIsIk1FRElBX0RFTEVURSIsIlNDSF9DUkVBVEUiLCJTQ0hfVVBEQVRFIiwiTUVESUFfQVBQUk9WRSIsIlJPTEVfVVBEQVRFIiwiVVNFUl9TSE9XIiwiTUVESUFfQ1JFQVRFIl0sIlBlcm1pc3Npb25zIjpbIlJPTEVfREVMRVRFIiwiVVNFUl9VUERBVEUiLCJTQ0hfU0hPVyIsIlNDSF9ERUxFVEUiLCJQTEFZTElTVF9VUERBVEUiLCJST0xFX0NSRUFURSIsIlBMQVlMSVNUX0NSRUFURSIsIkRFVklDRV9VUERBVEUiLCJURU1QTEFURV9VUERBVEUiLCJERVZJQ0VfREVMRVRFIiwiUExBWUxJU1RfREVMRVRFIiwiVEVNUExBVEVfQ1JFQVRFIiwiVEVNUExBVEVfREVMRVRFIiwiUk9MRV9TSE9XIiwiVEVNUExBVEVfU0hPVyIsIkRFVklDRV9DUkVBVEUiLCJVU0VSX0RFTEVURSIsIlVTRVJfQ1JFQVRFIiwiREVWSUNFX1NIT1ciLCJNRURJQV9VUERBVEUiLCJNRURJQV9ERUxFVEUiLCJTQ0hfQ1JFQVRFIiwiU0NIX1VQREFURSIsIk1FRElBX0FQUFJPVkUiLCJST0xFX1VQREFURSIsIlVTRVJfU0hPVyIsIk1FRElBX0NSRUFURSJdLCJleHAiOjE2MTY4NDE2NTQsImlzcyI6ImxvY2FsaG9zdDo5MDAwIiwiYXVkIjoibG9jYWxob3N0OjkwMDAifQ.P6CeecF7kl8qjHKNg5revaENIlL8OgaayLesLdrQczQ', '2021-03-26 10:40:54'),
('1e043a31-898c-4a96-aba4-1d5942ac0a94', 'eyJhbGciOiJIUzI1NiIsInR5cCI6IkpXVCJ9.eyJ1c2VyX2VtYWlsIjoiYUBhbHRhLmNvbSIsInVzZXJfaWQiOiJhMmM1MWM2NS1mZDVjLTQ1ZjItYTY0My1lODQxZGU1Zjc3MjkiLCJpc19sZXZlbCI6IjAiLCJncm91cF9pZCI6ImE0MzllNTg2LTRhYWEtNGMwMC04NTdkLWM5ZTBiNzYwNjQ2ZCIsImh0dHA6Ly9zY2hlbWFzLm1pY3Jvc29mdC5jb20vd3MvMjAwOC8wNi9pZGVudGl0eS9jbGFpbXMvcm9sZSI6WyJURU1QTEFURV9TSE9XIiwiVVNFUl9VUERBVEUiLCJURU1QTEFURV9ERUxFVEUiLCJURU1QTEFURV9DUkVBVEUiLCJTQ0hfU0hPVyIsIlVTRVJfU0hPVyIsIlNDSF9ERUxFVEUiLCJQTEFZTElTVF9VUERBVEUiLCJERVZJQ0VfU0hPVyIsIk1FRElBX1VQREFURSIsIkRFVklDRV9VUERBVEUiLCJQTEFZTElTVF9ERUxFVEUiLCJVU0VSX0NSRUFURSIsIkRFVklDRV9DUkVBVEUiLCJNRURJQV9BUFBST1ZFIiwiVVNFUl9ERUxFVEUiLCJTQ0hfVVBEQVRFIiwiU0NIX0NSRUFURSIsIlBMQVlMSVNUX0NSRUFURSIsIlRFTVBMQVRFX1VQREFURSIsIk1FRElBX0NSRUFURSIsIk1FRElBX0RFTEVURSIsIkRFVklDRV9ERUxFVEUiXSwiUGVybWlzc2lvbnMiOlsiVEVNUExBVEVfU0hPVyIsIlVTRVJfVVBEQVRFIiwiVEVNUExBVEVfREVMRVRFIiwiVEVNUExBVEVfQ1JFQVRFIiwiU0NIX1NIT1ciLCJVU0VSX1NIT1ciLCJTQ0hfREVMRVRFIiwiUExBWUxJU1RfVVBEQVRFIiwiREVWSUNFX1NIT1ciLCJNRURJQV9VUERBVEUiLCJERVZJQ0VfVVBEQVRFIiwiUExBWUxJU1RfREVMRVRFIiwiVVNFUl9DUkVBVEUiLCJERVZJQ0VfQ1JFQVRFIiwiTUVESUFfQVBQUk9WRSIsIlVTRVJfREVMRVRFIiwiU0NIX1VQREFURSIsIlNDSF9DUkVBVEUiLCJQTEFZTElTVF9DUkVBVEUiLCJURU1QTEFURV9VUERBVEUiLCJNRURJQV9DUkVBVEUiLCJNRURJQV9ERUxFVEUiLCJERVZJQ0VfREVMRVRFIl0sImV4cCI6MTYxNjgzMzYyNywiaXNzIjoibG9jYWxob3N0OjkwMDAiLCJhdWQiOiJsb2NhbGhvc3Q6OTAwMCJ9.lIsuxh580wcrMHyP73_sCpETMn4DUbRoVvB8NeJ7fFc', '2021-03-26 08:27:07'),
('1f487edd-6bda-4d2f-b315-f41f35355247', 'eyJhbGciOiJIUzI1NiIsInR5cCI6IkpXVCJ9.eyJ1c2VyX2VtYWlsIjoibm9yZXBseUBhbHRhLmNvbS52biIsInVzZXJfaWQiOiIwMDg2MzJmZS1jMjc5LTQ4YzEtYjg5ZS04ODJmZGNiOTllOGYiLCJpc19sZXZlbCI6IjEiLCJncm91cF9pZCI6IiIsImh0dHA6Ly9zY2hlbWFzLm1pY3Jvc29mdC5jb20vd3MvMjAwOC8wNi9pZGVudGl0eS9jbGFpbXMvcm9sZSI6WyJTUF9HUk9VUF9ERUxFVEUiLCJTUF9ERVZJQ0VfU0hPVyIsIlNQX0dST1VQX0NSRUFURSIsIlNQX1JPTEVfU0hPVyIsIlNQX0RFVklDRV9DUkVBVEUiLCJTUF9VU0VSX0NSRUFURSIsIlNQX0RFVklDRV9VUERBVEUiLCJTUF9VU0VSX1VQREFURSIsIlNQX1JPTEVfQ1JFQVRFIiwiU1BfUk9MRV9ERUxFVEUiLCJTUF9HUk9VUF9VUERBVEUiLCJTUF9ST0xFX1VQREFURSIsIlNQX0dST1VQX1NIT1ciLCJTUF9VU0VSX0RFTEVURSIsIlNQX0RFVklDRV9ERUxFVEUiLCJTUF9VU0VSX1NIT1ciXSwiUGVybWlzc2lvbnMiOlsiU1BfR1JPVVBfREVMRVRFIiwiU1BfREVWSUNFX1NIT1ciLCJTUF9HUk9VUF9DUkVBVEUiLCJTUF9ST0xFX1NIT1ciLCJTUF9ERVZJQ0VfQ1JFQVRFIiwiU1BfVVNFUl9DUkVBVEUiLCJTUF9ERVZJQ0VfVVBEQVRFIiwiU1BfVVNFUl9VUERBVEUiLCJTUF9ST0xFX0NSRUFURSIsIlNQX1JPTEVfREVMRVRFIiwiU1BfR1JPVVBfVVBEQVRFIiwiU1BfUk9MRV9VUERBVEUiLCJTUF9HUk9VUF9TSE9XIiwiU1BfVVNFUl9ERUxFVEUiLCJTUF9ERVZJQ0VfREVMRVRFIiwiU1BfVVNFUl9TSE9XIl0sImV4cCI6MTYxNzA3MzQzNCwiaXNzIjoibG9jYWxob3N0OjkwMDAiLCJhdWQiOiJsb2NhbGhvc3Q6OTAwMCJ9.rpH55_jvUU4GhV7Ped5QfJ67dSBGBDa-_JZijMQ-GL0', '2021-03-29 03:03:54'),
('270aa384-295f-4ff2-ad25-1ecdd18added', 'eyJhbGciOiJIUzI1NiIsInR5cCI6IkpXVCJ9.eyJ1c2VyX2VtYWlsIjoidGhpZW4udnVAYWx0YS5jb20udm4iLCJ1c2VyX2lkIjoiYmIwOTIyMDQtNDQ1ZS00N2FmLTliZmYtODEyNTM3MDIwMTM2IiwiaXNfbGV2ZWwiOiIwIiwiZ3JvdXBfaWQiOiI3MDcyNzg4ZC05YTBlLTQwMTUtYjRiMi01NjFiNDQxZDkxNTAiLCJodHRwOi8vc2NoZW1hcy5taWNyb3NvZnQuY29tL3dzLzIwMDgvMDYvaWRlbnRpdHkvY2xhaW1zL3JvbGUiOlsiREVWSUNFX0NSRUFURSIsIkRFVklDRV9VUERBVEUiLCJURU1QTEFURV9VUERBVEUiLCJTQ0hfU0hPVyIsIlJPTEVfU0hPVyIsIlRFTVBMQVRFX1NIT1ciLCJNRURJQV9ERUxFVEUiLCJTQ0hfVVBEQVRFIiwiU0NIX0NSRUFURSIsIlJPTEVfREVMRVRFIiwiVVNFUl9ERUxFVEUiLCJTQ0hfREVMRVRFIiwiTUVESUFfQVBQUk9WRSIsIlVTRVJfQ1JFQVRFIiwiUk9MRV9DUkVBVEUiLCJQTEFZTElTVF9ERUxFVEUiLCJVU0VSX1VQREFURSIsIlRFTVBMQVRFX0RFTEVURSIsIkRFVklDRV9ERUxFVEUiLCJNRURJQV9DUkVBVEUiLCJST0xFX1VQREFURSIsIlRFTVBMQVRFX0NSRUFURSIsIkRFVklDRV9TSE9XIiwiUExBWUxJU1RfQ1JFQVRFIiwiVVNFUl9TSE9XIiwiUExBWUxJU1RfVVBEQVRFIiwiTUVESUFfVVBEQVRFIl0sIlBlcm1pc3Npb25zIjpbIkRFVklDRV9DUkVBVEUiLCJERVZJQ0VfVVBEQVRFIiwiVEVNUExBVEVfVVBEQVRFIiwiU0NIX1NIT1ciLCJST0xFX1NIT1ciLCJURU1QTEFURV9TSE9XIiwiTUVESUFfREVMRVRFIiwiU0NIX1VQREFURSIsIlNDSF9DUkVBVEUiLCJST0xFX0RFTEVURSIsIlVTRVJfREVMRVRFIiwiU0NIX0RFTEVURSIsIk1FRElBX0FQUFJPVkUiLCJVU0VSX0NSRUFURSIsIlJPTEVfQ1JFQVRFIiwiUExBWUxJU1RfREVMRVRFIiwiVVNFUl9VUERBVEUiLCJURU1QTEFURV9ERUxFVEUiLCJERVZJQ0VfREVMRVRFIiwiTUVESUFfQ1JFQVRFIiwiUk9MRV9VUERBVEUiLCJURU1QTEFURV9DUkVBVEUiLCJERVZJQ0VfU0hPVyIsIlBMQVlMSVNUX0NSRUFURSIsIlVTRVJfU0hPVyIsIlBMQVlMSVNUX1VQREFURSIsIk1FRElBX1VQREFURSJdLCJleHAiOjE2MTcwNjk5NjQsImlzcyI6ImxvY2FsaG9zdDo5MDAwIiwiYXVkIjoibG9jYWxob3N0OjkwMDAifQ.ayHIIqpbO1sFKj0G1X_D_B_McJqvNPB-SQ02C2Xuzms', '2021-03-29 02:06:04'),
('294f7d91-e4bd-4535-8905-e60c8528e6ba', 'eyJhbGciOiJIUzI1NiIsInR5cCI6IkpXVCJ9.eyJ1c2VyX2VtYWlsIjoibm9yZXBseUBhbHRhLmNvbS52biIsInVzZXJfaWQiOiIwMDg2MzJmZS1jMjc5LTQ4YzEtYjg5ZS04ODJmZGNiOTllOGYiLCJpc19sZXZlbCI6IjEiLCJncm91cF9pZCI6IiIsImh0dHA6Ly9zY2hlbWFzLm1pY3Jvc29mdC5jb20vd3MvMjAwOC8wNi9pZGVudGl0eS9jbGFpbXMvcm9sZSI6WyJTUF9HUk9VUF9ERUxFVEUiLCJTUF9ERVZJQ0VfU0hPVyIsIlNQX0dST1VQX0NSRUFURSIsIlNQX1JPTEVfU0hPVyIsIlNQX0RFVklDRV9DUkVBVEUiLCJTUF9VU0VSX0NSRUFURSIsIlNQX0RFVklDRV9VUERBVEUiLCJTUF9VU0VSX1VQREFURSIsIlNQX1JPTEVfQ1JFQVRFIiwiU1BfUk9MRV9ERUxFVEUiLCJTUF9HUk9VUF9VUERBVEUiLCJTUF9ST0xFX1VQREFURSIsIlNQX0dST1VQX1NIT1ciLCJTUF9VU0VSX0RFTEVURSIsIlNQX0RFVklDRV9ERUxFVEUiLCJTUF9VU0VSX1NIT1ciXSwiUGVybWlzc2lvbnMiOlsiU1BfR1JPVVBfREVMRVRFIiwiU1BfREVWSUNFX1NIT1ciLCJTUF9HUk9VUF9DUkVBVEUiLCJTUF9ST0xFX1NIT1ciLCJTUF9ERVZJQ0VfQ1JFQVRFIiwiU1BfVVNFUl9DUkVBVEUiLCJTUF9ERVZJQ0VfVVBEQVRFIiwiU1BfVVNFUl9VUERBVEUiLCJTUF9ST0xFX0NSRUFURSIsIlNQX1JPTEVfREVMRVRFIiwiU1BfR1JPVVBfVVBEQVRFIiwiU1BfUk9MRV9VUERBVEUiLCJTUF9HUk9VUF9TSE9XIiwiU1BfVVNFUl9ERUxFVEUiLCJTUF9ERVZJQ0VfREVMRVRFIiwiU1BfVVNFUl9TSE9XIl0sImV4cCI6MTYxNjgzMzIyNywiaXNzIjoibG9jYWxob3N0OjkwMDAiLCJhdWQiOiJsb2NhbGhvc3Q6OTAwMCJ9.sMMjCbdvEUeoOYn37v_0eZ2Ny5hl673H15wDuPhNRX0', '2021-03-26 08:20:27'),
('2c1a6241-7093-4ff0-bda4-32daa71742b3', 'eyJhbGciOiJIUzI1NiIsInR5cCI6IkpXVCJ9.eyJ1c2VyX2VtYWlsIjoidG9pLmh1eW5oQGFsdGEuY29tLnZuIiwidXNlcl9pZCI6IjIyM2NmZTRlLWJlNGUtNDYwNy1iZDQyLTQ4NDRmMzI1Nzg2MSIsImlzX2xldmVsIjoiMCIsImdyb3VwX2lkIjoiMTcyNjJlYzEtNDI0Yy00NmJiLTkwZDEtOGUyOWFhZTJjMjBmIiwiaHR0cDovL3NjaGVtYXMubWljcm9zb2Z0LmNvbS93cy8yMDA4LzA2L2lkZW50aXR5L2NsYWltcy9yb2xlIjpbIk1FRElBX0NSRUFURSIsIlJPTEVfQ1JFQVRFIiwiUExBWUxJU1RfQ1JFQVRFIiwiU0NIX0NSRUFURSIsIlVTRVJfVVBEQVRFIiwiUk9MRV9VUERBVEUiLCJQTEFZTElTVF9VUERBVEUiLCJURU1QTEFURV9TSEFSRSIsIlNDSF9ERUxFVEUiLCJQTEFZTElTVF9ERUxFVEUiLCJURU1QTEFURV9DUkVBVEUiLCJTQ0hfVVBEQVRFIiwiREVWSUNFX1VQREFURSIsIlJPTEVfU0hPVyIsIlVTRVJfREVMRVRFIiwiUk9MRV9ERUxFVEUiLCJNRURJQV9VUERBVEUiLCJERVZJQ0VfREVMRVRFIiwiVEVNUExBVEVfU0hPVyIsIk1FRElBX0FQUFJPVkUiLCJVU0VSX1NIT1ciLCJERVZJQ0VfU0hPVyIsIlRFTVBMQVRFX1VQREFURSIsIk1FRElBX0RFTEVURSIsIkRFVklDRV9DUkVBVEUiLCJURU1QTEFURV9ERUxFVEUiLCJTQ0hfU0hPVyIsIlVTRVJfQ1JFQVRFIl0sIlBlcm1pc3Npb25zIjpbIk1FRElBX0NSRUFURSIsIlJPTEVfQ1JFQVRFIiwiUExBWUxJU1RfQ1JFQVRFIiwiU0NIX0NSRUFURSIsIlVTRVJfVVBEQVRFIiwiUk9MRV9VUERBVEUiLCJQTEFZTElTVF9VUERBVEUiLCJURU1QTEFURV9TSEFSRSIsIlNDSF9ERUxFVEUiLCJQTEFZTElTVF9ERUxFVEUiLCJURU1QTEFURV9DUkVBVEUiLCJTQ0hfVVBEQVRFIiwiREVWSUNFX1VQREFURSIsIlJPTEVfU0hPVyIsIlVTRVJfREVMRVRFIiwiUk9MRV9ERUxFVEUiLCJNRURJQV9VUERBVEUiLCJERVZJQ0VfREVMRVRFIiwiVEVNUExBVEVfU0hPVyIsIk1FRElBX0FQUFJPVkUiLCJVU0VSX1NIT1ciLCJERVZJQ0VfU0hPVyIsIlRFTVBMQVRFX1VQREFURSIsIk1FRElBX0RFTEVURSIsIkRFVklDRV9DUkVBVEUiLCJURU1QTEFURV9ERUxFVEUiLCJTQ0hfU0hPVyIsIlVTRVJfQ1JFQVRFIl0sImV4cCI6MTYxNzE4NjAxOSwiaXNzIjoibG9jYWxob3N0OjkwMDAiLCJhdWQiOiJsb2NhbGhvc3Q6OTAwMCJ9.Llc046NSorwa2Nx2GWLkFBOACboCbh5CMvIhQJq1LxY', '2021-03-30 10:20:19'),
('2f846525-eb41-4c61-9a13-fba4f70b9c13', 'eyJhbGciOiJIUzI1NiIsInR5cCI6IkpXVCJ9.eyJ1c2VyX2VtYWlsIjoiaHV5MUBnbWFpbC5jb20iLCJ1c2VyX2lkIjoiNjRhOTkzZGItOGRiYy00OTk1LTkyNTktYWFjYjZhMTM4YjI4IiwiaXNfbGV2ZWwiOiIwIiwiZ3JvdXBfaWQiOiJlY2RlZGJjMS01YjkyLTRiNDEtOTkzMS0wZjJmZWQ5ZTk0Y2EiLCJodHRwOi8vc2NoZW1hcy5taWNyb3NvZnQuY29tL3dzLzIwMDgvMDYvaWRlbnRpdHkvY2xhaW1zL3JvbGUiOlsiUk9MRV9ERUxFVEUiLCJVU0VSX1VQREFURSIsIlNDSF9TSE9XIiwiU0NIX0RFTEVURSIsIlBMQVlMSVNUX1VQREFURSIsIlJPTEVfQ1JFQVRFIiwiUExBWUxJU1RfQ1JFQVRFIiwiREVWSUNFX1VQREFURSIsIlRFTVBMQVRFX1VQREFURSIsIkRFVklDRV9ERUxFVEUiLCJQTEFZTElTVF9ERUxFVEUiLCJURU1QTEFURV9DUkVBVEUiLCJURU1QTEFURV9ERUxFVEUiLCJST0xFX1NIT1ciLCJURU1QTEFURV9TSE9XIiwiREVWSUNFX0NSRUFURSIsIlVTRVJfREVMRVRFIiwiVVNFUl9DUkVBVEUiLCJERVZJQ0VfU0hPVyIsIk1FRElBX1VQREFURSIsIk1FRElBX0RFTEVURSIsIlNDSF9DUkVBVEUiLCJTQ0hfVVBEQVRFIiwiTUVESUFfQVBQUk9WRSIsIlJPTEVfVVBEQVRFIiwiVVNFUl9TSE9XIiwiTUVESUFfQ1JFQVRFIl0sIlBlcm1pc3Npb25zIjpbIlJPTEVfREVMRVRFIiwiVVNFUl9VUERBVEUiLCJTQ0hfU0hPVyIsIlNDSF9ERUxFVEUiLCJQTEFZTElTVF9VUERBVEUiLCJST0xFX0NSRUFURSIsIlBMQVlMSVNUX0NSRUFURSIsIkRFVklDRV9VUERBVEUiLCJURU1QTEFURV9VUERBVEUiLCJERVZJQ0VfREVMRVRFIiwiUExBWUxJU1RfREVMRVRFIiwiVEVNUExBVEVfQ1JFQVRFIiwiVEVNUExBVEVfREVMRVRFIiwiUk9MRV9TSE9XIiwiVEVNUExBVEVfU0hPVyIsIkRFVklDRV9DUkVBVEUiLCJVU0VSX0RFTEVURSIsIlVTRVJfQ1JFQVRFIiwiREVWSUNFX1NIT1ciLCJNRURJQV9VUERBVEUiLCJNRURJQV9ERUxFVEUiLCJTQ0hfQ1JFQVRFIiwiU0NIX1VQREFURSIsIk1FRElBX0FQUFJPVkUiLCJST0xFX1VQREFURSIsIlVTRVJfU0hPVyIsIk1FRElBX0NSRUFURSJdLCJleHAiOjE2MTcyNjM0MDcsImlzcyI6ImxvY2FsaG9zdDo5MDAwIiwiYXVkIjoibG9jYWxob3N0OjkwMDAifQ.KfdcuY0ikLl5Kan6mrhaFjMd2Ivcw2L5zT8yxNqJpyU', '2021-03-31 07:50:07'),
('30ceff9e-9722-4852-b9b9-3d8ae034abbf', 'eyJhbGciOiJIUzI1NiIsInR5cCI6IkpXVCJ9.eyJ1c2VyX2VtYWlsIjoibHV5ZW4ubGVAYWx0YS5jb20udm4iLCJ1c2VyX2lkIjoiMTVkYWJhNGItODAyNi00OGU0LThmYTYtMDdkMjk0MGUwMjQzIiwiaXNfbGV2ZWwiOiIwIiwiZ3JvdXBfaWQiOiIxNzI2MmVjMS00MjRjLTQ2YmItOTBkMS04ZTI5YWFlMmMyMGYiLCJodHRwOi8vc2NoZW1hcy5taWNyb3NvZnQuY29tL3dzLzIwMDgvMDYvaWRlbnRpdHkvY2xhaW1zL3JvbGUiOlsiREVWSUNFX0RFTEVURSIsIlRFTVBMQVRFX0NSRUFURSIsIkRFVklDRV9DUkVBVEUiLCJVU0VSX0NSRUFURSIsIlJPTEVfREVMRVRFIiwiUk9MRV9TSE9XIiwiTUVESUFfQ1JFQVRFIiwiUk9MRV9DUkVBVEUiLCJTQ0hfQ1JFQVRFIiwiVVNFUl9TSE9XIiwiUk9MRV9VUERBVEUiLCJURU1QTEFURV9ERUxFVEUiLCJQTEFZTElTVF9VUERBVEUiLCJQTEFZTElTVF9DUkVBVEUiLCJVU0VSX0RFTEVURSIsIlNDSF9TSE9XIiwiU0NIX1VQREFURSIsIk1FRElBX0RFTEVURSIsIlNDSF9ERUxFVEUiLCJNRURJQV9BUFBST1ZFIiwiREVWSUNFX1VQREFURSIsIlVTRVJfVVBEQVRFIiwiTUVESUFfVVBEQVRFIiwiVEVNUExBVEVfU0hPVyIsIlRFTVBMQVRFX1VQREFURSIsIlBMQVlMSVNUX0RFTEVURSIsIkRFVklDRV9TSE9XIl0sIlBlcm1pc3Npb25zIjpbIkRFVklDRV9ERUxFVEUiLCJURU1QTEFURV9DUkVBVEUiLCJERVZJQ0VfQ1JFQVRFIiwiVVNFUl9DUkVBVEUiLCJST0xFX0RFTEVURSIsIlJPTEVfU0hPVyIsIk1FRElBX0NSRUFURSIsIlJPTEVfQ1JFQVRFIiwiU0NIX0NSRUFURSIsIlVTRVJfU0hPVyIsIlJPTEVfVVBEQVRFIiwiVEVNUExBVEVfREVMRVRFIiwiUExBWUxJU1RfVVBEQVRFIiwiUExBWUxJU1RfQ1JFQVRFIiwiVVNFUl9ERUxFVEUiLCJTQ0hfU0hPVyIsIlNDSF9VUERBVEUiLCJNRURJQV9ERUxFVEUiLCJTQ0hfREVMRVRFIiwiTUVESUFfQVBQUk9WRSIsIkRFVklDRV9VUERBVEUiLCJVU0VSX1VQREFURSIsIk1FRElBX1VQREFURSIsIlRFTVBMQVRFX1NIT1ciLCJURU1QTEFURV9VUERBVEUiLCJQTEFZTElTVF9ERUxFVEUiLCJERVZJQ0VfU0hPVyJdLCJleHAiOjE2MTcyNTA5MzUsImlzcyI6ImxvY2FsaG9zdDo5MDAwIiwiYXVkIjoibG9jYWxob3N0OjkwMDAifQ.bN1U3VNCBSy8wQglCfYKKMlBZ3_KdpRS34wJvYqB2_o', '2021-03-31 04:22:15'),
('31763a00-84d1-47ac-b2f8-681e89a25622', 'eyJhbGciOiJIUzI1NiIsInR5cCI6IkpXVCJ9.eyJ1c2VyX2VtYWlsIjoibm9yZXBseUBhbHRhLmNvbS52biIsInVzZXJfaWQiOiIwMDg2MzJmZS1jMjc5LTQ4YzEtYjg5ZS04ODJmZGNiOTllOGYiLCJpc19sZXZlbCI6IjEiLCJncm91cF9pZCI6IiIsImh0dHA6Ly9zY2hlbWFzLm1pY3Jvc29mdC5jb20vd3MvMjAwOC8wNi9pZGVudGl0eS9jbGFpbXMvcm9sZSI6WyJTUF9HUk9VUF9ERUxFVEUiLCJTUF9ERVZJQ0VfU0hPVyIsIlNQX0dST1VQX0NSRUFURSIsIlNQX1JPTEVfU0hPVyIsIlNQX0RFVklDRV9DUkVBVEUiLCJTUF9VU0VSX0NSRUFURSIsIlNQX0RFVklDRV9VUERBVEUiLCJTUF9VU0VSX1VQREFURSIsIlNQX1JPTEVfQ1JFQVRFIiwiU1BfUk9MRV9ERUxFVEUiLCJTUF9HUk9VUF9VUERBVEUiLCJTUF9ST0xFX1VQREFURSIsIlNQX0dST1VQX1NIT1ciLCJTUF9VU0VSX0RFTEVURSIsIlNQX0RFVklDRV9ERUxFVEUiLCJTUF9VU0VSX1NIT1ciXSwiUGVybWlzc2lvbnMiOlsiU1BfR1JPVVBfREVMRVRFIiwiU1BfREVWSUNFX1NIT1ciLCJTUF9HUk9VUF9DUkVBVEUiLCJTUF9ST0xFX1NIT1ciLCJTUF9ERVZJQ0VfQ1JFQVRFIiwiU1BfVVNFUl9DUkVBVEUiLCJTUF9ERVZJQ0VfVVBEQVRFIiwiU1BfVVNFUl9VUERBVEUiLCJTUF9ST0xFX0NSRUFURSIsIlNQX1JPTEVfREVMRVRFIiwiU1BfR1JPVVBfVVBEQVRFIiwiU1BfUk9MRV9VUERBVEUiLCJTUF9HUk9VUF9TSE9XIiwiU1BfVVNFUl9ERUxFVEUiLCJTUF9ERVZJQ0VfREVMRVRFIiwiU1BfVVNFUl9TSE9XIl0sImV4cCI6MTYxNjgzMjY3OSwiaXNzIjoibG9jYWxob3N0OjkwMDAiLCJhdWQiOiJsb2NhbGhvc3Q6OTAwMCJ9.B3ipCzajzwMZGB3i0yk0QvNka9bmfJmNlEdKMlWyRx4', '2021-03-26 08:11:19'),
('33838580-8cc8-4876-9227-ddd59e2786df', 'eyJhbGciOiJIUzI1NiIsInR5cCI6IkpXVCJ9.eyJ1c2VyX2VtYWlsIjoibm9yZXBseUBhbHRhLmNvbS52biIsInVzZXJfaWQiOiIwMDg2MzJmZS1jMjc5LTQ4YzEtYjg5ZS04ODJmZGNiOTllOGYiLCJpc19sZXZlbCI6IjEiLCJncm91cF9pZCI6IiIsImh0dHA6Ly9zY2hlbWFzLm1pY3Jvc29mdC5jb20vd3MvMjAwOC8wNi9pZGVudGl0eS9jbGFpbXMvcm9sZSI6WyJTUF9HUk9VUF9ERUxFVEUiLCJTUF9ERVZJQ0VfU0hPVyIsIlNQX0dST1VQX0NSRUFURSIsIlNQX1JPTEVfU0hPVyIsIlNQX0RFVklDRV9DUkVBVEUiLCJTUF9VU0VSX0NSRUFURSIsIlNQX0RFVklDRV9VUERBVEUiLCJTUF9VU0VSX1VQREFURSIsIlNQX1JPTEVfQ1JFQVRFIiwiU1BfUk9MRV9ERUxFVEUiLCJTUF9HUk9VUF9VUERBVEUiLCJTUF9ST0xFX1VQREFURSIsIlNQX0dST1VQX1NIT1ciLCJTUF9VU0VSX0RFTEVURSIsIlNQX0RFVklDRV9ERUxFVEUiLCJTUF9VU0VSX1NIT1ciXSwiUGVybWlzc2lvbnMiOlsiU1BfR1JPVVBfREVMRVRFIiwiU1BfREVWSUNFX1NIT1ciLCJTUF9HUk9VUF9DUkVBVEUiLCJTUF9ST0xFX1NIT1ciLCJTUF9ERVZJQ0VfQ1JFQVRFIiwiU1BfVVNFUl9DUkVBVEUiLCJTUF9ERVZJQ0VfVVBEQVRFIiwiU1BfVVNFUl9VUERBVEUiLCJTUF9ST0xFX0NSRUFURSIsIlNQX1JPTEVfREVMRVRFIiwiU1BfR1JPVVBfVVBEQVRFIiwiU1BfUk9MRV9VUERBVEUiLCJTUF9HUk9VUF9TSE9XIiwiU1BfVVNFUl9ERUxFVEUiLCJTUF9ERVZJQ0VfREVMRVRFIiwiU1BfVVNFUl9TSE9XIl0sImV4cCI6MTYxNjg0MTE4MSwiaXNzIjoibG9jYWxob3N0OjkwMDAiLCJhdWQiOiJsb2NhbGhvc3Q6OTAwMCJ9._xxF36Nhju_58inicscECt1yfkzwmbRrehO9UC8Xq_k', '2021-03-26 10:33:01'),
('33c11aee-3cf4-4a49-85ad-b34316c92883', 'eyJhbGciOiJIUzI1NiIsInR5cCI6IkpXVCJ9.eyJ1c2VyX2VtYWlsIjoiaHV5MUBnbWFpbC5jb20iLCJ1c2VyX2lkIjoiNjRhOTkzZGItOGRiYy00OTk1LTkyNTktYWFjYjZhMTM4YjI4IiwiaXNfbGV2ZWwiOiIwIiwiZ3JvdXBfaWQiOiJlY2RlZGJjMS01YjkyLTRiNDEtOTkzMS0wZjJmZWQ5ZTk0Y2EiLCJodHRwOi8vc2NoZW1hcy5taWNyb3NvZnQuY29tL3dzLzIwMDgvMDYvaWRlbnRpdHkvY2xhaW1zL3JvbGUiOlsiUk9MRV9ERUxFVEUiLCJVU0VSX1VQREFURSIsIlNDSF9TSE9XIiwiU0NIX0RFTEVURSIsIlBMQVlMSVNUX1VQREFURSIsIlJPTEVfQ1JFQVRFIiwiUExBWUxJU1RfQ1JFQVRFIiwiREVWSUNFX1VQREFURSIsIlRFTVBMQVRFX1VQREFURSIsIkRFVklDRV9ERUxFVEUiLCJQTEFZTElTVF9ERUxFVEUiLCJURU1QTEFURV9DUkVBVEUiLCJURU1QTEFURV9ERUxFVEUiLCJST0xFX1NIT1ciLCJURU1QTEFURV9TSE9XIiwiREVWSUNFX0NSRUFURSIsIlVTRVJfREVMRVRFIiwiVVNFUl9DUkVBVEUiLCJERVZJQ0VfU0hPVyIsIk1FRElBX1VQREFURSIsIk1FRElBX0RFTEVURSIsIlNDSF9DUkVBVEUiLCJTQ0hfVVBEQVRFIiwiTUVESUFfQVBQUk9WRSIsIlJPTEVfVVBEQVRFIiwiVVNFUl9TSE9XIiwiTUVESUFfQ1JFQVRFIl0sIlBlcm1pc3Npb25zIjpbIlJPTEVfREVMRVRFIiwiVVNFUl9VUERBVEUiLCJTQ0hfU0hPVyIsIlNDSF9ERUxFVEUiLCJQTEFZTElTVF9VUERBVEUiLCJST0xFX0NSRUFURSIsIlBMQVlMSVNUX0NSRUFURSIsIkRFVklDRV9VUERBVEUiLCJURU1QTEFURV9VUERBVEUiLCJERVZJQ0VfREVMRVRFIiwiUExBWUxJU1RfREVMRVRFIiwiVEVNUExBVEVfQ1JFQVRFIiwiVEVNUExBVEVfREVMRVRFIiwiUk9MRV9TSE9XIiwiVEVNUExBVEVfU0hPVyIsIkRFVklDRV9DUkVBVEUiLCJVU0VSX0RFTEVURSIsIlVTRVJfQ1JFQVRFIiwiREVWSUNFX1NIT1ciLCJNRURJQV9VUERBVEUiLCJNRURJQV9ERUxFVEUiLCJTQ0hfQ1JFQVRFIiwiU0NIX1VQREFURSIsIk1FRElBX0FQUFJPVkUiLCJST0xFX1VQREFURSIsIlVTRVJfU0hPVyIsIk1FRElBX0NSRUFURSJdLCJleHAiOjE2MTY4NDI4MTcsImlzcyI6ImxvY2FsaG9zdDo5MDAwIiwiYXVkIjoibG9jYWxob3N0OjkwMDAifQ.4WbIHIJsRd2EvyZLsB0I-GCWIKTHhWDTkon5wtdnM50', '2021-03-26 11:00:17'),
('3a50ee50-451e-482b-86d0-cdd0c3094efa', 'eyJhbGciOiJIUzI1NiIsInR5cCI6IkpXVCJ9.eyJ1c2VyX2VtYWlsIjoibHV5ZW4ubGVAYWx0YS5jb20udm4iLCJ1c2VyX2lkIjoiMTVkYWJhNGItODAyNi00OGU0LThmYTYtMDdkMjk0MGUwMjQzIiwiaXNfbGV2ZWwiOiIwIiwiZ3JvdXBfaWQiOiIxNzI2MmVjMS00MjRjLTQ2YmItOTBkMS04ZTI5YWFlMmMyMGYiLCJodHRwOi8vc2NoZW1hcy5taWNyb3NvZnQuY29tL3dzLzIwMDgvMDYvaWRlbnRpdHkvY2xhaW1zL3JvbGUiOlsiREVWSUNFX0RFTEVURSIsIlRFTVBMQVRFX0NSRUFURSIsIkRFVklDRV9DUkVBVEUiLCJVU0VSX0NSRUFURSIsIlJPTEVfREVMRVRFIiwiUk9MRV9TSE9XIiwiTUVESUFfQ1JFQVRFIiwiUk9MRV9DUkVBVEUiLCJTQ0hfQ1JFQVRFIiwiVVNFUl9TSE9XIiwiUk9MRV9VUERBVEUiLCJURU1QTEFURV9ERUxFVEUiLCJQTEFZTElTVF9VUERBVEUiLCJQTEFZTElTVF9DUkVBVEUiLCJVU0VSX0RFTEVURSIsIlNDSF9TSE9XIiwiU0NIX1VQREFURSIsIk1FRElBX0RFTEVURSIsIlNDSF9ERUxFVEUiLCJNRURJQV9BUFBST1ZFIiwiREVWSUNFX1VQREFURSIsIlVTRVJfVVBEQVRFIiwiTUVESUFfVVBEQVRFIiwiVEVNUExBVEVfU0hPVyIsIlRFTVBMQVRFX1VQREFURSIsIlBMQVlMSVNUX0RFTEVURSIsIkRFVklDRV9TSE9XIl0sIlBlcm1pc3Npb25zIjpbIkRFVklDRV9ERUxFVEUiLCJURU1QTEFURV9DUkVBVEUiLCJERVZJQ0VfQ1JFQVRFIiwiVVNFUl9DUkVBVEUiLCJST0xFX0RFTEVURSIsIlJPTEVfU0hPVyIsIk1FRElBX0NSRUFURSIsIlJPTEVfQ1JFQVRFIiwiU0NIX0NSRUFURSIsIlVTRVJfU0hPVyIsIlJPTEVfVVBEQVRFIiwiVEVNUExBVEVfREVMRVRFIiwiUExBWUxJU1RfVVBEQVRFIiwiUExBWUxJU1RfQ1JFQVRFIiwiVVNFUl9ERUxFVEUiLCJTQ0hfU0hPVyIsIlNDSF9VUERBVEUiLCJNRURJQV9ERUxFVEUiLCJTQ0hfREVMRVRFIiwiTUVESUFfQVBQUk9WRSIsIkRFVklDRV9VUERBVEUiLCJVU0VSX1VQREFURSIsIk1FRElBX1VQREFURSIsIlRFTVBMQVRFX1NIT1ciLCJURU1QTEFURV9VUERBVEUiLCJQTEFZTElTVF9ERUxFVEUiLCJERVZJQ0VfU0hPVyJdLCJleHAiOjE2MTcyNTgwMzksImlzcyI6ImxvY2FsaG9zdDo5MDAwIiwiYXVkIjoibG9jYWxob3N0OjkwMDAifQ.FEfxbGvHn2DsOvO1znhBiMjcchhH1IPyB7UMjFL-GG0', '2021-03-31 06:20:39'),
('3ae8531e-7651-42d2-9db7-9f944cdd52e4', 'eyJhbGciOiJIUzI1NiIsInR5cCI6IkpXVCJ9.eyJ1c2VyX2VtYWlsIjoiaHV5MUBnbWFpbC5jb20iLCJ1c2VyX2lkIjoiNjRhOTkzZGItOGRiYy00OTk1LTkyNTktYWFjYjZhMTM4YjI4IiwiaXNfbGV2ZWwiOiIwIiwiZ3JvdXBfaWQiOiJlY2RlZGJjMS01YjkyLTRiNDEtOTkzMS0wZjJmZWQ5ZTk0Y2EiLCJodHRwOi8vc2NoZW1hcy5taWNyb3NvZnQuY29tL3dzLzIwMDgvMDYvaWRlbnRpdHkvY2xhaW1zL3JvbGUiOlsiUk9MRV9ERUxFVEUiLCJVU0VSX1VQREFURSIsIlNDSF9TSE9XIiwiU0NIX0RFTEVURSIsIlBMQVlMSVNUX1VQREFURSIsIlJPTEVfQ1JFQVRFIiwiUExBWUxJU1RfQ1JFQVRFIiwiREVWSUNFX1VQREFURSIsIlRFTVBMQVRFX1VQREFURSIsIkRFVklDRV9ERUxFVEUiLCJQTEFZTElTVF9ERUxFVEUiLCJURU1QTEFURV9DUkVBVEUiLCJURU1QTEFURV9ERUxFVEUiLCJST0xFX1NIT1ciLCJURU1QTEFURV9TSE9XIiwiREVWSUNFX0NSRUFURSIsIlVTRVJfREVMRVRFIiwiVVNFUl9DUkVBVEUiLCJERVZJQ0VfU0hPVyIsIk1FRElBX1VQREFURSIsIk1FRElBX0RFTEVURSIsIlNDSF9DUkVBVEUiLCJTQ0hfVVBEQVRFIiwiTUVESUFfQVBQUk9WRSIsIlJPTEVfVVBEQVRFIiwiVVNFUl9TSE9XIiwiTUVESUFfQ1JFQVRFIl0sIlBlcm1pc3Npb25zIjpbIlJPTEVfREVMRVRFIiwiVVNFUl9VUERBVEUiLCJTQ0hfU0hPVyIsIlNDSF9ERUxFVEUiLCJQTEFZTElTVF9VUERBVEUiLCJST0xFX0NSRUFURSIsIlBMQVlMSVNUX0NSRUFURSIsIkRFVklDRV9VUERBVEUiLCJURU1QTEFURV9VUERBVEUiLCJERVZJQ0VfREVMRVRFIiwiUExBWUxJU1RfREVMRVRFIiwiVEVNUExBVEVfQ1JFQVRFIiwiVEVNUExBVEVfREVMRVRFIiwiUk9MRV9TSE9XIiwiVEVNUExBVEVfU0hPVyIsIkRFVklDRV9DUkVBVEUiLCJVU0VSX0RFTEVURSIsIlVTRVJfQ1JFQVRFIiwiREVWSUNFX1NIT1ciLCJNRURJQV9VUERBVEUiLCJNRURJQV9ERUxFVEUiLCJTQ0hfQ1JFQVRFIiwiU0NIX1VQREFURSIsIk1FRElBX0FQUFJPVkUiLCJST0xFX1VQREFURSIsIlVTRVJfU0hPVyIsIk1FRElBX0NSRUFURSJdLCJleHAiOjE2MTY4NDI2MjksImlzcyI6ImxvY2FsaG9zdDo5MDAwIiwiYXVkIjoibG9jYWxob3N0OjkwMDAifQ.3G87a-5PMSgpG_E5SiDoIpPQRGm3VNbTafQlBq8MuH0', '2021-03-26 10:57:09'),
('3dbd2969-cdc0-4c87-9069-194906e07afd', 'eyJhbGciOiJIUzI1NiIsInR5cCI6IkpXVCJ9.eyJ1c2VyX2VtYWlsIjoidG9pLmh1eW5oQGFsdGEuY29tLnZuIiwidXNlcl9pZCI6IjIyM2NmZTRlLWJlNGUtNDYwNy1iZDQyLTQ4NDRmMzI1Nzg2MSIsImlzX2xldmVsIjoiMCIsImdyb3VwX2lkIjoiMTcyNjJlYzEtNDI0Yy00NmJiLTkwZDEtOGUyOWFhZTJjMjBmIiwiaHR0cDovL3NjaGVtYXMubWljcm9zb2Z0LmNvbS93cy8yMDA4LzA2L2lkZW50aXR5L2NsYWltcy9yb2xlIjpbIk1FRElBX0NSRUFURSIsIlJPTEVfQ1JFQVRFIiwiUExBWUxJU1RfQ1JFQVRFIiwiU0NIX0NSRUFURSIsIlVTRVJfVVBEQVRFIiwiUk9MRV9VUERBVEUiLCJQTEFZTElTVF9VUERBVEUiLCJTQ0hfREVMRVRFIiwiUExBWUxJU1RfREVMRVRFIiwiVEVNUExBVEVfQ1JFQVRFIiwiU0NIX1VQREFURSIsIkRFVklDRV9VUERBVEUiLCJST0xFX1NIT1ciLCJVU0VSX0RFTEVURSIsIlJPTEVfREVMRVRFIiwiTUVESUFfVVBEQVRFIiwiREVWSUNFX0RFTEVURSIsIlRFTVBMQVRFX1NIT1ciLCJNRURJQV9BUFBST1ZFIiwiVVNFUl9TSE9XIiwiREVWSUNFX1NIT1ciLCJURU1QTEFURV9VUERBVEUiLCJNRURJQV9ERUxFVEUiLCJERVZJQ0VfQ1JFQVRFIiwiVEVNUExBVEVfREVMRVRFIiwiU0NIX1NIT1ciLCJVU0VSX0NSRUFURSJdLCJQZXJtaXNzaW9ucyI6WyJNRURJQV9DUkVBVEUiLCJST0xFX0NSRUFURSIsIlBMQVlMSVNUX0NSRUFURSIsIlNDSF9DUkVBVEUiLCJVU0VSX1VQREFURSIsIlJPTEVfVVBEQVRFIiwiUExBWUxJU1RfVVBEQVRFIiwiU0NIX0RFTEVURSIsIlBMQVlMSVNUX0RFTEVURSIsIlRFTVBMQVRFX0NSRUFURSIsIlNDSF9VUERBVEUiLCJERVZJQ0VfVVBEQVRFIiwiUk9MRV9TSE9XIiwiVVNFUl9ERUxFVEUiLCJST0xFX0RFTEVURSIsIk1FRElBX1VQREFURSIsIkRFVklDRV9ERUxFVEUiLCJURU1QTEFURV9TSE9XIiwiTUVESUFfQVBQUk9WRSIsIlVTRVJfU0hPVyIsIkRFVklDRV9TSE9XIiwiVEVNUExBVEVfVVBEQVRFIiwiTUVESUFfREVMRVRFIiwiREVWSUNFX0NSRUFURSIsIlRFTVBMQVRFX0RFTEVURSIsIlNDSF9TSE9XIiwiVVNFUl9DUkVBVEUiXSwiZXhwIjoxNjE3MDc0ODM0LCJpc3MiOiJsb2NhbGhvc3Q6OTAwMCIsImF1ZCI6ImxvY2FsaG9zdDo5MDAwIn0.sXiAagGLCDCJUcAOW09PdtdMcXZv4TGRmtblLS8pSQg', '2021-03-29 03:27:14'),
('42e8b7b0-1b9e-4e9c-96a7-2d4155a7ccbb', 'eyJhbGciOiJIUzI1NiIsInR5cCI6IkpXVCJ9.eyJ1c2VyX2VtYWlsIjoibm9yZXBseUBhbHRhLmNvbS52biIsInVzZXJfaWQiOiIwMDg2MzJmZS1jMjc5LTQ4YzEtYjg5ZS04ODJmZGNiOTllOGYiLCJpc19sZXZlbCI6IjEiLCJncm91cF9pZCI6IiIsImh0dHA6Ly9zY2hlbWFzLm1pY3Jvc29mdC5jb20vd3MvMjAwOC8wNi9pZGVudGl0eS9jbGFpbXMvcm9sZSI6WyJTUF9HUk9VUF9ERUxFVEUiLCJTUF9ERVZJQ0VfU0hPVyIsIlNQX0dST1VQX0NSRUFURSIsIlNQX1JPTEVfU0hPVyIsIlNQX0RFVklDRV9DUkVBVEUiLCJTUF9VU0VSX0NSRUFURSIsIlNQX0RFVklDRV9VUERBVEUiLCJTUF9VU0VSX1VQREFURSIsIlNQX1JPTEVfQ1JFQVRFIiwiU1BfUk9MRV9ERUxFVEUiLCJTUF9HUk9VUF9VUERBVEUiLCJTUF9ST0xFX1VQREFURSIsIlNQX0dST1VQX1NIT1ciLCJTUF9VU0VSX0RFTEVURSIsIlNQX0RFVklDRV9ERUxFVEUiLCJTUF9VU0VSX1NIT1ciXSwiUGVybWlzc2lvbnMiOlsiU1BfR1JPVVBfREVMRVRFIiwiU1BfREVWSUNFX1NIT1ciLCJTUF9HUk9VUF9DUkVBVEUiLCJTUF9ST0xFX1NIT1ciLCJTUF9ERVZJQ0VfQ1JFQVRFIiwiU1BfVVNFUl9DUkVBVEUiLCJTUF9ERVZJQ0VfVVBEQVRFIiwiU1BfVVNFUl9VUERBVEUiLCJTUF9ST0xFX0NSRUFURSIsIlNQX1JPTEVfREVMRVRFIiwiU1BfR1JPVVBfVVBEQVRFIiwiU1BfUk9MRV9VUERBVEUiLCJTUF9HUk9VUF9TSE9XIiwiU1BfVVNFUl9ERUxFVEUiLCJTUF9ERVZJQ0VfREVMRVRFIiwiU1BfVVNFUl9TSE9XIl0sImV4cCI6MTYxNzA4MDQ5OCwiaXNzIjoibG9jYWxob3N0OjkwMDAiLCJhdWQiOiJsb2NhbGhvc3Q6OTAwMCJ9.D6Ua3QxduYUBk-77sd7WtteoHn_BJiLP-7D9xv83lE8', '2021-03-29 05:01:38'),
('471b45e5-d00f-41c5-9918-ee2aaf7c1de1', 'eyJhbGciOiJIUzI1NiIsInR5cCI6IkpXVCJ9.eyJ1c2VyX2VtYWlsIjoidGhpZW4udnVAYWx0YS5jb20udm4iLCJ1c2VyX2lkIjoiYmIwOTIyMDQtNDQ1ZS00N2FmLTliZmYtODEyNTM3MDIwMTM2IiwiaXNfbGV2ZWwiOiIwIiwiZ3JvdXBfaWQiOiI3MDcyNzg4ZC05YTBlLTQwMTUtYjRiMi01NjFiNDQxZDkxNTAiLCJodHRwOi8vc2NoZW1hcy5taWNyb3NvZnQuY29tL3dzLzIwMDgvMDYvaWRlbnRpdHkvY2xhaW1zL3JvbGUiOlsiREVWSUNFX0NSRUFURSIsIkRFVklDRV9VUERBVEUiLCJURU1QTEFURV9VUERBVEUiLCJTQ0hfU0hPVyIsIlJPTEVfU0hPVyIsIlRFTVBMQVRFX1NIT1ciLCJNRURJQV9ERUxFVEUiLCJTQ0hfVVBEQVRFIiwiU0NIX0NSRUFURSIsIlJPTEVfREVMRVRFIiwiVVNFUl9ERUxFVEUiLCJTQ0hfREVMRVRFIiwiTUVESUFfQVBQUk9WRSIsIlVTRVJfQ1JFQVRFIiwiUk9MRV9DUkVBVEUiLCJQTEFZTElTVF9ERUxFVEUiLCJVU0VSX1VQREFURSIsIlRFTVBMQVRFX0RFTEVURSIsIkRFVklDRV9ERUxFVEUiLCJNRURJQV9DUkVBVEUiLCJST0xFX1VQREFURSIsIlRFTVBMQVRFX0NSRUFURSIsIkRFVklDRV9TSE9XIiwiUExBWUxJU1RfQ1JFQVRFIiwiVVNFUl9TSE9XIiwiUExBWUxJU1RfVVBEQVRFIiwiTUVESUFfVVBEQVRFIl0sIlBlcm1pc3Npb25zIjpbIkRFVklDRV9DUkVBVEUiLCJERVZJQ0VfVVBEQVRFIiwiVEVNUExBVEVfVVBEQVRFIiwiU0NIX1NIT1ciLCJST0xFX1NIT1ciLCJURU1QTEFURV9TSE9XIiwiTUVESUFfREVMRVRFIiwiU0NIX1VQREFURSIsIlNDSF9DUkVBVEUiLCJST0xFX0RFTEVURSIsIlVTRVJfREVMRVRFIiwiU0NIX0RFTEVURSIsIk1FRElBX0FQUFJPVkUiLCJVU0VSX0NSRUFURSIsIlJPTEVfQ1JFQVRFIiwiUExBWUxJU1RfREVMRVRFIiwiVVNFUl9VUERBVEUiLCJURU1QTEFURV9ERUxFVEUiLCJERVZJQ0VfREVMRVRFIiwiTUVESUFfQ1JFQVRFIiwiUk9MRV9VUERBVEUiLCJURU1QTEFURV9DUkVBVEUiLCJERVZJQ0VfU0hPVyIsIlBMQVlMSVNUX0NSRUFURSIsIlVTRVJfU0hPVyIsIlBMQVlMSVNUX1VQREFURSIsIk1FRElBX1VQREFURSJdLCJleHAiOjE2MTY4MzQyMjMsImlzcyI6ImxvY2FsaG9zdDo5MDAwIiwiYXVkIjoibG9jYWxob3N0OjkwMDAifQ.1ayLUa-1I6HkwOJqSbIIB1QGQVg7DIXdxusN9XX3OLk', '2021-03-26 08:37:03'),
('47c65193-d2f5-48e9-8139-b1e0244b7470', 'eyJhbGciOiJIUzI1NiIsInR5cCI6IkpXVCJ9.eyJ1c2VyX2VtYWlsIjoiaHV5MUBnbWFpbC5jb20iLCJ1c2VyX2lkIjoiNjRhOTkzZGItOGRiYy00OTk1LTkyNTktYWFjYjZhMTM4YjI4IiwiaXNfbGV2ZWwiOiIwIiwiZ3JvdXBfaWQiOiJlY2RlZGJjMS01YjkyLTRiNDEtOTkzMS0wZjJmZWQ5ZTk0Y2EiLCJodHRwOi8vc2NoZW1hcy5taWNyb3NvZnQuY29tL3dzLzIwMDgvMDYvaWRlbnRpdHkvY2xhaW1zL3JvbGUiOlsiUk9MRV9ERUxFVEUiLCJVU0VSX1VQREFURSIsIlNDSF9TSE9XIiwiU0NIX0RFTEVURSIsIlBMQVlMSVNUX1VQREFURSIsIlJPTEVfQ1JFQVRFIiwiUExBWUxJU1RfQ1JFQVRFIiwiREVWSUNFX1VQREFURSIsIlRFTVBMQVRFX1VQREFURSIsIkRFVklDRV9ERUxFVEUiLCJQTEFZTElTVF9ERUxFVEUiLCJURU1QTEFURV9DUkVBVEUiLCJURU1QTEFURV9ERUxFVEUiLCJST0xFX1NIT1ciLCJURU1QTEFURV9TSE9XIiwiREVWSUNFX0NSRUFURSIsIlVTRVJfREVMRVRFIiwiVVNFUl9DUkVBVEUiLCJERVZJQ0VfU0hPVyIsIk1FRElBX1VQREFURSIsIk1FRElBX0RFTEVURSIsIlNDSF9DUkVBVEUiLCJTQ0hfVVBEQVRFIiwiTUVESUFfQVBQUk9WRSIsIlJPTEVfVVBEQVRFIiwiVVNFUl9TSE9XIiwiTUVESUFfQ1JFQVRFIl0sIlBlcm1pc3Npb25zIjpbIlJPTEVfREVMRVRFIiwiVVNFUl9VUERBVEUiLCJTQ0hfU0hPVyIsIlNDSF9ERUxFVEUiLCJQTEFZTElTVF9VUERBVEUiLCJST0xFX0NSRUFURSIsIlBMQVlMSVNUX0NSRUFURSIsIkRFVklDRV9VUERBVEUiLCJURU1QTEFURV9VUERBVEUiLCJERVZJQ0VfREVMRVRFIiwiUExBWUxJU1RfREVMRVRFIiwiVEVNUExBVEVfQ1JFQVRFIiwiVEVNUExBVEVfREVMRVRFIiwiUk9MRV9TSE9XIiwiVEVNUExBVEVfU0hPVyIsIkRFVklDRV9DUkVBVEUiLCJVU0VSX0RFTEVURSIsIlVTRVJfQ1JFQVRFIiwiREVWSUNFX1NIT1ciLCJNRURJQV9VUERBVEUiLCJNRURJQV9ERUxFVEUiLCJTQ0hfQ1JFQVRFIiwiU0NIX1VQREFURSIsIk1FRElBX0FQUFJPVkUiLCJST0xFX1VQREFURSIsIlVTRVJfU0hPVyIsIk1FRElBX0NSRUFURSJdLCJleHAiOjE2MTY4NDI1ODIsImlzcyI6ImxvY2FsaG9zdDo5MDAwIiwiYXVkIjoibG9jYWxob3N0OjkwMDAifQ._Gu-ZHfqQocrS228GJdVsXHsZVQF6elL_dQ1g7mwu0g', '2021-03-26 10:56:23'),
('48cbf1c2-b53e-4f6a-b57c-73fffd540fba', 'eyJhbGciOiJIUzI1NiIsInR5cCI6IkpXVCJ9.eyJ1c2VyX2VtYWlsIjoiZ2lhbmcudnVAYWx0YS5jb20udm4iLCJ1c2VyX2lkIjoiZjU1ZDM3ZmEtNTFkZC00ZWE2LWI3MGMtNjA2NTQxMGRlMmIzIiwiaXNfbGV2ZWwiOiIwIiwiZ3JvdXBfaWQiOiI3MDcyNzg4ZC05YTBlLTQwMTUtYjRiMi01NjFiNDQxZDkxNTAiLCJodHRwOi8vc2NoZW1hcy5taWNyb3NvZnQuY29tL3dzLzIwMDgvMDYvaWRlbnRpdHkvY2xhaW1zL3JvbGUiOlsiVEVNUExBVEVfREVMRVRFIiwiREVWSUNFX1VQREFURSIsIlJPTEVfQ1JFQVRFIiwiVVNFUl9TSE9XIiwiVEVNUExBVEVfU0hPVyIsIlVTRVJfVVBEQVRFIiwiUExBWUxJU1RfVVBEQVRFIiwiREVWSUNFX1NIT1ciLCJTQ0hfQ1JFQVRFIiwiTUVESUFfQVBQUk9WRSIsIlBMQVlMSVNUX0RFTEVURSIsIk1FRElBX0RFTEVURSIsIkRFVklDRV9DUkVBVEUiLCJVU0VSX0NSRUFURSIsIlNDSF9ERUxFVEUiLCJERVZJQ0VfREVMRVRFIiwiVVNFUl9ERUxFVEUiLCJST0xFX0RFTEVURSIsIlRFTVBMQVRFX0NSRUFURSIsIlRFTVBMQVRFX1VQREFURSIsIlJPTEVfU0hPVyIsIlNDSF9VUERBVEUiLCJNRURJQV9DUkVBVEUiLCJTQ0hfU0hPVyIsIlBMQVlMSVNUX0NSRUFURSIsIlJPTEVfVVBEQVRFIiwiTUVESUFfVVBEQVRFIl0sIlBlcm1pc3Npb25zIjpbIlRFTVBMQVRFX0RFTEVURSIsIkRFVklDRV9VUERBVEUiLCJST0xFX0NSRUFURSIsIlVTRVJfU0hPVyIsIlRFTVBMQVRFX1NIT1ciLCJVU0VSX1VQREFURSIsIlBMQVlMSVNUX1VQREFURSIsIkRFVklDRV9TSE9XIiwiU0NIX0NSRUFURSIsIk1FRElBX0FQUFJPVkUiLCJQTEFZTElTVF9ERUxFVEUiLCJNRURJQV9ERUxFVEUiLCJERVZJQ0VfQ1JFQVRFIiwiVVNFUl9DUkVBVEUiLCJTQ0hfREVMRVRFIiwiREVWSUNFX0RFTEVURSIsIlVTRVJfREVMRVRFIiwiUk9MRV9ERUxFVEUiLCJURU1QTEFURV9DUkVBVEUiLCJURU1QTEFURV9VUERBVEUiLCJST0xFX1NIT1ciLCJTQ0hfVVBEQVRFIiwiTUVESUFfQ1JFQVRFIiwiU0NIX1NIT1ciLCJQTEFZTElTVF9DUkVBVEUiLCJST0xFX1VQREFURSIsIk1FRElBX1VQREFURSJdLCJleHAiOjE2MTcxNjU3MzMsImlzcyI6ImxvY2FsaG9zdDo5MDAwIiwiYXVkIjoibG9jYWxob3N0OjkwMDAifQ._QVtMldsFXeFB5bhWQ2noqxLeWii2Dbx9VdR6Qvb78s', '2021-03-30 04:42:13'),
('4ac81711-e54f-475e-8f08-61a0b904cfa9', 'eyJhbGciOiJIUzI1NiIsInR5cCI6IkpXVCJ9.eyJ1c2VyX2VtYWlsIjoibm9yZXBseUBhbHRhLmNvbS52biIsInVzZXJfaWQiOiIwMDg2MzJmZS1jMjc5LTQ4YzEtYjg5ZS04ODJmZGNiOTllOGYiLCJpc19sZXZlbCI6IjEiLCJncm91cF9pZCI6IiIsImh0dHA6Ly9zY2hlbWFzLm1pY3Jvc29mdC5jb20vd3MvMjAwOC8wNi9pZGVudGl0eS9jbGFpbXMvcm9sZSI6WyJTUF9HUk9VUF9ERUxFVEUiLCJTUF9ERVZJQ0VfU0hPVyIsIlNQX0dST1VQX0NSRUFURSIsIlNQX1JPTEVfU0hPVyIsIlNQX0RFVklDRV9DUkVBVEUiLCJTUF9VU0VSX0NSRUFURSIsIlNQX0RFVklDRV9VUERBVEUiLCJTUF9VU0VSX1VQREFURSIsIlNQX1JPTEVfQ1JFQVRFIiwiU1BfUk9MRV9ERUxFVEUiLCJTUF9HUk9VUF9VUERBVEUiLCJTUF9ST0xFX1VQREFURSIsIlNQX0dST1VQX1NIT1ciLCJTUF9VU0VSX0RFTEVURSIsIlNQX0RFVklDRV9ERUxFVEUiLCJTUF9VU0VSX1NIT1ciXSwiUGVybWlzc2lvbnMiOlsiU1BfR1JPVVBfREVMRVRFIiwiU1BfREVWSUNFX1NIT1ciLCJTUF9HUk9VUF9DUkVBVEUiLCJTUF9ST0xFX1NIT1ciLCJTUF9ERVZJQ0VfQ1JFQVRFIiwiU1BfVVNFUl9DUkVBVEUiLCJTUF9ERVZJQ0VfVVBEQVRFIiwiU1BfVVNFUl9VUERBVEUiLCJTUF9ST0xFX0NSRUFURSIsIlNQX1JPTEVfREVMRVRFIiwiU1BfR1JPVVBfVVBEQVRFIiwiU1BfUk9MRV9VUERBVEUiLCJTUF9HUk9VUF9TSE9XIiwiU1BfVVNFUl9ERUxFVEUiLCJTUF9ERVZJQ0VfREVMRVRFIiwiU1BfVVNFUl9TSE9XIl0sImV4cCI6MTYxNzA3MjU4NywiaXNzIjoibG9jYWxob3N0OjkwMDAiLCJhdWQiOiJsb2NhbGhvc3Q6OTAwMCJ9.LpimdSNfZh0EGwVvedSMky8nAs7oUe1DaCNDd8w1MnA', '2021-03-29 02:49:47'),
('4e05d731-6c6e-4218-bff6-e507b5432df3', 'eyJhbGciOiJIUzI1NiIsInR5cCI6IkpXVCJ9.eyJ1c2VyX2VtYWlsIjoibm9yZXBseUBhbHRhLmNvbS52biIsInVzZXJfaWQiOiIwMDg2MzJmZS1jMjc5LTQ4YzEtYjg5ZS04ODJmZGNiOTllOGYiLCJpc19sZXZlbCI6IjEiLCJncm91cF9pZCI6IiIsImh0dHA6Ly9zY2hlbWFzLm1pY3Jvc29mdC5jb20vd3MvMjAwOC8wNi9pZGVudGl0eS9jbGFpbXMvcm9sZSI6WyJTUF9HUk9VUF9ERUxFVEUiLCJTUF9ERVZJQ0VfU0hPVyIsIlNQX0dST1VQX0NSRUFURSIsIlNQX1JPTEVfU0hPVyIsIlNQX0RFVklDRV9DUkVBVEUiLCJTUF9VU0VSX0NSRUFURSIsIlNQX0RFVklDRV9VUERBVEUiLCJTUF9VU0VSX1VQREFURSIsIlNQX1JPTEVfQ1JFQVRFIiwiU1BfUk9MRV9ERUxFVEUiLCJTUF9HUk9VUF9VUERBVEUiLCJTUF9ST0xFX1VQREFURSIsIlNQX0dST1VQX1NIT1ciLCJTUF9VU0VSX0RFTEVURSIsIlNQX0RFVklDRV9ERUxFVEUiLCJTUF9VU0VSX1NIT1ciXSwiUGVybWlzc2lvbnMiOlsiU1BfR1JPVVBfREVMRVRFIiwiU1BfREVWSUNFX1NIT1ciLCJTUF9HUk9VUF9DUkVBVEUiLCJTUF9ST0xFX1NIT1ciLCJTUF9ERVZJQ0VfQ1JFQVRFIiwiU1BfVVNFUl9DUkVBVEUiLCJTUF9ERVZJQ0VfVVBEQVRFIiwiU1BfVVNFUl9VUERBVEUiLCJTUF9ST0xFX0NSRUFURSIsIlNQX1JPTEVfREVMRVRFIiwiU1BfR1JPVVBfVVBEQVRFIiwiU1BfUk9MRV9VUERBVEUiLCJTUF9HUk9VUF9TSE9XIiwiU1BfVVNFUl9ERUxFVEUiLCJTUF9ERVZJQ0VfREVMRVRFIiwiU1BfVVNFUl9TSE9XIl0sImV4cCI6MTYxNzE4MjQyOSwiaXNzIjoibG9jYWxob3N0OjkwMDAiLCJhdWQiOiJsb2NhbGhvc3Q6OTAwMCJ9.BkxFsRUGJ5HvGti5ro6opPbcyR7p6ryw0C-PleC0IBU', '2021-03-30 09:20:29'),
('4f14b8e2-958f-44be-bdbf-d423d61f7b35', 'eyJhbGciOiJIUzI1NiIsInR5cCI6IkpXVCJ9.eyJ1c2VyX2VtYWlsIjoidG9pLmh1eW5oQGFsdGEuY29tLnZuIiwidXNlcl9pZCI6IjIyM2NmZTRlLWJlNGUtNDYwNy1iZDQyLTQ4NDRmMzI1Nzg2MSIsImlzX2xldmVsIjoiMCIsImdyb3VwX2lkIjoiMTcyNjJlYzEtNDI0Yy00NmJiLTkwZDEtOGUyOWFhZTJjMjBmIiwiaHR0cDovL3NjaGVtYXMubWljcm9zb2Z0LmNvbS93cy8yMDA4LzA2L2lkZW50aXR5L2NsYWltcy9yb2xlIjpbIk1FRElBX0NSRUFURSIsIlJPTEVfQ1JFQVRFIiwiUExBWUxJU1RfQ1JFQVRFIiwiU0NIX0NSRUFURSIsIlVTRVJfVVBEQVRFIiwiUk9MRV9VUERBVEUiLCJQTEFZTElTVF9VUERBVEUiLCJTQ0hfREVMRVRFIiwiUExBWUxJU1RfREVMRVRFIiwiVEVNUExBVEVfQ1JFQVRFIiwiU0NIX1VQREFURSIsIkRFVklDRV9VUERBVEUiLCJST0xFX1NIT1ciLCJVU0VSX0RFTEVURSIsIlJPTEVfREVMRVRFIiwiTUVESUFfVVBEQVRFIiwiREVWSUNFX0RFTEVURSIsIlRFTVBMQVRFX1NIT1ciLCJNRURJQV9BUFBST1ZFIiwiVVNFUl9TSE9XIiwiREVWSUNFX1NIT1ciLCJURU1QTEFURV9VUERBVEUiLCJNRURJQV9ERUxFVEUiLCJERVZJQ0VfQ1JFQVRFIiwiVEVNUExBVEVfREVMRVRFIiwiU0NIX1NIT1ciLCJVU0VSX0NSRUFURSJdLCJQZXJtaXNzaW9ucyI6WyJNRURJQV9DUkVBVEUiLCJST0xFX0NSRUFURSIsIlBMQVlMSVNUX0NSRUFURSIsIlNDSF9DUkVBVEUiLCJVU0VSX1VQREFURSIsIlJPTEVfVVBEQVRFIiwiUExBWUxJU1RfVVBEQVRFIiwiU0NIX0RFTEVURSIsIlBMQVlMSVNUX0RFTEVURSIsIlRFTVBMQVRFX0NSRUFURSIsIlNDSF9VUERBVEUiLCJERVZJQ0VfVVBEQVRFIiwiUk9MRV9TSE9XIiwiVVNFUl9ERUxFVEUiLCJST0xFX0RFTEVURSIsIk1FRElBX1VQREFURSIsIkRFVklDRV9ERUxFVEUiLCJURU1QTEFURV9TSE9XIiwiTUVESUFfQVBQUk9WRSIsIlVTRVJfU0hPVyIsIkRFVklDRV9TSE9XIiwiVEVNUExBVEVfVVBEQVRFIiwiTUVESUFfREVMRVRFIiwiREVWSUNFX0NSRUFURSIsIlRFTVBMQVRFX0RFTEVURSIsIlNDSF9TSE9XIiwiVVNFUl9DUkVBVEUiXSwiZXhwIjoxNjE2ODQwODc2LCJpc3MiOiJsb2NhbGhvc3Q6OTAwMCIsImF1ZCI6ImxvY2FsaG9zdDo5MDAwIn0.sSfF_0eLvT5NlkzGaK_EkdXqM_wKtociPxhzfJulob0', '2021-03-26 10:27:56'),
('4f463b40-9fac-4788-b684-f36ce16ea311', 'eyJhbGciOiJIUzI1NiIsInR5cCI6IkpXVCJ9.eyJ1c2VyX2VtYWlsIjoidG9pLmh1eW5oQGFsdGEuY29tLnZuIiwidXNlcl9pZCI6IjIyM2NmZTRlLWJlNGUtNDYwNy1iZDQyLTQ4NDRmMzI1Nzg2MSIsImlzX2xldmVsIjoiMCIsImdyb3VwX2lkIjoiMTcyNjJlYzEtNDI0Yy00NmJiLTkwZDEtOGUyOWFhZTJjMjBmIiwiaHR0cDovL3NjaGVtYXMubWljcm9zb2Z0LmNvbS93cy8yMDA4LzA2L2lkZW50aXR5L2NsYWltcy9yb2xlIjpbIk1FRElBX0NSRUFURSIsIlJPTEVfQ1JFQVRFIiwiUExBWUxJU1RfQ1JFQVRFIiwiU0NIX0NSRUFURSIsIlVTRVJfVVBEQVRFIiwiUk9MRV9VUERBVEUiLCJQTEFZTElTVF9VUERBVEUiLCJTQ0hfREVMRVRFIiwiUExBWUxJU1RfREVMRVRFIiwiVEVNUExBVEVfQ1JFQVRFIiwiU0NIX1VQREFURSIsIkRFVklDRV9VUERBVEUiLCJST0xFX1NIT1ciLCJVU0VSX0RFTEVURSIsIlJPTEVfREVMRVRFIiwiTUVESUFfVVBEQVRFIiwiREVWSUNFX0RFTEVURSIsIlRFTVBMQVRFX1NIT1ciLCJNRURJQV9BUFBST1ZFIiwiVVNFUl9TSE9XIiwiREVWSUNFX1NIT1ciLCJURU1QTEFURV9VUERBVEUiLCJNRURJQV9ERUxFVEUiLCJERVZJQ0VfQ1JFQVRFIiwiVEVNUExBVEVfREVMRVRFIiwiU0NIX1NIT1ciLCJVU0VSX0NSRUFURSJdLCJQZXJtaXNzaW9ucyI6WyJNRURJQV9DUkVBVEUiLCJST0xFX0NSRUFURSIsIlBMQVlMSVNUX0NSRUFURSIsIlNDSF9DUkVBVEUiLCJVU0VSX1VQREFURSIsIlJPTEVfVVBEQVRFIiwiUExBWUxJU1RfVVBEQVRFIiwiU0NIX0RFTEVURSIsIlBMQVlMSVNUX0RFTEVURSIsIlRFTVBMQVRFX0NSRUFURSIsIlNDSF9VUERBVEUiLCJERVZJQ0VfVVBEQVRFIiwiUk9MRV9TSE9XIiwiVVNFUl9ERUxFVEUiLCJST0xFX0RFTEVURSIsIk1FRElBX1VQREFURSIsIkRFVklDRV9ERUxFVEUiLCJURU1QTEFURV9TSE9XIiwiTUVESUFfQVBQUk9WRSIsIlVTRVJfU0hPVyIsIkRFVklDRV9TSE9XIiwiVEVNUExBVEVfVVBEQVRFIiwiTUVESUFfREVMRVRFIiwiREVWSUNFX0NSRUFURSIsIlRFTVBMQVRFX0RFTEVURSIsIlNDSF9TSE9XIiwiVVNFUl9DUkVBVEUiXSwiZXhwIjoxNjE3MDc1MTg2LCJpc3MiOiJsb2NhbGhvc3Q6OTAwMCIsImF1ZCI6ImxvY2FsaG9zdDo5MDAwIn0.o9V_PVaT9gVoNq0WKoCdCKw3dARIZeMQL36CPYQF9Lc', '2021-03-29 03:33:07'),
('50be8425-64fb-49e2-8efb-8d0f4d1b980a', 'eyJhbGciOiJIUzI1NiIsInR5cCI6IkpXVCJ9.eyJ1c2VyX2VtYWlsIjoibm9yZXBseUBhbHRhLmNvbS52biIsInVzZXJfaWQiOiIwMDg2MzJmZS1jMjc5LTQ4YzEtYjg5ZS04ODJmZGNiOTllOGYiLCJpc19sZXZlbCI6IjEiLCJncm91cF9pZCI6IiIsImh0dHA6Ly9zY2hlbWFzLm1pY3Jvc29mdC5jb20vd3MvMjAwOC8wNi9pZGVudGl0eS9jbGFpbXMvcm9sZSI6WyJTUF9HUk9VUF9ERUxFVEUiLCJTUF9ERVZJQ0VfU0hPVyIsIlNQX0dST1VQX0NSRUFURSIsIlNQX1JPTEVfU0hPVyIsIlNQX0RFVklDRV9DUkVBVEUiLCJTUF9VU0VSX0NSRUFURSIsIlNQX0RFVklDRV9VUERBVEUiLCJTUF9VU0VSX1VQREFURSIsIlNQX1JPTEVfQ1JFQVRFIiwiU1BfUk9MRV9ERUxFVEUiLCJTUF9HUk9VUF9VUERBVEUiLCJTUF9ST0xFX1VQREFURSIsIlNQX0dST1VQX1NIT1ciLCJTUF9VU0VSX0RFTEVURSIsIlNQX0RFVklDRV9ERUxFVEUiLCJTUF9VU0VSX1NIT1ciXSwiUGVybWlzc2lvbnMiOlsiU1BfR1JPVVBfREVMRVRFIiwiU1BfREVWSUNFX1NIT1ciLCJTUF9HUk9VUF9DUkVBVEUiLCJTUF9ST0xFX1NIT1ciLCJTUF9ERVZJQ0VfQ1JFQVRFIiwiU1BfVVNFUl9DUkVBVEUiLCJTUF9ERVZJQ0VfVVBEQVRFIiwiU1BfVVNFUl9VUERBVEUiLCJTUF9ST0xFX0NSRUFURSIsIlNQX1JPTEVfREVMRVRFIiwiU1BfR1JPVVBfVVBEQVRFIiwiU1BfUk9MRV9VUERBVEUiLCJTUF9HUk9VUF9TSE9XIiwiU1BfVVNFUl9ERUxFVEUiLCJTUF9ERVZJQ0VfREVMRVRFIiwiU1BfVVNFUl9TSE9XIl0sImV4cCI6MTYxNjgzODM3OSwiaXNzIjoibG9jYWxob3N0OjkwMDAiLCJhdWQiOiJsb2NhbGhvc3Q6OTAwMCJ9.FumsKDw2k2D9cd9yM96leh8zzAlEliRgKY7i-YSZZN8', '2021-03-26 09:46:19');
INSERT INTO `mtc_blacklist_token` (`blacklist_id`, `blacklist_token`, `created_at`) VALUES
('58ef1a18-01f4-4ece-985b-5a77dfb52432', 'eyJhbGciOiJIUzI1NiIsInR5cCI6IkpXVCJ9.eyJ1c2VyX2VtYWlsIjoibHV5ZW4ubGVAYWx0YS5jb20udm4iLCJ1c2VyX2lkIjoiMTVkYWJhNGItODAyNi00OGU0LThmYTYtMDdkMjk0MGUwMjQzIiwiaXNfbGV2ZWwiOiIwIiwiZ3JvdXBfaWQiOiIxNzI2MmVjMS00MjRjLTQ2YmItOTBkMS04ZTI5YWFlMmMyMGYiLCJodHRwOi8vc2NoZW1hcy5taWNyb3NvZnQuY29tL3dzLzIwMDgvMDYvaWRlbnRpdHkvY2xhaW1zL3JvbGUiOlsiREVWSUNFX0RFTEVURSIsIlRFTVBMQVRFX0NSRUFURSIsIkRFVklDRV9DUkVBVEUiLCJVU0VSX0NSRUFURSIsIlJPTEVfREVMRVRFIiwiUk9MRV9TSE9XIiwiTUVESUFfQ1JFQVRFIiwiUk9MRV9DUkVBVEUiLCJTQ0hfQ1JFQVRFIiwiVVNFUl9TSE9XIiwiUk9MRV9VUERBVEUiLCJURU1QTEFURV9ERUxFVEUiLCJQTEFZTElTVF9VUERBVEUiLCJQTEFZTElTVF9DUkVBVEUiLCJVU0VSX0RFTEVURSIsIlNDSF9TSE9XIiwiU0NIX1VQREFURSIsIk1FRElBX0RFTEVURSIsIlNDSF9ERUxFVEUiLCJNRURJQV9BUFBST1ZFIiwiREVWSUNFX1VQREFURSIsIlVTRVJfVVBEQVRFIiwiTUVESUFfVVBEQVRFIiwiVEVNUExBVEVfU0hPVyIsIlRFTVBMQVRFX1VQREFURSIsIlBMQVlMSVNUX0RFTEVURSIsIkRFVklDRV9TSE9XIl0sIlBlcm1pc3Npb25zIjpbIkRFVklDRV9ERUxFVEUiLCJURU1QTEFURV9DUkVBVEUiLCJERVZJQ0VfQ1JFQVRFIiwiVVNFUl9DUkVBVEUiLCJST0xFX0RFTEVURSIsIlJPTEVfU0hPVyIsIk1FRElBX0NSRUFURSIsIlJPTEVfQ1JFQVRFIiwiU0NIX0NSRUFURSIsIlVTRVJfU0hPVyIsIlJPTEVfVVBEQVRFIiwiVEVNUExBVEVfREVMRVRFIiwiUExBWUxJU1RfVVBEQVRFIiwiUExBWUxJU1RfQ1JFQVRFIiwiVVNFUl9ERUxFVEUiLCJTQ0hfU0hPVyIsIlNDSF9VUERBVEUiLCJNRURJQV9ERUxFVEUiLCJTQ0hfREVMRVRFIiwiTUVESUFfQVBQUk9WRSIsIkRFVklDRV9VUERBVEUiLCJVU0VSX1VQREFURSIsIk1FRElBX1VQREFURSIsIlRFTVBMQVRFX1NIT1ciLCJURU1QTEFURV9VUERBVEUiLCJQTEFZTElTVF9ERUxFVEUiLCJERVZJQ0VfU0hPVyJdLCJleHAiOjE2MTcxODIxMjAsImlzcyI6ImxvY2FsaG9zdDo5MDAwIiwiYXVkIjoibG9jYWxob3N0OjkwMDAifQ.J1-qpOt6M3nGqkwmDSFv0Spj33CR3CEK0ffdYwXixBI', '2021-03-30 09:15:20'),
('59644d68-c31e-41b4-90c3-1292a6ea4a2a', 'eyJhbGciOiJIUzI1NiIsInR5cCI6IkpXVCJ9.eyJ1c2VyX2VtYWlsIjoiZ2lhbmcudnVAYWx0YS5jb20udm4iLCJ1c2VyX2lkIjoiZjU1ZDM3ZmEtNTFkZC00ZWE2LWI3MGMtNjA2NTQxMGRlMmIzIiwiaXNfbGV2ZWwiOiIwIiwiZ3JvdXBfaWQiOiI3MDcyNzg4ZC05YTBlLTQwMTUtYjRiMi01NjFiNDQxZDkxNTAiLCJodHRwOi8vc2NoZW1hcy5taWNyb3NvZnQuY29tL3dzLzIwMDgvMDYvaWRlbnRpdHkvY2xhaW1zL3JvbGUiOlsiVEVNUExBVEVfREVMRVRFIiwiREVWSUNFX1VQREFURSIsIlJPTEVfQ1JFQVRFIiwiVVNFUl9TSE9XIiwiVEVNUExBVEVfU0hPVyIsIlVTRVJfVVBEQVRFIiwiUExBWUxJU1RfVVBEQVRFIiwiREVWSUNFX1NIT1ciLCJTQ0hfQ1JFQVRFIiwiTUVESUFfQVBQUk9WRSIsIlBMQVlMSVNUX0RFTEVURSIsIk1FRElBX0RFTEVURSIsIkRFVklDRV9DUkVBVEUiLCJVU0VSX0NSRUFURSIsIlNDSF9ERUxFVEUiLCJERVZJQ0VfREVMRVRFIiwiVVNFUl9ERUxFVEUiLCJST0xFX0RFTEVURSIsIlRFTVBMQVRFX0NSRUFURSIsIlRFTVBMQVRFX1VQREFURSIsIlJPTEVfU0hPVyIsIlNDSF9VUERBVEUiLCJNRURJQV9DUkVBVEUiLCJTQ0hfU0hPVyIsIlBMQVlMSVNUX0NSRUFURSIsIlJPTEVfVVBEQVRFIiwiTUVESUFfVVBEQVRFIl0sIlBlcm1pc3Npb25zIjpbIlRFTVBMQVRFX0RFTEVURSIsIkRFVklDRV9VUERBVEUiLCJST0xFX0NSRUFURSIsIlVTRVJfU0hPVyIsIlRFTVBMQVRFX1NIT1ciLCJVU0VSX1VQREFURSIsIlBMQVlMSVNUX1VQREFURSIsIkRFVklDRV9TSE9XIiwiU0NIX0NSRUFURSIsIk1FRElBX0FQUFJPVkUiLCJQTEFZTElTVF9ERUxFVEUiLCJNRURJQV9ERUxFVEUiLCJERVZJQ0VfQ1JFQVRFIiwiVVNFUl9DUkVBVEUiLCJTQ0hfREVMRVRFIiwiREVWSUNFX0RFTEVURSIsIlVTRVJfREVMRVRFIiwiUk9MRV9ERUxFVEUiLCJURU1QTEFURV9DUkVBVEUiLCJURU1QTEFURV9VUERBVEUiLCJST0xFX1NIT1ciLCJTQ0hfVVBEQVRFIiwiTUVESUFfQ1JFQVRFIiwiU0NIX1NIT1ciLCJQTEFZTElTVF9DUkVBVEUiLCJST0xFX1VQREFURSIsIk1FRElBX1VQREFURSJdLCJleHAiOjE2MTcyNTI0NDMsImlzcyI6ImxvY2FsaG9zdDo5MDAwIiwiYXVkIjoibG9jYWxob3N0OjkwMDAifQ.NPKI3P_X8qg73BvE_JXM1hIQgfLZu9IUboEtlMKNeEM', '2021-03-31 04:47:23'),
('5e6c1cd2-a45f-45fd-9bce-6579752dba33', 'eyJhbGciOiJIUzI1NiIsInR5cCI6IkpXVCJ9.eyJ1c2VyX2VtYWlsIjoibm9yZXBseUBhbHRhLmNvbS52biIsInVzZXJfaWQiOiIwMDg2MzJmZS1jMjc5LTQ4YzEtYjg5ZS04ODJmZGNiOTllOGYiLCJpc19sZXZlbCI6IjEiLCJncm91cF9pZCI6IiIsImh0dHA6Ly9zY2hlbWFzLm1pY3Jvc29mdC5jb20vd3MvMjAwOC8wNi9pZGVudGl0eS9jbGFpbXMvcm9sZSI6WyJTUF9HUk9VUF9ERUxFVEUiLCJTUF9ERVZJQ0VfU0hPVyIsIlNQX0dST1VQX0NSRUFURSIsIlNQX1JPTEVfU0hPVyIsIlNQX0RFVklDRV9DUkVBVEUiLCJTUF9VU0VSX0NSRUFURSIsIlNQX0RFVklDRV9VUERBVEUiLCJTUF9VU0VSX1VQREFURSIsIlNQX1JPTEVfQ1JFQVRFIiwiU1BfUk9MRV9ERUxFVEUiLCJTUF9HUk9VUF9VUERBVEUiLCJTUF9ST0xFX1VQREFURSIsIlNQX0dST1VQX1NIT1ciLCJTUF9VU0VSX0RFTEVURSIsIlNQX0RFVklDRV9ERUxFVEUiLCJTUF9VU0VSX1NIT1ciXSwiUGVybWlzc2lvbnMiOlsiU1BfR1JPVVBfREVMRVRFIiwiU1BfREVWSUNFX1NIT1ciLCJTUF9HUk9VUF9DUkVBVEUiLCJTUF9ST0xFX1NIT1ciLCJTUF9ERVZJQ0VfQ1JFQVRFIiwiU1BfVVNFUl9DUkVBVEUiLCJTUF9ERVZJQ0VfVVBEQVRFIiwiU1BfVVNFUl9VUERBVEUiLCJTUF9ST0xFX0NSRUFURSIsIlNQX1JPTEVfREVMRVRFIiwiU1BfR1JPVVBfVVBEQVRFIiwiU1BfUk9MRV9VUERBVEUiLCJTUF9HUk9VUF9TSE9XIiwiU1BfVVNFUl9ERUxFVEUiLCJTUF9ERVZJQ0VfREVMRVRFIiwiU1BfVVNFUl9TSE9XIl0sImV4cCI6MTYxNzE2MTExMCwiaXNzIjoibG9jYWxob3N0OjkwMDAiLCJhdWQiOiJsb2NhbGhvc3Q6OTAwMCJ9.flw6U4mkA5bgAW0uvbSEcOEiGyAKp1FFdzaKkV60TG0', '2021-03-30 03:25:10'),
('60abc837-f2cf-48c6-9543-4351e1e7c18b', 'eyJhbGciOiJIUzI1NiIsInR5cCI6IkpXVCJ9.eyJ1c2VyX2VtYWlsIjoiYUBhbHRhLmNvbSIsInVzZXJfaWQiOiJhMmM1MWM2NS1mZDVjLTQ1ZjItYTY0My1lODQxZGU1Zjc3MjkiLCJpc19sZXZlbCI6IjAiLCJncm91cF9pZCI6ImE0MzllNTg2LTRhYWEtNGMwMC04NTdkLWM5ZTBiNzYwNjQ2ZCIsImh0dHA6Ly9zY2hlbWFzLm1pY3Jvc29mdC5jb20vd3MvMjAwOC8wNi9pZGVudGl0eS9jbGFpbXMvcm9sZSI6WyJURU1QTEFURV9TSE9XIiwiVVNFUl9VUERBVEUiLCJURU1QTEFURV9ERUxFVEUiLCJURU1QTEFURV9DUkVBVEUiLCJTQ0hfU0hPVyIsIlVTRVJfU0hPVyIsIlNDSF9ERUxFVEUiLCJQTEFZTElTVF9VUERBVEUiLCJERVZJQ0VfU0hPVyIsIk1FRElBX1VQREFURSIsIkRFVklDRV9VUERBVEUiLCJQTEFZTElTVF9ERUxFVEUiLCJVU0VSX0NSRUFURSIsIkRFVklDRV9DUkVBVEUiLCJNRURJQV9BUFBST1ZFIiwiVVNFUl9ERUxFVEUiLCJTQ0hfVVBEQVRFIiwiU0NIX0NSRUFURSIsIlBMQVlMSVNUX0NSRUFURSIsIlRFTVBMQVRFX1VQREFURSIsIk1FRElBX0NSRUFURSIsIk1FRElBX0RFTEVURSIsIkRFVklDRV9ERUxFVEUiXSwiUGVybWlzc2lvbnMiOlsiVEVNUExBVEVfU0hPVyIsIlVTRVJfVVBEQVRFIiwiVEVNUExBVEVfREVMRVRFIiwiVEVNUExBVEVfQ1JFQVRFIiwiU0NIX1NIT1ciLCJVU0VSX1NIT1ciLCJTQ0hfREVMRVRFIiwiUExBWUxJU1RfVVBEQVRFIiwiREVWSUNFX1NIT1ciLCJNRURJQV9VUERBVEUiLCJERVZJQ0VfVVBEQVRFIiwiUExBWUxJU1RfREVMRVRFIiwiVVNFUl9DUkVBVEUiLCJERVZJQ0VfQ1JFQVRFIiwiTUVESUFfQVBQUk9WRSIsIlVTRVJfREVMRVRFIiwiU0NIX1VQREFURSIsIlNDSF9DUkVBVEUiLCJQTEFZTElTVF9DUkVBVEUiLCJURU1QTEFURV9VUERBVEUiLCJNRURJQV9DUkVBVEUiLCJNRURJQV9ERUxFVEUiLCJERVZJQ0VfREVMRVRFIl0sImV4cCI6MTYxNjgzMzk4NywiaXNzIjoibG9jYWxob3N0OjkwMDAiLCJhdWQiOiJsb2NhbGhvc3Q6OTAwMCJ9.BjtPjpabQd_CuuE2mzLzrSxc4vAmd3v0Ntzbm8ENphQ', '2021-03-26 08:33:07'),
('60d92c78-8342-4d68-a4fc-23330b04d9b0', 'eyJhbGciOiJIUzI1NiIsInR5cCI6IkpXVCJ9.eyJ1c2VyX2VtYWlsIjoidGhpZW4udnVAYWx0YS5jb20udm4iLCJ1c2VyX2lkIjoiYmIwOTIyMDQtNDQ1ZS00N2FmLTliZmYtODEyNTM3MDIwMTM2IiwiaXNfbGV2ZWwiOiIwIiwiZ3JvdXBfaWQiOiI3MDcyNzg4ZC05YTBlLTQwMTUtYjRiMi01NjFiNDQxZDkxNTAiLCJodHRwOi8vc2NoZW1hcy5taWNyb3NvZnQuY29tL3dzLzIwMDgvMDYvaWRlbnRpdHkvY2xhaW1zL3JvbGUiOlsiU0NIX0NSRUFURSIsIlVTRVJfVVBEQVRFIiwiREVWSUNFX1NIT1ciLCJNRURJQV9BUFBST1ZFIiwiTUVESUFfVVBEQVRFIiwiUk9MRV9DUkVBVEUiLCJST0xFX1NIT1ciLCJVU0VSX0NSRUFURSIsIlBMQVlMSVNUX0RFTEVURSIsIlRFTVBMQVRFX0NSRUFURSIsIlJPTEVfREVMRVRFIiwiVVNFUl9ERUxFVEUiLCJNRURJQV9DUkVBVEUiLCJTQ0hfREVMRVRFIiwiREVWSUNFX0RFTEVURSIsIk1FRElBX0RFTEVURSIsIlRFTVBMQVRFX0RFTEVURSIsIlRFTVBMQVRFX1VQREFURSIsIlJPTEVfVVBEQVRFIiwiUExBWUxJU1RfQ1JFQVRFIiwiU0NIX1NIT1ciLCJERVZJQ0VfQ1JFQVRFIiwiU0NIX1VQREFURSIsIlBMQVlMSVNUX1VQREFURSIsIkRFVklDRV9VUERBVEUiLCJURU1QTEFURV9TSE9XIiwiVVNFUl9TSE9XIl0sIlBlcm1pc3Npb25zIjpbIlNDSF9DUkVBVEUiLCJVU0VSX1VQREFURSIsIkRFVklDRV9TSE9XIiwiTUVESUFfQVBQUk9WRSIsIk1FRElBX1VQREFURSIsIlJPTEVfQ1JFQVRFIiwiUk9MRV9TSE9XIiwiVVNFUl9DUkVBVEUiLCJQTEFZTElTVF9ERUxFVEUiLCJURU1QTEFURV9DUkVBVEUiLCJST0xFX0RFTEVURSIsIlVTRVJfREVMRVRFIiwiTUVESUFfQ1JFQVRFIiwiU0NIX0RFTEVURSIsIkRFVklDRV9ERUxFVEUiLCJNRURJQV9ERUxFVEUiLCJURU1QTEFURV9ERUxFVEUiLCJURU1QTEFURV9VUERBVEUiLCJST0xFX1VQREFURSIsIlBMQVlMSVNUX0NSRUFURSIsIlNDSF9TSE9XIiwiREVWSUNFX0NSRUFURSIsIlNDSF9VUERBVEUiLCJQTEFZTElTVF9VUERBVEUiLCJERVZJQ0VfVVBEQVRFIiwiVEVNUExBVEVfU0hPVyIsIlVTRVJfU0hPVyJdLCJleHAiOjE2MTcyNDU2OTYsImlzcyI6ImxvY2FsaG9zdDo5MDAwIiwiYXVkIjoibG9jYWxob3N0OjkwMDAifQ.eufqK-ZsDluLRkS0P9J3qSDUYUdxSqKeVbNGXEqn8pI', '2021-03-31 02:54:56'),
('61402025-0e31-471d-af7e-3bad1a67d48c', 'eyJhbGciOiJIUzI1NiIsInR5cCI6IkpXVCJ9.eyJ1c2VyX2VtYWlsIjoibHV5ZW4ubGVAYWx0YS5jb20udm4iLCJ1c2VyX2lkIjoiMTVkYWJhNGItODAyNi00OGU0LThmYTYtMDdkMjk0MGUwMjQzIiwiaXNfbGV2ZWwiOiIwIiwiZ3JvdXBfaWQiOiIxNzI2MmVjMS00MjRjLTQ2YmItOTBkMS04ZTI5YWFlMmMyMGYiLCJodHRwOi8vc2NoZW1hcy5taWNyb3NvZnQuY29tL3dzLzIwMDgvMDYvaWRlbnRpdHkvY2xhaW1zL3JvbGUiOlsiREVWSUNFX0RFTEVURSIsIlRFTVBMQVRFX0NSRUFURSIsIkRFVklDRV9DUkVBVEUiLCJVU0VSX0NSRUFURSIsIlJPTEVfREVMRVRFIiwiUk9MRV9TSE9XIiwiTUVESUFfQ1JFQVRFIiwiUk9MRV9DUkVBVEUiLCJTQ0hfQ1JFQVRFIiwiVVNFUl9TSE9XIiwiUk9MRV9VUERBVEUiLCJURU1QTEFURV9ERUxFVEUiLCJQTEFZTElTVF9VUERBVEUiLCJQTEFZTElTVF9DUkVBVEUiLCJVU0VSX0RFTEVURSIsIlNDSF9TSE9XIiwiU0NIX1VQREFURSIsIk1FRElBX0RFTEVURSIsIlNDSF9ERUxFVEUiLCJNRURJQV9BUFBST1ZFIiwiREVWSUNFX1VQREFURSIsIlVTRVJfVVBEQVRFIiwiTUVESUFfVVBEQVRFIiwiVEVNUExBVEVfU0hPVyIsIlRFTVBMQVRFX1VQREFURSIsIlBMQVlMSVNUX0RFTEVURSIsIkRFVklDRV9TSE9XIl0sIlBlcm1pc3Npb25zIjpbIkRFVklDRV9ERUxFVEUiLCJURU1QTEFURV9DUkVBVEUiLCJERVZJQ0VfQ1JFQVRFIiwiVVNFUl9DUkVBVEUiLCJST0xFX0RFTEVURSIsIlJPTEVfU0hPVyIsIk1FRElBX0NSRUFURSIsIlJPTEVfQ1JFQVRFIiwiU0NIX0NSRUFURSIsIlVTRVJfU0hPVyIsIlJPTEVfVVBEQVRFIiwiVEVNUExBVEVfREVMRVRFIiwiUExBWUxJU1RfVVBEQVRFIiwiUExBWUxJU1RfQ1JFQVRFIiwiVVNFUl9ERUxFVEUiLCJTQ0hfU0hPVyIsIlNDSF9VUERBVEUiLCJNRURJQV9ERUxFVEUiLCJTQ0hfREVMRVRFIiwiTUVESUFfQVBQUk9WRSIsIkRFVklDRV9VUERBVEUiLCJVU0VSX1VQREFURSIsIk1FRElBX1VQREFURSIsIlRFTVBMQVRFX1NIT1ciLCJURU1QTEFURV9VUERBVEUiLCJQTEFZTElTVF9ERUxFVEUiLCJERVZJQ0VfU0hPVyJdLCJleHAiOjE2MTY4MzcxODMsImlzcyI6ImxvY2FsaG9zdDo5MDAwIiwiYXVkIjoibG9jYWxob3N0OjkwMDAifQ.XR74g5njuL6arieivlIX6c1F3K9cVIZQcSesnp7evX0', '2021-03-26 09:26:23'),
('61e5bdf3-4d9a-4218-97b6-fdcbd4cb0e20', 'eyJhbGciOiJIUzI1NiIsInR5cCI6IkpXVCJ9.eyJ1c2VyX2VtYWlsIjoiYUBhbHRhLmNvbSIsInVzZXJfaWQiOiJhMmM1MWM2NS1mZDVjLTQ1ZjItYTY0My1lODQxZGU1Zjc3MjkiLCJpc19sZXZlbCI6IjAiLCJncm91cF9pZCI6ImE0MzllNTg2LTRhYWEtNGMwMC04NTdkLWM5ZTBiNzYwNjQ2ZCIsImh0dHA6Ly9zY2hlbWFzLm1pY3Jvc29mdC5jb20vd3MvMjAwOC8wNi9pZGVudGl0eS9jbGFpbXMvcm9sZSI6WyJURU1QTEFURV9TSE9XIiwiVVNFUl9VUERBVEUiLCJURU1QTEFURV9ERUxFVEUiLCJURU1QTEFURV9DUkVBVEUiLCJTQ0hfU0hPVyIsIlVTRVJfU0hPVyIsIlNDSF9ERUxFVEUiLCJQTEFZTElTVF9VUERBVEUiLCJERVZJQ0VfU0hPVyIsIk1FRElBX1VQREFURSIsIkRFVklDRV9VUERBVEUiLCJQTEFZTElTVF9ERUxFVEUiLCJVU0VSX0NSRUFURSIsIkRFVklDRV9DUkVBVEUiLCJNRURJQV9BUFBST1ZFIiwiVVNFUl9ERUxFVEUiLCJTQ0hfVVBEQVRFIiwiU0NIX0NSRUFURSIsIlBMQVlMSVNUX0NSRUFURSIsIlRFTVBMQVRFX1VQREFURSIsIk1FRElBX0NSRUFURSIsIk1FRElBX0RFTEVURSIsIkRFVklDRV9ERUxFVEUiXSwiUGVybWlzc2lvbnMiOlsiVEVNUExBVEVfU0hPVyIsIlVTRVJfVVBEQVRFIiwiVEVNUExBVEVfREVMRVRFIiwiVEVNUExBVEVfQ1JFQVRFIiwiU0NIX1NIT1ciLCJVU0VSX1NIT1ciLCJTQ0hfREVMRVRFIiwiUExBWUxJU1RfVVBEQVRFIiwiREVWSUNFX1NIT1ciLCJNRURJQV9VUERBVEUiLCJERVZJQ0VfVVBEQVRFIiwiUExBWUxJU1RfREVMRVRFIiwiVVNFUl9DUkVBVEUiLCJERVZJQ0VfQ1JFQVRFIiwiTUVESUFfQVBQUk9WRSIsIlVTRVJfREVMRVRFIiwiU0NIX1VQREFURSIsIlNDSF9DUkVBVEUiLCJQTEFZTElTVF9DUkVBVEUiLCJURU1QTEFURV9VUERBVEUiLCJNRURJQV9DUkVBVEUiLCJNRURJQV9ERUxFVEUiLCJERVZJQ0VfREVMRVRFIl0sImV4cCI6MTYxNjkxMDQ3MiwiaXNzIjoibG9jYWxob3N0OjkwMDAiLCJhdWQiOiJsb2NhbGhvc3Q6OTAwMCJ9.w5SbJiIZ87pr2VB6E8bINSPmMeLKxSPUEjnywxjEy3A', '2021-03-27 05:47:52'),
('62eab318-c6e4-46d8-8a32-b38642731dfe', 'eyJhbGciOiJIUzI1NiIsInR5cCI6IkpXVCJ9.eyJ1c2VyX2VtYWlsIjoidGhpZW4udnVAYWx0YS5jb20udm4iLCJ1c2VyX2lkIjoiYmIwOTIyMDQtNDQ1ZS00N2FmLTliZmYtODEyNTM3MDIwMTM2IiwiaXNfbGV2ZWwiOiIwIiwiZ3JvdXBfaWQiOiI3MDcyNzg4ZC05YTBlLTQwMTUtYjRiMi01NjFiNDQxZDkxNTAiLCJodHRwOi8vc2NoZW1hcy5taWNyb3NvZnQuY29tL3dzLzIwMDgvMDYvaWRlbnRpdHkvY2xhaW1zL3JvbGUiOlsiU0NIX0NSRUFURSIsIlVTRVJfVVBEQVRFIiwiREVWSUNFX1NIT1ciLCJNRURJQV9BUFBST1ZFIiwiTUVESUFfVVBEQVRFIiwiUk9MRV9DUkVBVEUiLCJST0xFX1NIT1ciLCJVU0VSX0NSRUFURSIsIlBMQVlMSVNUX0RFTEVURSIsIlRFTVBMQVRFX0NSRUFURSIsIlJPTEVfREVMRVRFIiwiVVNFUl9ERUxFVEUiLCJNRURJQV9DUkVBVEUiLCJTQ0hfREVMRVRFIiwiREVWSUNFX0RFTEVURSIsIk1FRElBX0RFTEVURSIsIlRFTVBMQVRFX0RFTEVURSIsIlRFTVBMQVRFX1VQREFURSIsIlJPTEVfVVBEQVRFIiwiUExBWUxJU1RfQ1JFQVRFIiwiU0NIX1NIT1ciLCJERVZJQ0VfQ1JFQVRFIiwiU0NIX1VQREFURSIsIlBMQVlMSVNUX1VQREFURSIsIkRFVklDRV9VUERBVEUiLCJURU1QTEFURV9TSE9XIiwiVVNFUl9TSE9XIl0sIlBlcm1pc3Npb25zIjpbIlNDSF9DUkVBVEUiLCJVU0VSX1VQREFURSIsIkRFVklDRV9TSE9XIiwiTUVESUFfQVBQUk9WRSIsIk1FRElBX1VQREFURSIsIlJPTEVfQ1JFQVRFIiwiUk9MRV9TSE9XIiwiVVNFUl9DUkVBVEUiLCJQTEFZTElTVF9ERUxFVEUiLCJURU1QTEFURV9DUkVBVEUiLCJST0xFX0RFTEVURSIsIlVTRVJfREVMRVRFIiwiTUVESUFfQ1JFQVRFIiwiU0NIX0RFTEVURSIsIkRFVklDRV9ERUxFVEUiLCJNRURJQV9ERUxFVEUiLCJURU1QTEFURV9ERUxFVEUiLCJURU1QTEFURV9VUERBVEUiLCJST0xFX1VQREFURSIsIlBMQVlMSVNUX0NSRUFURSIsIlNDSF9TSE9XIiwiREVWSUNFX0NSRUFURSIsIlNDSF9VUERBVEUiLCJQTEFZTElTVF9VUERBVEUiLCJERVZJQ0VfVVBEQVRFIiwiVEVNUExBVEVfU0hPVyIsIlVTRVJfU0hPVyJdLCJleHAiOjE2MTcyNDYxODcsImlzcyI6ImxvY2FsaG9zdDo5MDAwIiwiYXVkIjoibG9jYWxob3N0OjkwMDAifQ.idb4q_sOCFq6EaLRt_OjzffumDCUrTDBmiRBGBxtXJw', '2021-03-31 03:03:07'),
('656d736a-ee9b-42c4-bd0f-4bf4107cb34a', 'eyJhbGciOiJIUzI1NiIsInR5cCI6IkpXVCJ9.eyJ1c2VyX2VtYWlsIjoibHV5ZW4ubGVAYWx0YS5jb20udm4iLCJ1c2VyX2lkIjoiMTVkYWJhNGItODAyNi00OGU0LThmYTYtMDdkMjk0MGUwMjQzIiwiaXNfbGV2ZWwiOiIwIiwiZ3JvdXBfaWQiOiIxNzI2MmVjMS00MjRjLTQ2YmItOTBkMS04ZTI5YWFlMmMyMGYiLCJodHRwOi8vc2NoZW1hcy5taWNyb3NvZnQuY29tL3dzLzIwMDgvMDYvaWRlbnRpdHkvY2xhaW1zL3JvbGUiOlsiREVWSUNFX0RFTEVURSIsIlRFTVBMQVRFX0NSRUFURSIsIkRFVklDRV9DUkVBVEUiLCJVU0VSX0NSRUFURSIsIlJPTEVfREVMRVRFIiwiUk9MRV9TSE9XIiwiTUVESUFfQ1JFQVRFIiwiUk9MRV9DUkVBVEUiLCJTQ0hfQ1JFQVRFIiwiVVNFUl9TSE9XIiwiUk9MRV9VUERBVEUiLCJURU1QTEFURV9ERUxFVEUiLCJQTEFZTElTVF9VUERBVEUiLCJQTEFZTElTVF9DUkVBVEUiLCJVU0VSX0RFTEVURSIsIlNDSF9TSE9XIiwiU0NIX1VQREFURSIsIk1FRElBX0RFTEVURSIsIlNDSF9ERUxFVEUiLCJNRURJQV9BUFBST1ZFIiwiREVWSUNFX1VQREFURSIsIlVTRVJfVVBEQVRFIiwiTUVESUFfVVBEQVRFIiwiVEVNUExBVEVfU0hPVyIsIlRFTVBMQVRFX1VQREFURSIsIlBMQVlMSVNUX0RFTEVURSIsIkRFVklDRV9TSE9XIl0sIlBlcm1pc3Npb25zIjpbIkRFVklDRV9ERUxFVEUiLCJURU1QTEFURV9DUkVBVEUiLCJERVZJQ0VfQ1JFQVRFIiwiVVNFUl9DUkVBVEUiLCJST0xFX0RFTEVURSIsIlJPTEVfU0hPVyIsIk1FRElBX0NSRUFURSIsIlJPTEVfQ1JFQVRFIiwiU0NIX0NSRUFURSIsIlVTRVJfU0hPVyIsIlJPTEVfVVBEQVRFIiwiVEVNUExBVEVfREVMRVRFIiwiUExBWUxJU1RfVVBEQVRFIiwiUExBWUxJU1RfQ1JFQVRFIiwiVVNFUl9ERUxFVEUiLCJTQ0hfU0hPVyIsIlNDSF9VUERBVEUiLCJNRURJQV9ERUxFVEUiLCJTQ0hfREVMRVRFIiwiTUVESUFfQVBQUk9WRSIsIkRFVklDRV9VUERBVEUiLCJVU0VSX1VQREFURSIsIk1FRElBX1VQREFURSIsIlRFTVBMQVRFX1NIT1ciLCJURU1QTEFURV9VUERBVEUiLCJQTEFZTElTVF9ERUxFVEUiLCJERVZJQ0VfU0hPVyJdLCJleHAiOjE2MTcwOTM3OTAsImlzcyI6ImxvY2FsaG9zdDo5MDAwIiwiYXVkIjoibG9jYWxob3N0OjkwMDAifQ.2zalXhdw-snDGZMTPsv_kw8tBtEwhFpmd0EOcapOd-4', '2021-03-29 08:43:10'),
('658a6805-9864-4ea7-9d21-309dc70c733a', 'eyJhbGciOiJIUzI1NiIsInR5cCI6IkpXVCJ9.eyJ1c2VyX2VtYWlsIjoiYUBhbHRhLmNvbSIsInVzZXJfaWQiOiJhMmM1MWM2NS1mZDVjLTQ1ZjItYTY0My1lODQxZGU1Zjc3MjkiLCJpc19sZXZlbCI6IjAiLCJncm91cF9pZCI6ImE0MzllNTg2LTRhYWEtNGMwMC04NTdkLWM5ZTBiNzYwNjQ2ZCIsImh0dHA6Ly9zY2hlbWFzLm1pY3Jvc29mdC5jb20vd3MvMjAwOC8wNi9pZGVudGl0eS9jbGFpbXMvcm9sZSI6WyJURU1QTEFURV9TSE9XIiwiVVNFUl9VUERBVEUiLCJURU1QTEFURV9ERUxFVEUiLCJURU1QTEFURV9DUkVBVEUiLCJTQ0hfU0hPVyIsIlVTRVJfU0hPVyIsIlNDSF9ERUxFVEUiLCJQTEFZTElTVF9VUERBVEUiLCJERVZJQ0VfU0hPVyIsIk1FRElBX1VQREFURSIsIkRFVklDRV9VUERBVEUiLCJQTEFZTElTVF9ERUxFVEUiLCJVU0VSX0NSRUFURSIsIkRFVklDRV9DUkVBVEUiLCJNRURJQV9BUFBST1ZFIiwiVVNFUl9ERUxFVEUiLCJTQ0hfVVBEQVRFIiwiU0NIX0NSRUFURSIsIlBMQVlMSVNUX0NSRUFURSIsIlRFTVBMQVRFX1VQREFURSIsIk1FRElBX0NSRUFURSIsIk1FRElBX0RFTEVURSIsIkRFVklDRV9ERUxFVEUiXSwiUGVybWlzc2lvbnMiOlsiVEVNUExBVEVfU0hPVyIsIlVTRVJfVVBEQVRFIiwiVEVNUExBVEVfREVMRVRFIiwiVEVNUExBVEVfQ1JFQVRFIiwiU0NIX1NIT1ciLCJVU0VSX1NIT1ciLCJTQ0hfREVMRVRFIiwiUExBWUxJU1RfVVBEQVRFIiwiREVWSUNFX1NIT1ciLCJNRURJQV9VUERBVEUiLCJERVZJQ0VfVVBEQVRFIiwiUExBWUxJU1RfREVMRVRFIiwiVVNFUl9DUkVBVEUiLCJERVZJQ0VfQ1JFQVRFIiwiTUVESUFfQVBQUk9WRSIsIlVTRVJfREVMRVRFIiwiU0NIX1VQREFURSIsIlNDSF9DUkVBVEUiLCJQTEFZTElTVF9DUkVBVEUiLCJURU1QTEFURV9VUERBVEUiLCJNRURJQV9DUkVBVEUiLCJNRURJQV9ERUxFVEUiLCJERVZJQ0VfREVMRVRFIl0sImV4cCI6MTYxNjgzMzgyNCwiaXNzIjoibG9jYWxob3N0OjkwMDAiLCJhdWQiOiJsb2NhbGhvc3Q6OTAwMCJ9.ECk5q8DAjofaErutyYn7l_MygUPjgXinG_QYvVs-xpI', '2021-03-26 08:30:24'),
('67478c62-81d9-4c60-8ead-3d8143323e85', 'eyJhbGciOiJIUzI1NiIsInR5cCI6IkpXVCJ9.eyJ1c2VyX2VtYWlsIjoibm9yZXBseUBhbHRhLmNvbS52biIsInVzZXJfaWQiOiIwMDg2MzJmZS1jMjc5LTQ4YzEtYjg5ZS04ODJmZGNiOTllOGYiLCJpc19sZXZlbCI6IjEiLCJncm91cF9pZCI6IiIsImh0dHA6Ly9zY2hlbWFzLm1pY3Jvc29mdC5jb20vd3MvMjAwOC8wNi9pZGVudGl0eS9jbGFpbXMvcm9sZSI6WyJTUF9HUk9VUF9ERUxFVEUiLCJTUF9ERVZJQ0VfU0hPVyIsIlNQX0dST1VQX0NSRUFURSIsIlNQX1JPTEVfU0hPVyIsIlNQX0RFVklDRV9DUkVBVEUiLCJTUF9VU0VSX0NSRUFURSIsIlNQX0RFVklDRV9VUERBVEUiLCJTUF9VU0VSX1VQREFURSIsIlNQX1JPTEVfQ1JFQVRFIiwiU1BfUk9MRV9ERUxFVEUiLCJTUF9HUk9VUF9VUERBVEUiLCJTUF9ST0xFX1VQREFURSIsIlNQX0dST1VQX1NIT1ciLCJTUF9VU0VSX0RFTEVURSIsIlNQX0RFVklDRV9ERUxFVEUiLCJTUF9VU0VSX1NIT1ciXSwiUGVybWlzc2lvbnMiOlsiU1BfR1JPVVBfREVMRVRFIiwiU1BfREVWSUNFX1NIT1ciLCJTUF9HUk9VUF9DUkVBVEUiLCJTUF9ST0xFX1NIT1ciLCJTUF9ERVZJQ0VfQ1JFQVRFIiwiU1BfVVNFUl9DUkVBVEUiLCJTUF9ERVZJQ0VfVVBEQVRFIiwiU1BfVVNFUl9VUERBVEUiLCJTUF9ST0xFX0NSRUFURSIsIlNQX1JPTEVfREVMRVRFIiwiU1BfR1JPVVBfVVBEQVRFIiwiU1BfUk9MRV9VUERBVEUiLCJTUF9HUk9VUF9TSE9XIiwiU1BfVVNFUl9ERUxFVEUiLCJTUF9ERVZJQ0VfREVMRVRFIiwiU1BfVVNFUl9TSE9XIl0sImV4cCI6MTYxNjgzMjI4NiwiaXNzIjoibG9jYWxob3N0OjkwMDAiLCJhdWQiOiJsb2NhbGhvc3Q6OTAwMCJ9.6KJx0zlg-WmFuSMkot3zQUsTX82MMlGj8ynTcg7h7lQ', '2021-03-26 08:04:46'),
('6cf045a3-1178-4d1d-b177-e1504b4358a8', 'eyJhbGciOiJIUzI1NiIsInR5cCI6IkpXVCJ9.eyJ1c2VyX2VtYWlsIjoiYUBhbHRhLmNvbSIsInVzZXJfaWQiOiJhMmM1MWM2NS1mZDVjLTQ1ZjItYTY0My1lODQxZGU1Zjc3MjkiLCJpc19sZXZlbCI6IjAiLCJncm91cF9pZCI6ImE0MzllNTg2LTRhYWEtNGMwMC04NTdkLWM5ZTBiNzYwNjQ2ZCIsImh0dHA6Ly9zY2hlbWFzLm1pY3Jvc29mdC5jb20vd3MvMjAwOC8wNi9pZGVudGl0eS9jbGFpbXMvcm9sZSI6WyJURU1QTEFURV9TSE9XIiwiVVNFUl9VUERBVEUiLCJURU1QTEFURV9ERUxFVEUiLCJURU1QTEFURV9DUkVBVEUiLCJTQ0hfU0hPVyIsIlVTRVJfU0hPVyIsIlNDSF9ERUxFVEUiLCJQTEFZTElTVF9VUERBVEUiLCJERVZJQ0VfU0hPVyIsIk1FRElBX1VQREFURSIsIkRFVklDRV9VUERBVEUiLCJQTEFZTElTVF9ERUxFVEUiLCJVU0VSX0NSRUFURSIsIkRFVklDRV9DUkVBVEUiLCJNRURJQV9BUFBST1ZFIiwiVVNFUl9ERUxFVEUiLCJTQ0hfVVBEQVRFIiwiU0NIX0NSRUFURSIsIlBMQVlMSVNUX0NSRUFURSIsIlRFTVBMQVRFX1VQREFURSIsIk1FRElBX0NSRUFURSIsIk1FRElBX0RFTEVURSIsIkRFVklDRV9ERUxFVEUiXSwiUGVybWlzc2lvbnMiOlsiVEVNUExBVEVfU0hPVyIsIlVTRVJfVVBEQVRFIiwiVEVNUExBVEVfREVMRVRFIiwiVEVNUExBVEVfQ1JFQVRFIiwiU0NIX1NIT1ciLCJVU0VSX1NIT1ciLCJTQ0hfREVMRVRFIiwiUExBWUxJU1RfVVBEQVRFIiwiREVWSUNFX1NIT1ciLCJNRURJQV9VUERBVEUiLCJERVZJQ0VfVVBEQVRFIiwiUExBWUxJU1RfREVMRVRFIiwiVVNFUl9DUkVBVEUiLCJERVZJQ0VfQ1JFQVRFIiwiTUVESUFfQVBQUk9WRSIsIlVTRVJfREVMRVRFIiwiU0NIX1VQREFURSIsIlNDSF9DUkVBVEUiLCJQTEFZTElTVF9DUkVBVEUiLCJURU1QTEFURV9VUERBVEUiLCJNRURJQV9DUkVBVEUiLCJNRURJQV9ERUxFVEUiLCJERVZJQ0VfREVMRVRFIl0sImV4cCI6MTYxNjgzMzA1MiwiaXNzIjoibG9jYWxob3N0OjkwMDAiLCJhdWQiOiJsb2NhbGhvc3Q6OTAwMCJ9.YD305RlsVcF9zP3D7Z9RiB6BrTXL27HfMGwHfzuhWo8', '2021-03-26 08:17:32'),
('6d7060fc-8953-43a5-b6e7-1855253e9b9c', 'eyJhbGciOiJIUzI1NiIsInR5cCI6IkpXVCJ9.eyJ1c2VyX2VtYWlsIjoiYUBhbHRhLmNvbSIsInVzZXJfaWQiOiJhMmM1MWM2NS1mZDVjLTQ1ZjItYTY0My1lODQxZGU1Zjc3MjkiLCJpc19sZXZlbCI6IjAiLCJncm91cF9pZCI6ImE0MzllNTg2LTRhYWEtNGMwMC04NTdkLWM5ZTBiNzYwNjQ2ZCIsImh0dHA6Ly9zY2hlbWFzLm1pY3Jvc29mdC5jb20vd3MvMjAwOC8wNi9pZGVudGl0eS9jbGFpbXMvcm9sZSI6WyJURU1QTEFURV9TSE9XIiwiVVNFUl9VUERBVEUiLCJURU1QTEFURV9ERUxFVEUiLCJURU1QTEFURV9DUkVBVEUiLCJTQ0hfU0hPVyIsIlVTRVJfU0hPVyIsIlNDSF9ERUxFVEUiLCJQTEFZTElTVF9VUERBVEUiLCJERVZJQ0VfU0hPVyIsIk1FRElBX1VQREFURSIsIkRFVklDRV9VUERBVEUiLCJQTEFZTElTVF9ERUxFVEUiLCJVU0VSX0NSRUFURSIsIkRFVklDRV9DUkVBVEUiLCJNRURJQV9BUFBST1ZFIiwiVVNFUl9ERUxFVEUiLCJTQ0hfVVBEQVRFIiwiU0NIX0NSRUFURSIsIlBMQVlMSVNUX0NSRUFURSIsIlRFTVBMQVRFX1VQREFURSIsIk1FRElBX0NSRUFURSIsIk1FRElBX0RFTEVURSIsIkRFVklDRV9ERUxFVEUiXSwiUGVybWlzc2lvbnMiOlsiVEVNUExBVEVfU0hPVyIsIlVTRVJfVVBEQVRFIiwiVEVNUExBVEVfREVMRVRFIiwiVEVNUExBVEVfQ1JFQVRFIiwiU0NIX1NIT1ciLCJVU0VSX1NIT1ciLCJTQ0hfREVMRVRFIiwiUExBWUxJU1RfVVBEQVRFIiwiREVWSUNFX1NIT1ciLCJNRURJQV9VUERBVEUiLCJERVZJQ0VfVVBEQVRFIiwiUExBWUxJU1RfREVMRVRFIiwiVVNFUl9DUkVBVEUiLCJERVZJQ0VfQ1JFQVRFIiwiTUVESUFfQVBQUk9WRSIsIlVTRVJfREVMRVRFIiwiU0NIX1VQREFURSIsIlNDSF9DUkVBVEUiLCJQTEFZTElTVF9DUkVBVEUiLCJURU1QTEFURV9VUERBVEUiLCJNRURJQV9DUkVBVEUiLCJNRURJQV9ERUxFVEUiLCJERVZJQ0VfREVMRVRFIl0sImV4cCI6MTYxNjgzMzcwOSwiaXNzIjoibG9jYWxob3N0OjkwMDAiLCJhdWQiOiJsb2NhbGhvc3Q6OTAwMCJ9.cxyubqwdPwzNLGObc6Edxyqwl6aOVWHX3XbOnx5G4XA', '2021-03-26 08:28:29'),
('717f05f2-5a31-47d9-9fab-cd9527e369ba', 'eyJhbGciOiJIUzI1NiIsInR5cCI6IkpXVCJ9.eyJ1c2VyX2VtYWlsIjoibHV5ZW4ubGVAYWx0YS5jb20udm4iLCJ1c2VyX2lkIjoiMTVkYWJhNGItODAyNi00OGU0LThmYTYtMDdkMjk0MGUwMjQzIiwiaXNfbGV2ZWwiOiIwIiwiZ3JvdXBfaWQiOiIxNzI2MmVjMS00MjRjLTQ2YmItOTBkMS04ZTI5YWFlMmMyMGYiLCJodHRwOi8vc2NoZW1hcy5taWNyb3NvZnQuY29tL3dzLzIwMDgvMDYvaWRlbnRpdHkvY2xhaW1zL3JvbGUiOlsiREVWSUNFX0RFTEVURSIsIlRFTVBMQVRFX0NSRUFURSIsIkRFVklDRV9DUkVBVEUiLCJVU0VSX0NSRUFURSIsIlJPTEVfREVMRVRFIiwiUk9MRV9TSE9XIiwiTUVESUFfQ1JFQVRFIiwiUk9MRV9DUkVBVEUiLCJTQ0hfQ1JFQVRFIiwiVVNFUl9TSE9XIiwiUk9MRV9VUERBVEUiLCJURU1QTEFURV9ERUxFVEUiLCJQTEFZTElTVF9VUERBVEUiLCJQTEFZTElTVF9DUkVBVEUiLCJVU0VSX0RFTEVURSIsIlNDSF9TSE9XIiwiU0NIX1VQREFURSIsIk1FRElBX0RFTEVURSIsIlNDSF9ERUxFVEUiLCJNRURJQV9BUFBST1ZFIiwiREVWSUNFX1VQREFURSIsIlVTRVJfVVBEQVRFIiwiTUVESUFfVVBEQVRFIiwiVEVNUExBVEVfU0hPVyIsIlRFTVBMQVRFX1VQREFURSIsIlBMQVlMSVNUX0RFTEVURSIsIkRFVklDRV9TSE9XIl0sIlBlcm1pc3Npb25zIjpbIkRFVklDRV9ERUxFVEUiLCJURU1QTEFURV9DUkVBVEUiLCJERVZJQ0VfQ1JFQVRFIiwiVVNFUl9DUkVBVEUiLCJST0xFX0RFTEVURSIsIlJPTEVfU0hPVyIsIk1FRElBX0NSRUFURSIsIlJPTEVfQ1JFQVRFIiwiU0NIX0NSRUFURSIsIlVTRVJfU0hPVyIsIlJPTEVfVVBEQVRFIiwiVEVNUExBVEVfREVMRVRFIiwiUExBWUxJU1RfVVBEQVRFIiwiUExBWUxJU1RfQ1JFQVRFIiwiVVNFUl9ERUxFVEUiLCJTQ0hfU0hPVyIsIlNDSF9VUERBVEUiLCJNRURJQV9ERUxFVEUiLCJTQ0hfREVMRVRFIiwiTUVESUFfQVBQUk9WRSIsIkRFVklDRV9VUERBVEUiLCJVU0VSX1VQREFURSIsIk1FRElBX1VQREFURSIsIlRFTVBMQVRFX1NIT1ciLCJURU1QTEFURV9VUERBVEUiLCJQTEFZTElTVF9ERUxFVEUiLCJERVZJQ0VfU0hPVyJdLCJleHAiOjE2MTcwODA5MTAsImlzcyI6ImxvY2FsaG9zdDo5MDAwIiwiYXVkIjoibG9jYWxob3N0OjkwMDAifQ.FLlhGPnSQJi22QGQuzxE0vPJ8-zJf2wdjEVWN9KhRcs', '2021-03-29 05:08:30'),
('76b5fef5-babb-4efb-8877-9071876cc1e5', 'eyJhbGciOiJIUzI1NiIsInR5cCI6IkpXVCJ9.eyJ1c2VyX2VtYWlsIjoidG9pLmh1eW5oQGFsdGEuY29tLnZuIiwidXNlcl9pZCI6IjIyM2NmZTRlLWJlNGUtNDYwNy1iZDQyLTQ4NDRmMzI1Nzg2MSIsImlzX2xldmVsIjoiMCIsImdyb3VwX2lkIjoiMTcyNjJlYzEtNDI0Yy00NmJiLTkwZDEtOGUyOWFhZTJjMjBmIiwiaHR0cDovL3NjaGVtYXMubWljcm9zb2Z0LmNvbS93cy8yMDA4LzA2L2lkZW50aXR5L2NsYWltcy9yb2xlIjpbIk1FRElBX0NSRUFURSIsIlJPTEVfQ1JFQVRFIiwiUExBWUxJU1RfQ1JFQVRFIiwiU0NIX0NSRUFURSIsIlVTRVJfVVBEQVRFIiwiUk9MRV9VUERBVEUiLCJQTEFZTElTVF9VUERBVEUiLCJURU1QTEFURV9TSEFSRSIsIlNDSF9ERUxFVEUiLCJQTEFZTElTVF9ERUxFVEUiLCJURU1QTEFURV9DUkVBVEUiLCJTQ0hfVVBEQVRFIiwiREVWSUNFX1VQREFURSIsIlJPTEVfU0hPVyIsIlVTRVJfREVMRVRFIiwiUk9MRV9ERUxFVEUiLCJNRURJQV9VUERBVEUiLCJERVZJQ0VfREVMRVRFIiwiVEVNUExBVEVfU0hPVyIsIk1FRElBX0FQUFJPVkUiLCJVU0VSX1NIT1ciLCJERVZJQ0VfU0hPVyIsIlRFTVBMQVRFX1VQREFURSIsIk1FRElBX0RFTEVURSIsIkRFVklDRV9DUkVBVEUiLCJURU1QTEFURV9ERUxFVEUiLCJTQ0hfU0hPVyIsIlVTRVJfQ1JFQVRFIl0sIlBlcm1pc3Npb25zIjpbIk1FRElBX0NSRUFURSIsIlJPTEVfQ1JFQVRFIiwiUExBWUxJU1RfQ1JFQVRFIiwiU0NIX0NSRUFURSIsIlVTRVJfVVBEQVRFIiwiUk9MRV9VUERBVEUiLCJQTEFZTElTVF9VUERBVEUiLCJURU1QTEFURV9TSEFSRSIsIlNDSF9ERUxFVEUiLCJQTEFZTElTVF9ERUxFVEUiLCJURU1QTEFURV9DUkVBVEUiLCJTQ0hfVVBEQVRFIiwiREVWSUNFX1VQREFURSIsIlJPTEVfU0hPVyIsIlVTRVJfREVMRVRFIiwiUk9MRV9ERUxFVEUiLCJNRURJQV9VUERBVEUiLCJERVZJQ0VfREVMRVRFIiwiVEVNUExBVEVfU0hPVyIsIk1FRElBX0FQUFJPVkUiLCJVU0VSX1NIT1ciLCJERVZJQ0VfU0hPVyIsIlRFTVBMQVRFX1VQREFURSIsIk1FRElBX0RFTEVURSIsIkRFVklDRV9DUkVBVEUiLCJURU1QTEFURV9ERUxFVEUiLCJTQ0hfU0hPVyIsIlVTRVJfQ1JFQVRFIl0sImV4cCI6MTYxNzI1NTk5MywiaXNzIjoibG9jYWxob3N0OjkwMDAiLCJhdWQiOiJsb2NhbGhvc3Q6OTAwMCJ9.FjkaXs5H0o9mQu1QfH9_0VSZBpLODVA4XfvGvNaU-uc', '2021-03-31 05:46:33'),
('7a5fc320-14d4-4b7a-b6be-bd5d32722cff', 'eyJhbGciOiJIUzI1NiIsInR5cCI6IkpXVCJ9.eyJ1c2VyX2VtYWlsIjoibm9yZXBseUBhbHRhLmNvbS52biIsInVzZXJfaWQiOiIwMDg2MzJmZS1jMjc5LTQ4YzEtYjg5ZS04ODJmZGNiOTllOGYiLCJpc19sZXZlbCI6IjEiLCJncm91cF9pZCI6IiIsImh0dHA6Ly9zY2hlbWFzLm1pY3Jvc29mdC5jb20vd3MvMjAwOC8wNi9pZGVudGl0eS9jbGFpbXMvcm9sZSI6WyJTUF9HUk9VUF9ERUxFVEUiLCJTUF9ERVZJQ0VfU0hPVyIsIlNQX0dST1VQX0NSRUFURSIsIlNQX1JPTEVfU0hPVyIsIlNQX0RFVklDRV9DUkVBVEUiLCJTUF9VU0VSX0NSRUFURSIsIlNQX0RFVklDRV9VUERBVEUiLCJTUF9VU0VSX1VQREFURSIsIlNQX1JPTEVfQ1JFQVRFIiwiU1BfUk9MRV9ERUxFVEUiLCJTUF9HUk9VUF9VUERBVEUiLCJTUF9ST0xFX1VQREFURSIsIlNQX0dST1VQX1NIT1ciLCJTUF9VU0VSX0RFTEVURSIsIlNQX0RFVklDRV9ERUxFVEUiLCJTUF9VU0VSX1NIT1ciXSwiUGVybWlzc2lvbnMiOlsiU1BfR1JPVVBfREVMRVRFIiwiU1BfREVWSUNFX1NIT1ciLCJTUF9HUk9VUF9DUkVBVEUiLCJTUF9ST0xFX1NIT1ciLCJTUF9ERVZJQ0VfQ1JFQVRFIiwiU1BfVVNFUl9DUkVBVEUiLCJTUF9ERVZJQ0VfVVBEQVRFIiwiU1BfVVNFUl9VUERBVEUiLCJTUF9ST0xFX0NSRUFURSIsIlNQX1JPTEVfREVMRVRFIiwiU1BfR1JPVVBfVVBEQVRFIiwiU1BfUk9MRV9VUERBVEUiLCJTUF9HUk9VUF9TSE9XIiwiU1BfVVNFUl9ERUxFVEUiLCJTUF9ERVZJQ0VfREVMRVRFIiwiU1BfVVNFUl9TSE9XIl0sImV4cCI6MTYxNzI2NTYxNywiaXNzIjoibG9jYWxob3N0OjkwMDAiLCJhdWQiOiJsb2NhbGhvc3Q6OTAwMCJ9.JfANen8-4b5xF3Su2uUI9IStNxL9Ky_UvkHSD_ehdDs', '2021-03-31 08:26:57'),
('7ad69176-3cb5-4b63-96f5-9c8de9982c93', 'eyJhbGciOiJIUzI1NiIsInR5cCI6IkpXVCJ9.eyJ1c2VyX2VtYWlsIjoibm9yZXBseUBhbHRhLmNvbS52biIsInVzZXJfaWQiOiIwMDg2MzJmZS1jMjc5LTQ4YzEtYjg5ZS04ODJmZGNiOTllOGYiLCJpc19sZXZlbCI6IjEiLCJncm91cF9pZCI6IiIsImh0dHA6Ly9zY2hlbWFzLm1pY3Jvc29mdC5jb20vd3MvMjAwOC8wNi9pZGVudGl0eS9jbGFpbXMvcm9sZSI6WyJTUF9HUk9VUF9ERUxFVEUiLCJTUF9ERVZJQ0VfU0hPVyIsIlNQX0dST1VQX0NSRUFURSIsIlNQX1JPTEVfU0hPVyIsIlNQX0RFVklDRV9DUkVBVEUiLCJTUF9VU0VSX0NSRUFURSIsIlNQX0RFVklDRV9VUERBVEUiLCJTUF9VU0VSX1VQREFURSIsIlNQX1JPTEVfQ1JFQVRFIiwiU1BfUk9MRV9ERUxFVEUiLCJTUF9HUk9VUF9VUERBVEUiLCJTUF9ST0xFX1VQREFURSIsIlNQX0dST1VQX1NIT1ciLCJTUF9VU0VSX0RFTEVURSIsIlNQX0RFVklDRV9ERUxFVEUiLCJTUF9VU0VSX1NIT1ciXSwiUGVybWlzc2lvbnMiOlsiU1BfR1JPVVBfREVMRVRFIiwiU1BfREVWSUNFX1NIT1ciLCJTUF9HUk9VUF9DUkVBVEUiLCJTUF9ST0xFX1NIT1ciLCJTUF9ERVZJQ0VfQ1JFQVRFIiwiU1BfVVNFUl9DUkVBVEUiLCJTUF9ERVZJQ0VfVVBEQVRFIiwiU1BfVVNFUl9VUERBVEUiLCJTUF9ST0xFX0NSRUFURSIsIlNQX1JPTEVfREVMRVRFIiwiU1BfR1JPVVBfVVBEQVRFIiwiU1BfUk9MRV9VUERBVEUiLCJTUF9HUk9VUF9TSE9XIiwiU1BfVVNFUl9ERUxFVEUiLCJTUF9ERVZJQ0VfREVMRVRFIiwiU1BfVVNFUl9TSE9XIl0sImV4cCI6MTYxNjg0MTQwMCwiaXNzIjoibG9jYWxob3N0OjkwMDAiLCJhdWQiOiJsb2NhbGhvc3Q6OTAwMCJ9.9TOFtQNJ630FZgoVJ4cms_6ZeBjHFtt3_4kKeCFbphw', '2021-03-26 10:36:40'),
('7b63f7fd-d087-4b61-9f56-5b75f9c26b1c', 'eyJhbGciOiJIUzI1NiIsInR5cCI6IkpXVCJ9.eyJ1c2VyX2VtYWlsIjoibHV5ZW4ubGUyQGFsdGEuY29tLnZuIiwidXNlcl9pZCI6ImVmNDBkOGJhLTVmMzYtNGYwOC1iMWJlLTAxZmUyMmNkYzI5MiIsImlzX2xldmVsIjoiMCIsImdyb3VwX2lkIjoiMTcyNjJlYzEtNDI0Yy00NmJiLTkwZDEtOGUyOWFhZTJjMjBmIiwiaHR0cDovL3NjaGVtYXMubWljcm9zb2Z0LmNvbS93cy8yMDA4LzA2L2lkZW50aXR5L2NsYWltcy9yb2xlIjpbIkRFVklDRV9TSE9XIiwiTUVESUFfREVMRVRFIiwiREVWSUNFX0NSRUFURSIsIk1FRElBX1VQREFURSIsIlRFTVBMQVRFX0NSRUFURSIsIlVTRVJfQ1JFQVRFIiwiVEVNUExBVEVfVVBEQVRFIiwiREVWSUNFX1VQREFURSIsIlRFTVBMQVRFX0RFTEVURSIsIlJPTEVfU0hPVyIsIk1FRElBX0NSRUFURSIsIlBMQVlMSVNUX1VQREFURSIsIlVTRVJfU0hPVyIsIlNDSF9DUkVBVEUiLCJURU1QTEFURV9TSE9XIiwiREVWSUNFX0RFTEVURSIsIlNDSF9ERUxFVEUiLCJQTEFZTElTVF9DUkVBVEUiLCJVU0VSX1VQREFURSIsIlJPTEVfQ1JFQVRFIiwiU0NIX1NIT1ciLCJVU0VSX0RFTEVURSIsIlJPTEVfVVBEQVRFIiwiUk9MRV9ERUxFVEUiLCJNRURJQV9BUFBST1ZFIiwiU0NIX1VQREFURSIsIlBMQVlMSVNUX0RFTEVURSJdLCJQZXJtaXNzaW9ucyI6WyJERVZJQ0VfU0hPVyIsIk1FRElBX0RFTEVURSIsIkRFVklDRV9DUkVBVEUiLCJNRURJQV9VUERBVEUiLCJURU1QTEFURV9DUkVBVEUiLCJVU0VSX0NSRUFURSIsIlRFTVBMQVRFX1VQREFURSIsIkRFVklDRV9VUERBVEUiLCJURU1QTEFURV9ERUxFVEUiLCJST0xFX1NIT1ciLCJNRURJQV9DUkVBVEUiLCJQTEFZTElTVF9VUERBVEUiLCJVU0VSX1NIT1ciLCJTQ0hfQ1JFQVRFIiwiVEVNUExBVEVfU0hPVyIsIkRFVklDRV9ERUxFVEUiLCJTQ0hfREVMRVRFIiwiUExBWUxJU1RfQ1JFQVRFIiwiVVNFUl9VUERBVEUiLCJST0xFX0NSRUFURSIsIlNDSF9TSE9XIiwiVVNFUl9ERUxFVEUiLCJST0xFX1VQREFURSIsIlJPTEVfREVMRVRFIiwiTUVESUFfQVBQUk9WRSIsIlNDSF9VUERBVEUiLCJQTEFZTElTVF9ERUxFVEUiXSwiZXhwIjoxNjE2OTI3ODY4LCJpc3MiOiJsb2NhbGhvc3Q6OTAwMCIsImF1ZCI6ImxvY2FsaG9zdDo5MDAwIn0.hWRoJ1WkV7yllY-xbTtbV2NrvjHu7XGhXdpk9Pu5JV0', '2021-03-27 10:37:48'),
('7c578108-c53b-400c-b2f2-3af5682af3d6', 'eyJhbGciOiJIUzI1NiIsInR5cCI6IkpXVCJ9.eyJ1c2VyX2VtYWlsIjoiYUBhbHRhLmNvbSIsInVzZXJfaWQiOiJhMmM1MWM2NS1mZDVjLTQ1ZjItYTY0My1lODQxZGU1Zjc3MjkiLCJpc19sZXZlbCI6IjAiLCJncm91cF9pZCI6ImE0MzllNTg2LTRhYWEtNGMwMC04NTdkLWM5ZTBiNzYwNjQ2ZCIsImh0dHA6Ly9zY2hlbWFzLm1pY3Jvc29mdC5jb20vd3MvMjAwOC8wNi9pZGVudGl0eS9jbGFpbXMvcm9sZSI6WyJURU1QTEFURV9TSE9XIiwiVVNFUl9VUERBVEUiLCJURU1QTEFURV9ERUxFVEUiLCJURU1QTEFURV9DUkVBVEUiLCJTQ0hfU0hPVyIsIlVTRVJfU0hPVyIsIlNDSF9ERUxFVEUiLCJQTEFZTElTVF9VUERBVEUiLCJERVZJQ0VfU0hPVyIsIk1FRElBX1VQREFURSIsIkRFVklDRV9VUERBVEUiLCJQTEFZTElTVF9ERUxFVEUiLCJVU0VSX0NSRUFURSIsIkRFVklDRV9DUkVBVEUiLCJNRURJQV9BUFBST1ZFIiwiVVNFUl9ERUxFVEUiLCJTQ0hfVVBEQVRFIiwiU0NIX0NSRUFURSIsIlBMQVlMSVNUX0NSRUFURSIsIlRFTVBMQVRFX1VQREFURSIsIk1FRElBX0NSRUFURSIsIk1FRElBX0RFTEVURSIsIkRFVklDRV9ERUxFVEUiXSwiUGVybWlzc2lvbnMiOlsiVEVNUExBVEVfU0hPVyIsIlVTRVJfVVBEQVRFIiwiVEVNUExBVEVfREVMRVRFIiwiVEVNUExBVEVfQ1JFQVRFIiwiU0NIX1NIT1ciLCJVU0VSX1NIT1ciLCJTQ0hfREVMRVRFIiwiUExBWUxJU1RfVVBEQVRFIiwiREVWSUNFX1NIT1ciLCJNRURJQV9VUERBVEUiLCJERVZJQ0VfVVBEQVRFIiwiUExBWUxJU1RfREVMRVRFIiwiVVNFUl9DUkVBVEUiLCJERVZJQ0VfQ1JFQVRFIiwiTUVESUFfQVBQUk9WRSIsIlVTRVJfREVMRVRFIiwiU0NIX1VQREFURSIsIlNDSF9DUkVBVEUiLCJQTEFZTElTVF9DUkVBVEUiLCJURU1QTEFURV9VUERBVEUiLCJNRURJQV9DUkVBVEUiLCJNRURJQV9ERUxFVEUiLCJERVZJQ0VfREVMRVRFIl0sImV4cCI6MTYxNjkxOTQ5MSwiaXNzIjoibG9jYWxob3N0OjkwMDAiLCJhdWQiOiJsb2NhbGhvc3Q6OTAwMCJ9.NtD9bdU2qFQSzyi49fSpKxOoUUoouQ0EZ_gS1StG4sQ', '2021-03-27 08:18:11'),
('8143c7fa-71cd-431e-9c37-b6bd6033583c', 'eyJhbGciOiJIUzI1NiIsInR5cCI6IkpXVCJ9.eyJ1c2VyX2VtYWlsIjoibHV5ZW4ubGVAYWx0YS5jb20udm4iLCJ1c2VyX2lkIjoiMTVkYWJhNGItODAyNi00OGU0LThmYTYtMDdkMjk0MGUwMjQzIiwiaXNfbGV2ZWwiOiIwIiwiZ3JvdXBfaWQiOiIxNzI2MmVjMS00MjRjLTQ2YmItOTBkMS04ZTI5YWFlMmMyMGYiLCJodHRwOi8vc2NoZW1hcy5taWNyb3NvZnQuY29tL3dzLzIwMDgvMDYvaWRlbnRpdHkvY2xhaW1zL3JvbGUiOlsiREVWSUNFX0RFTEVURSIsIlRFTVBMQVRFX0NSRUFURSIsIkRFVklDRV9DUkVBVEUiLCJVU0VSX0NSRUFURSIsIlJPTEVfREVMRVRFIiwiUk9MRV9TSE9XIiwiTUVESUFfQ1JFQVRFIiwiUk9MRV9DUkVBVEUiLCJTQ0hfQ1JFQVRFIiwiVVNFUl9TSE9XIiwiUk9MRV9VUERBVEUiLCJURU1QTEFURV9ERUxFVEUiLCJQTEFZTElTVF9VUERBVEUiLCJQTEFZTElTVF9DUkVBVEUiLCJVU0VSX0RFTEVURSIsIlNDSF9TSE9XIiwiU0NIX1VQREFURSIsIk1FRElBX0RFTEVURSIsIlNDSF9ERUxFVEUiLCJNRURJQV9BUFBST1ZFIiwiREVWSUNFX1VQREFURSIsIlVTRVJfVVBEQVRFIiwiTUVESUFfVVBEQVRFIiwiVEVNUExBVEVfU0hPVyIsIlRFTVBMQVRFX1VQREFURSIsIlBMQVlMSVNUX0RFTEVURSIsIkRFVklDRV9TSE9XIl0sIlBlcm1pc3Npb25zIjpbIkRFVklDRV9ERUxFVEUiLCJURU1QTEFURV9DUkVBVEUiLCJERVZJQ0VfQ1JFQVRFIiwiVVNFUl9DUkVBVEUiLCJST0xFX0RFTEVURSIsIlJPTEVfU0hPVyIsIk1FRElBX0NSRUFURSIsIlJPTEVfQ1JFQVRFIiwiU0NIX0NSRUFURSIsIlVTRVJfU0hPVyIsIlJPTEVfVVBEQVRFIiwiVEVNUExBVEVfREVMRVRFIiwiUExBWUxJU1RfVVBEQVRFIiwiUExBWUxJU1RfQ1JFQVRFIiwiVVNFUl9ERUxFVEUiLCJTQ0hfU0hPVyIsIlNDSF9VUERBVEUiLCJNRURJQV9ERUxFVEUiLCJTQ0hfREVMRVRFIiwiTUVESUFfQVBQUk9WRSIsIkRFVklDRV9VUERBVEUiLCJVU0VSX1VQREFURSIsIk1FRElBX1VQREFURSIsIlRFTVBMQVRFX1NIT1ciLCJURU1QTEFURV9VUERBVEUiLCJQTEFZTElTVF9ERUxFVEUiLCJERVZJQ0VfU0hPVyJdLCJleHAiOjE2MTcyNjUxNjEsImlzcyI6ImxvY2FsaG9zdDo5MDAwIiwiYXVkIjoibG9jYWxob3N0OjkwMDAifQ.icEEk5VddgihXy38rFwoMj9R89XU9shW3C4ifcQ9De0', '2021-03-31 08:19:21'),
('8308fee8-787b-4e05-b90f-6daf01f6722b', 'eyJhbGciOiJIUzI1NiIsInR5cCI6IkpXVCJ9.eyJ1c2VyX2VtYWlsIjoidG9pLmh1eW5oQGFsdGEuY29tLnZuIiwidXNlcl9pZCI6IjIyM2NmZTRlLWJlNGUtNDYwNy1iZDQyLTQ4NDRmMzI1Nzg2MSIsImlzX2xldmVsIjoiMCIsImdyb3VwX2lkIjoiMTcyNjJlYzEtNDI0Yy00NmJiLTkwZDEtOGUyOWFhZTJjMjBmIiwiaHR0cDovL3NjaGVtYXMubWljcm9zb2Z0LmNvbS93cy8yMDA4LzA2L2lkZW50aXR5L2NsYWltcy9yb2xlIjpbIk1FRElBX0NSRUFURSIsIlJPTEVfQ1JFQVRFIiwiUExBWUxJU1RfQ1JFQVRFIiwiU0NIX0NSRUFURSIsIlVTRVJfVVBEQVRFIiwiUk9MRV9VUERBVEUiLCJQTEFZTElTVF9VUERBVEUiLCJURU1QTEFURV9TSEFSRSIsIlNDSF9ERUxFVEUiLCJQTEFZTElTVF9ERUxFVEUiLCJURU1QTEFURV9DUkVBVEUiLCJTQ0hfVVBEQVRFIiwiREVWSUNFX1VQREFURSIsIlJPTEVfU0hPVyIsIlVTRVJfREVMRVRFIiwiUk9MRV9ERUxFVEUiLCJNRURJQV9VUERBVEUiLCJERVZJQ0VfREVMRVRFIiwiVEVNUExBVEVfU0hPVyIsIk1FRElBX0FQUFJPVkUiLCJVU0VSX1NIT1ciLCJERVZJQ0VfU0hPVyIsIlRFTVBMQVRFX1VQREFURSIsIk1FRElBX0RFTEVURSIsIkRFVklDRV9DUkVBVEUiLCJURU1QTEFURV9ERUxFVEUiLCJTQ0hfU0hPVyIsIlVTRVJfQ1JFQVRFIl0sIlBlcm1pc3Npb25zIjpbIk1FRElBX0NSRUFURSIsIlJPTEVfQ1JFQVRFIiwiUExBWUxJU1RfQ1JFQVRFIiwiU0NIX0NSRUFURSIsIlVTRVJfVVBEQVRFIiwiUk9MRV9VUERBVEUiLCJQTEFZTElTVF9VUERBVEUiLCJURU1QTEFURV9TSEFSRSIsIlNDSF9ERUxFVEUiLCJQTEFZTElTVF9ERUxFVEUiLCJURU1QTEFURV9DUkVBVEUiLCJTQ0hfVVBEQVRFIiwiREVWSUNFX1VQREFURSIsIlJPTEVfU0hPVyIsIlVTRVJfREVMRVRFIiwiUk9MRV9ERUxFVEUiLCJNRURJQV9VUERBVEUiLCJERVZJQ0VfREVMRVRFIiwiVEVNUExBVEVfU0hPVyIsIk1FRElBX0FQUFJPVkUiLCJVU0VSX1NIT1ciLCJERVZJQ0VfU0hPVyIsIlRFTVBMQVRFX1VQREFURSIsIk1FRElBX0RFTEVURSIsIkRFVklDRV9DUkVBVEUiLCJURU1QTEFURV9ERUxFVEUiLCJTQ0hfU0hPVyIsIlVTRVJfQ1JFQVRFIl0sImV4cCI6MTYxNzA4OTg1NCwiaXNzIjoibG9jYWxob3N0OjkwMDAiLCJhdWQiOiJsb2NhbGhvc3Q6OTAwMCJ9.QKUkP_rJT_W1JfWaCJ0ni1LZZzervDmN-EmYx6bM7PA', '2021-03-29 07:37:34'),
('852035b6-db82-42db-bfcf-ccf44f159cb0', 'eyJhbGciOiJIUzI1NiIsInR5cCI6IkpXVCJ9.eyJ1c2VyX2VtYWlsIjoibm9yZXBseUBhbHRhLmNvbS52biIsInVzZXJfaWQiOiIwMDg2MzJmZS1jMjc5LTQ4YzEtYjg5ZS04ODJmZGNiOTllOGYiLCJpc19sZXZlbCI6IjEiLCJncm91cF9pZCI6IiIsImh0dHA6Ly9zY2hlbWFzLm1pY3Jvc29mdC5jb20vd3MvMjAwOC8wNi9pZGVudGl0eS9jbGFpbXMvcm9sZSI6WyJTUF9HUk9VUF9ERUxFVEUiLCJTUF9ERVZJQ0VfU0hPVyIsIlNQX0dST1VQX0NSRUFURSIsIlNQX1JPTEVfU0hPVyIsIlNQX0RFVklDRV9DUkVBVEUiLCJTUF9VU0VSX0NSRUFURSIsIlNQX0RFVklDRV9VUERBVEUiLCJTUF9VU0VSX1VQREFURSIsIlNQX1JPTEVfQ1JFQVRFIiwiU1BfUk9MRV9ERUxFVEUiLCJTUF9HUk9VUF9VUERBVEUiLCJTUF9ST0xFX1VQREFURSIsIlNQX0dST1VQX1NIT1ciLCJTUF9VU0VSX0RFTEVURSIsIlNQX0RFVklDRV9ERUxFVEUiLCJTUF9VU0VSX1NIT1ciXSwiUGVybWlzc2lvbnMiOlsiU1BfR1JPVVBfREVMRVRFIiwiU1BfREVWSUNFX1NIT1ciLCJTUF9HUk9VUF9DUkVBVEUiLCJTUF9ST0xFX1NIT1ciLCJTUF9ERVZJQ0VfQ1JFQVRFIiwiU1BfVVNFUl9DUkVBVEUiLCJTUF9ERVZJQ0VfVVBEQVRFIiwiU1BfVVNFUl9VUERBVEUiLCJTUF9ST0xFX0NSRUFURSIsIlNQX1JPTEVfREVMRVRFIiwiU1BfR1JPVVBfVVBEQVRFIiwiU1BfUk9MRV9VUERBVEUiLCJTUF9HUk9VUF9TSE9XIiwiU1BfVVNFUl9ERUxFVEUiLCJTUF9ERVZJQ0VfREVMRVRFIiwiU1BfVVNFUl9TSE9XIl0sImV4cCI6MTYxNjgzMTE5MCwiaXNzIjoibG9jYWxob3N0OjkwMDAiLCJhdWQiOiJsb2NhbGhvc3Q6OTAwMCJ9.C5889RoWMYVfc3ckxvWh5PXzXRv0j0vvTPrGD8Olsgg', '2021-03-26 07:46:30'),
('8a6d764a-5a38-4938-86ca-541c6510404d', 'eyJhbGciOiJIUzI1NiIsInR5cCI6IkpXVCJ9.eyJ1c2VyX2VtYWlsIjoibm9yZXBseUBhbHRhLmNvbS52biIsInVzZXJfaWQiOiIwMDg2MzJmZS1jMjc5LTQ4YzEtYjg5ZS04ODJmZGNiOTllOGYiLCJpc19sZXZlbCI6IjEiLCJncm91cF9pZCI6IiIsImh0dHA6Ly9zY2hlbWFzLm1pY3Jvc29mdC5jb20vd3MvMjAwOC8wNi9pZGVudGl0eS9jbGFpbXMvcm9sZSI6WyJTUF9HUk9VUF9ERUxFVEUiLCJTUF9ERVZJQ0VfU0hPVyIsIlNQX0dST1VQX0NSRUFURSIsIlNQX1JPTEVfU0hPVyIsIlNQX0RFVklDRV9DUkVBVEUiLCJTUF9VU0VSX0NSRUFURSIsIlNQX0RFVklDRV9VUERBVEUiLCJTUF9VU0VSX1VQREFURSIsIlNQX1JPTEVfQ1JFQVRFIiwiU1BfUk9MRV9ERUxFVEUiLCJTUF9HUk9VUF9VUERBVEUiLCJTUF9ST0xFX1VQREFURSIsIlNQX0dST1VQX1NIT1ciLCJTUF9VU0VSX0RFTEVURSIsIlNQX0RFVklDRV9ERUxFVEUiLCJTUF9VU0VSX1NIT1ciXSwiUGVybWlzc2lvbnMiOlsiU1BfR1JPVVBfREVMRVRFIiwiU1BfREVWSUNFX1NIT1ciLCJTUF9HUk9VUF9DUkVBVEUiLCJTUF9ST0xFX1NIT1ciLCJTUF9ERVZJQ0VfQ1JFQVRFIiwiU1BfVVNFUl9DUkVBVEUiLCJTUF9ERVZJQ0VfVVBEQVRFIiwiU1BfVVNFUl9VUERBVEUiLCJTUF9ST0xFX0NSRUFURSIsIlNQX1JPTEVfREVMRVRFIiwiU1BfR1JPVVBfVVBEQVRFIiwiU1BfUk9MRV9VUERBVEUiLCJTUF9HUk9VUF9TSE9XIiwiU1BfVVNFUl9ERUxFVEUiLCJTUF9ERVZJQ0VfREVMRVRFIiwiU1BfVVNFUl9TSE9XIl0sImV4cCI6MTYxNzE3NTAwOCwiaXNzIjoibG9jYWxob3N0OjkwMDAiLCJhdWQiOiJsb2NhbGhvc3Q6OTAwMCJ9.9TZgUV08BPrgq7gWEjVZXQu8xGgnO115ZZoVue1n83U', '2021-03-30 07:16:49'),
('8c7f124c-287c-463f-ab92-9239d6cdb36b', 'eyJhbGciOiJIUzI1NiIsInR5cCI6IkpXVCJ9.eyJ1c2VyX2VtYWlsIjoiYUBhbHRhLmNvbSIsInVzZXJfaWQiOiJhMmM1MWM2NS1mZDVjLTQ1ZjItYTY0My1lODQxZGU1Zjc3MjkiLCJpc19sZXZlbCI6IjAiLCJncm91cF9pZCI6ImE0MzllNTg2LTRhYWEtNGMwMC04NTdkLWM5ZTBiNzYwNjQ2ZCIsImh0dHA6Ly9zY2hlbWFzLm1pY3Jvc29mdC5jb20vd3MvMjAwOC8wNi9pZGVudGl0eS9jbGFpbXMvcm9sZSI6WyJURU1QTEFURV9TSE9XIiwiVVNFUl9VUERBVEUiLCJURU1QTEFURV9ERUxFVEUiLCJURU1QTEFURV9DUkVBVEUiLCJTQ0hfU0hPVyIsIlVTRVJfU0hPVyIsIlNDSF9ERUxFVEUiLCJQTEFZTElTVF9VUERBVEUiLCJERVZJQ0VfU0hPVyIsIk1FRElBX1VQREFURSIsIkRFVklDRV9VUERBVEUiLCJQTEFZTElTVF9ERUxFVEUiLCJVU0VSX0NSRUFURSIsIkRFVklDRV9DUkVBVEUiLCJNRURJQV9BUFBST1ZFIiwiVVNFUl9ERUxFVEUiLCJTQ0hfVVBEQVRFIiwiU0NIX0NSRUFURSIsIlBMQVlMSVNUX0NSRUFURSIsIlRFTVBMQVRFX1VQREFURSIsIk1FRElBX0NSRUFURSIsIk1FRElBX0RFTEVURSIsIkRFVklDRV9ERUxFVEUiXSwiUGVybWlzc2lvbnMiOlsiVEVNUExBVEVfU0hPVyIsIlVTRVJfVVBEQVRFIiwiVEVNUExBVEVfREVMRVRFIiwiVEVNUExBVEVfQ1JFQVRFIiwiU0NIX1NIT1ciLCJVU0VSX1NIT1ciLCJTQ0hfREVMRVRFIiwiUExBWUxJU1RfVVBEQVRFIiwiREVWSUNFX1NIT1ciLCJNRURJQV9VUERBVEUiLCJERVZJQ0VfVVBEQVRFIiwiUExBWUxJU1RfREVMRVRFIiwiVVNFUl9DUkVBVEUiLCJERVZJQ0VfQ1JFQVRFIiwiTUVESUFfQVBQUk9WRSIsIlVTRVJfREVMRVRFIiwiU0NIX1VQREFURSIsIlNDSF9DUkVBVEUiLCJQTEFZTElTVF9DUkVBVEUiLCJURU1QTEFURV9VUERBVEUiLCJNRURJQV9DUkVBVEUiLCJNRURJQV9ERUxFVEUiLCJERVZJQ0VfREVMRVRFIl0sImV4cCI6MTYxNjgzMzg1NCwiaXNzIjoibG9jYWxob3N0OjkwMDAiLCJhdWQiOiJsb2NhbGhvc3Q6OTAwMCJ9.F6-5j-94JZtb_3l1sODEA_ywEzhc5ZdasVpkDn4sPNc', '2021-03-26 08:30:54'),
('8d4b56bf-200f-4b78-bdca-cb9bf9c769d1', 'eyJhbGciOiJIUzI1NiIsInR5cCI6IkpXVCJ9.eyJ1c2VyX2VtYWlsIjoibm9yZXBseUBhbHRhLmNvbS52biIsInVzZXJfaWQiOiIwMDg2MzJmZS1jMjc5LTQ4YzEtYjg5ZS04ODJmZGNiOTllOGYiLCJpc19sZXZlbCI6IjEiLCJncm91cF9pZCI6IiIsImV4cCI6MTYxNjgyNTExMCwiaXNzIjoibG9jYWxob3N0OjkwMDAiLCJhdWQiOiJsb2NhbGhvc3Q6OTAwMCJ9.1NEsoXsz_aqqQTQ1PIfH712UPREKrVEfxF55tSzDzmo', '2021-03-26 06:05:10'),
('8eefb99a-36bf-4b58-97e5-6b6d8bdabaaa', 'eyJhbGciOiJIUzI1NiIsInR5cCI6IkpXVCJ9.eyJ1c2VyX2VtYWlsIjoiaHV5Lm5ndXllbkBhbHRhLmNvbS52biIsInVzZXJfaWQiOiI5ZDRjNjY4Zi00ZTU4LTQ2NGQtOTA4OC1jYmVmM2M5MDA3NjMiLCJpc19sZXZlbCI6IjEiLCJncm91cF9pZCI6IiIsImh0dHA6Ly9zY2hlbWFzLm1pY3Jvc29mdC5jb20vd3MvMjAwOC8wNi9pZGVudGl0eS9jbGFpbXMvcm9sZSI6WyJTUF9HUk9VUF9DUkVBVEUiLCJTUF9HUk9VUF9VUERBVEUiLCJTUF9ERVZJQ0VfREVMRVRFIl0sIlBlcm1pc3Npb25zIjpbIlNQX0dST1VQX0NSRUFURSIsIlNQX0dST1VQX1VQREFURSIsIlNQX0RFVklDRV9ERUxFVEUiXSwiZXhwIjoxNjE2ODQxNTU2LCJpc3MiOiJsb2NhbGhvc3Q6OTAwMCIsImF1ZCI6ImxvY2FsaG9zdDo5MDAwIn0.xjmhNSKSilSDGB1NukdmAKPb0uV6xoR5oQ4bRhKXfE4', '2021-03-26 10:39:16'),
('91832042-3f91-405f-971c-97f1cd5f7de9', 'eyJhbGciOiJIUzI1NiIsInR5cCI6IkpXVCJ9.eyJ1c2VyX2VtYWlsIjoiaHV5Lm5ndXllbnF1YW5nQGFsdGEuY29tLnZuIiwidXNlcl9pZCI6ImNlMGU0NTMxLTMxODAtNGJiZC04YzRhLTM2ZTY3YTQ3YTEzNyIsImlzX2xldmVsIjoiMCIsImdyb3VwX2lkIjoiMTcyNjJlYzEtNDI0Yy00NmJiLTkwZDEtOGUyOWFhZTJjMjBmIiwiZXhwIjoxNjE2ODQwODQzLCJpc3MiOiJsb2NhbGhvc3Q6OTAwMCIsImF1ZCI6ImxvY2FsaG9zdDo5MDAwIn0.YUmM3w71MdW2QBtKXL7E8FJf2rceXDTCajNXQCs8RQo', '2021-03-26 10:27:23'),
('92df0b8f-b8b0-45e5-8da7-f9790109c5ae', 'eyJhbGciOiJIUzI1NiIsInR5cCI6IkpXVCJ9.eyJ1c2VyX2VtYWlsIjoibm9yZXBseUBhbHRhLmNvbS52biIsInVzZXJfaWQiOiIwMDg2MzJmZS1jMjc5LTQ4YzEtYjg5ZS04ODJmZGNiOTllOGYiLCJpc19sZXZlbCI6IjEiLCJncm91cF9pZCI6IiIsImh0dHA6Ly9zY2hlbWFzLm1pY3Jvc29mdC5jb20vd3MvMjAwOC8wNi9pZGVudGl0eS9jbGFpbXMvcm9sZSI6WyJTUF9HUk9VUF9ERUxFVEUiLCJTUF9ERVZJQ0VfU0hPVyIsIlNQX0dST1VQX0NSRUFURSIsIlNQX1JPTEVfU0hPVyIsIlNQX0RFVklDRV9DUkVBVEUiLCJTUF9VU0VSX0NSRUFURSIsIlNQX0RFVklDRV9VUERBVEUiLCJTUF9VU0VSX1VQREFURSIsIlNQX1JPTEVfQ1JFQVRFIiwiU1BfUk9MRV9ERUxFVEUiLCJTUF9HUk9VUF9VUERBVEUiLCJTUF9ST0xFX1VQREFURSIsIlNQX0dST1VQX1NIT1ciLCJTUF9VU0VSX0RFTEVURSIsIlNQX0RFVklDRV9ERUxFVEUiLCJTUF9VU0VSX1NIT1ciXSwiUGVybWlzc2lvbnMiOlsiU1BfR1JPVVBfREVMRVRFIiwiU1BfREVWSUNFX1NIT1ciLCJTUF9HUk9VUF9DUkVBVEUiLCJTUF9ST0xFX1NIT1ciLCJTUF9ERVZJQ0VfQ1JFQVRFIiwiU1BfVVNFUl9DUkVBVEUiLCJTUF9ERVZJQ0VfVVBEQVRFIiwiU1BfVVNFUl9VUERBVEUiLCJTUF9ST0xFX0NSRUFURSIsIlNQX1JPTEVfREVMRVRFIiwiU1BfR1JPVVBfVVBEQVRFIiwiU1BfUk9MRV9VUERBVEUiLCJTUF9HUk9VUF9TSE9XIiwiU1BfVVNFUl9ERUxFVEUiLCJTUF9ERVZJQ0VfREVMRVRFIiwiU1BfVVNFUl9TSE9XIl0sImV4cCI6MTYxNjgzOTA5MiwiaXNzIjoibG9jYWxob3N0OjkwMDAiLCJhdWQiOiJsb2NhbGhvc3Q6OTAwMCJ9.Vq6oWnE4zRpUQIrWJhQfYqloRZQvcLW46cJ2cR1-Krc', '2021-03-26 09:58:12'),
('935a42f9-29be-4c13-a41f-562e38495b68', 'eyJhbGciOiJIUzI1NiIsInR5cCI6IkpXVCJ9.eyJ1c2VyX2VtYWlsIjoidG9pLmh1eW5oQGFsdGEuY29tLnZuIiwidXNlcl9pZCI6IjIyM2NmZTRlLWJlNGUtNDYwNy1iZDQyLTQ4NDRmMzI1Nzg2MSIsImlzX2xldmVsIjoiMCIsImdyb3VwX2lkIjoiMTcyNjJlYzEtNDI0Yy00NmJiLTkwZDEtOGUyOWFhZTJjMjBmIiwiaHR0cDovL3NjaGVtYXMubWljcm9zb2Z0LmNvbS93cy8yMDA4LzA2L2lkZW50aXR5L2NsYWltcy9yb2xlIjpbIk1FRElBX0NSRUFURSIsIlJPTEVfQ1JFQVRFIiwiUExBWUxJU1RfQ1JFQVRFIiwiU0NIX0NSRUFURSIsIlVTRVJfVVBEQVRFIiwiUk9MRV9VUERBVEUiLCJQTEFZTElTVF9VUERBVEUiLCJURU1QTEFURV9TSEFSRSIsIlNDSF9ERUxFVEUiLCJQTEFZTElTVF9ERUxFVEUiLCJURU1QTEFURV9DUkVBVEUiLCJTQ0hfVVBEQVRFIiwiREVWSUNFX1VQREFURSIsIlJPTEVfU0hPVyIsIlVTRVJfREVMRVRFIiwiUk9MRV9ERUxFVEUiLCJNRURJQV9VUERBVEUiLCJERVZJQ0VfREVMRVRFIiwiVEVNUExBVEVfU0hPVyIsIk1FRElBX0FQUFJPVkUiLCJVU0VSX1NIT1ciLCJERVZJQ0VfU0hPVyIsIlRFTVBMQVRFX1VQREFURSIsIk1FRElBX0RFTEVURSIsIkRFVklDRV9DUkVBVEUiLCJURU1QTEFURV9ERUxFVEUiLCJTQ0hfU0hPVyIsIlVTRVJfQ1JFQVRFIl0sIlBlcm1pc3Npb25zIjpbIk1FRElBX0NSRUFURSIsIlJPTEVfQ1JFQVRFIiwiUExBWUxJU1RfQ1JFQVRFIiwiU0NIX0NSRUFURSIsIlVTRVJfVVBEQVRFIiwiUk9MRV9VUERBVEUiLCJQTEFZTElTVF9VUERBVEUiLCJURU1QTEFURV9TSEFSRSIsIlNDSF9ERUxFVEUiLCJQTEFZTElTVF9ERUxFVEUiLCJURU1QTEFURV9DUkVBVEUiLCJTQ0hfVVBEQVRFIiwiREVWSUNFX1VQREFURSIsIlJPTEVfU0hPVyIsIlVTRVJfREVMRVRFIiwiUk9MRV9ERUxFVEUiLCJNRURJQV9VUERBVEUiLCJERVZJQ0VfREVMRVRFIiwiVEVNUExBVEVfU0hPVyIsIk1FRElBX0FQUFJPVkUiLCJVU0VSX1NIT1ciLCJERVZJQ0VfU0hPVyIsIlRFTVBMQVRFX1VQREFURSIsIk1FRElBX0RFTEVURSIsIkRFVklDRV9DUkVBVEUiLCJURU1QTEFURV9ERUxFVEUiLCJTQ0hfU0hPVyIsIlVTRVJfQ1JFQVRFIl0sImV4cCI6MTYxNzA5MDUzNSwiaXNzIjoibG9jYWxob3N0OjkwMDAiLCJhdWQiOiJsb2NhbGhvc3Q6OTAwMCJ9.vv9EK4JMVnL1IRwM_HVdVRmBbucpZ6owbpKoelwwFsg', '2021-03-29 07:48:55'),
('942fc498-b5d0-4fe8-806e-aeb1de7377e3', 'eyJhbGciOiJIUzI1NiIsInR5cCI6IkpXVCJ9.eyJ1c2VyX2VtYWlsIjoibHV5ZW4ubGVAYWx0YS5jb20udm4iLCJ1c2VyX2lkIjoiMTVkYWJhNGItODAyNi00OGU0LThmYTYtMDdkMjk0MGUwMjQzIiwiaXNfbGV2ZWwiOiIwIiwiZ3JvdXBfaWQiOiIxNzI2MmVjMS00MjRjLTQ2YmItOTBkMS04ZTI5YWFlMmMyMGYiLCJodHRwOi8vc2NoZW1hcy5taWNyb3NvZnQuY29tL3dzLzIwMDgvMDYvaWRlbnRpdHkvY2xhaW1zL3JvbGUiOlsiREVWSUNFX0RFTEVURSIsIlRFTVBMQVRFX0NSRUFURSIsIkRFVklDRV9DUkVBVEUiLCJVU0VSX0NSRUFURSIsIlJPTEVfREVMRVRFIiwiUk9MRV9TSE9XIiwiTUVESUFfQ1JFQVRFIiwiUk9MRV9DUkVBVEUiLCJTQ0hfQ1JFQVRFIiwiVVNFUl9TSE9XIiwiUk9MRV9VUERBVEUiLCJURU1QTEFURV9ERUxFVEUiLCJQTEFZTElTVF9VUERBVEUiLCJQTEFZTElTVF9DUkVBVEUiLCJVU0VSX0RFTEVURSIsIlNDSF9TSE9XIiwiU0NIX1VQREFURSIsIk1FRElBX0RFTEVURSIsIlNDSF9ERUxFVEUiLCJNRURJQV9BUFBST1ZFIiwiREVWSUNFX1VQREFURSIsIlVTRVJfVVBEQVRFIiwiTUVESUFfVVBEQVRFIiwiVEVNUExBVEVfU0hPVyIsIlRFTVBMQVRFX1VQREFURSIsIlBMQVlMSVNUX0RFTEVURSIsIkRFVklDRV9TSE9XIl0sIlBlcm1pc3Npb25zIjpbIkRFVklDRV9ERUxFVEUiLCJURU1QTEFURV9DUkVBVEUiLCJERVZJQ0VfQ1JFQVRFIiwiVVNFUl9DUkVBVEUiLCJST0xFX0RFTEVURSIsIlJPTEVfU0hPVyIsIk1FRElBX0NSRUFURSIsIlJPTEVfQ1JFQVRFIiwiU0NIX0NSRUFURSIsIlVTRVJfU0hPVyIsIlJPTEVfVVBEQVRFIiwiVEVNUExBVEVfREVMRVRFIiwiUExBWUxJU1RfVVBEQVRFIiwiUExBWUxJU1RfQ1JFQVRFIiwiVVNFUl9ERUxFVEUiLCJTQ0hfU0hPVyIsIlNDSF9VUERBVEUiLCJNRURJQV9ERUxFVEUiLCJTQ0hfREVMRVRFIiwiTUVESUFfQVBQUk9WRSIsIkRFVklDRV9VUERBVEUiLCJVU0VSX1VQREFURSIsIk1FRElBX1VQREFURSIsIlRFTVBMQVRFX1NIT1ciLCJURU1QTEFURV9VUERBVEUiLCJQTEFZTElTVF9ERUxFVEUiLCJERVZJQ0VfU0hPVyJdLCJleHAiOjE2MTcwNzI2NjcsImlzcyI6ImxvY2FsaG9zdDo5MDAwIiwiYXVkIjoibG9jYWxob3N0OjkwMDAifQ.lm2tFZkJ0PvnZXm2uAmyRlfriSUqEot6X7tdjnIrBPk', '2021-03-29 02:51:07'),
('95dd44c6-7806-4ef8-b8de-973cdb0dda12', 'eyJhbGciOiJIUzI1NiIsInR5cCI6IkpXVCJ9.eyJ1c2VyX2VtYWlsIjoibm9yZXBseUBhbHRhLmNvbS52biIsInVzZXJfaWQiOiIwMDg2MzJmZS1jMjc5LTQ4YzEtYjg5ZS04ODJmZGNiOTllOGYiLCJpc19sZXZlbCI6IjEiLCJncm91cF9pZCI6IiIsImh0dHA6Ly9zY2hlbWFzLm1pY3Jvc29mdC5jb20vd3MvMjAwOC8wNi9pZGVudGl0eS9jbGFpbXMvcm9sZSI6WyJTUF9HUk9VUF9ERUxFVEUiLCJTUF9ERVZJQ0VfU0hPVyIsIlNQX0dST1VQX0NSRUFURSIsIlNQX1JPTEVfU0hPVyIsIlNQX0RFVklDRV9DUkVBVEUiLCJTUF9VU0VSX0NSRUFURSIsIlNQX0RFVklDRV9VUERBVEUiLCJTUF9VU0VSX1VQREFURSIsIlNQX1JPTEVfQ1JFQVRFIiwiU1BfUk9MRV9ERUxFVEUiLCJTUF9HUk9VUF9VUERBVEUiLCJTUF9ST0xFX1VQREFURSIsIlNQX0dST1VQX1NIT1ciLCJTUF9VU0VSX0RFTEVURSIsIlNQX0RFVklDRV9ERUxFVEUiLCJTUF9VU0VSX1NIT1ciXSwiUGVybWlzc2lvbnMiOlsiU1BfR1JPVVBfREVMRVRFIiwiU1BfREVWSUNFX1NIT1ciLCJTUF9HUk9VUF9DUkVBVEUiLCJTUF9ST0xFX1NIT1ciLCJTUF9ERVZJQ0VfQ1JFQVRFIiwiU1BfVVNFUl9DUkVBVEUiLCJTUF9ERVZJQ0VfVVBEQVRFIiwiU1BfVVNFUl9VUERBVEUiLCJTUF9ST0xFX0NSRUFURSIsIlNQX1JPTEVfREVMRVRFIiwiU1BfR1JPVVBfVVBEQVRFIiwiU1BfUk9MRV9VUERBVEUiLCJTUF9HUk9VUF9TSE9XIiwiU1BfVVNFUl9ERUxFVEUiLCJTUF9ERVZJQ0VfREVMRVRFIiwiU1BfVVNFUl9TSE9XIl0sImV4cCI6MTYxNjgzMDc5MiwiaXNzIjoibG9jYWxob3N0OjkwMDAiLCJhdWQiOiJsb2NhbGhvc3Q6OTAwMCJ9.kG2Foh5v7fNvvQdxlU2hgc1Anpz35T2JH4BL9QbLMp4', '2021-03-26 07:39:52'),
('976ede75-0598-4b71-a5d2-1b1d213afca5', 'eyJhbGciOiJIUzI1NiIsInR5cCI6IkpXVCJ9.eyJ1c2VyX2VtYWlsIjoidG9pLmh1eW5oQGFsdGEuY29tLnZuIiwidXNlcl9pZCI6IjIyM2NmZTRlLWJlNGUtNDYwNy1iZDQyLTQ4NDRmMzI1Nzg2MSIsImlzX2xldmVsIjoiMCIsImdyb3VwX2lkIjoiMTcyNjJlYzEtNDI0Yy00NmJiLTkwZDEtOGUyOWFhZTJjMjBmIiwiaHR0cDovL3NjaGVtYXMubWljcm9zb2Z0LmNvbS93cy8yMDA4LzA2L2lkZW50aXR5L2NsYWltcy9yb2xlIjpbIk1FRElBX0NSRUFURSIsIlJPTEVfQ1JFQVRFIiwiUExBWUxJU1RfQ1JFQVRFIiwiU0NIX0NSRUFURSIsIlVTRVJfVVBEQVRFIiwiUk9MRV9VUERBVEUiLCJQTEFZTElTVF9VUERBVEUiLCJTQ0hfREVMRVRFIiwiUExBWUxJU1RfREVMRVRFIiwiVEVNUExBVEVfQ1JFQVRFIiwiU0NIX1VQREFURSIsIkRFVklDRV9VUERBVEUiLCJST0xFX1NIT1ciLCJVU0VSX0RFTEVURSIsIlJPTEVfREVMRVRFIiwiTUVESUFfVVBEQVRFIiwiREVWSUNFX0RFTEVURSIsIlRFTVBMQVRFX1NIT1ciLCJNRURJQV9BUFBST1ZFIiwiVVNFUl9TSE9XIiwiREVWSUNFX1NIT1ciLCJURU1QTEFURV9VUERBVEUiLCJNRURJQV9ERUxFVEUiLCJERVZJQ0VfQ1JFQVRFIiwiVEVNUExBVEVfREVMRVRFIiwiU0NIX1NIT1ciLCJVU0VSX0NSRUFURSJdLCJQZXJtaXNzaW9ucyI6WyJNRURJQV9DUkVBVEUiLCJST0xFX0NSRUFURSIsIlBMQVlMSVNUX0NSRUFURSIsIlNDSF9DUkVBVEUiLCJVU0VSX1VQREFURSIsIlJPTEVfVVBEQVRFIiwiUExBWUxJU1RfVVBEQVRFIiwiU0NIX0RFTEVURSIsIlBMQVlMSVNUX0RFTEVURSIsIlRFTVBMQVRFX0NSRUFURSIsIlNDSF9VUERBVEUiLCJERVZJQ0VfVVBEQVRFIiwiUk9MRV9TSE9XIiwiVVNFUl9ERUxFVEUiLCJST0xFX0RFTEVURSIsIk1FRElBX1VQREFURSIsIkRFVklDRV9ERUxFVEUiLCJURU1QTEFURV9TSE9XIiwiTUVESUFfQVBQUk9WRSIsIlVTRVJfU0hPVyIsIkRFVklDRV9TSE9XIiwiVEVNUExBVEVfVVBEQVRFIiwiTUVESUFfREVMRVRFIiwiREVWSUNFX0NSRUFURSIsIlRFTVBMQVRFX0RFTEVURSIsIlNDSF9TSE9XIiwiVVNFUl9DUkVBVEUiXSwiZXhwIjoxNjE3MDc0OTI0LCJpc3MiOiJsb2NhbGhvc3Q6OTAwMCIsImF1ZCI6ImxvY2FsaG9zdDo5MDAwIn0.CWEb331ChoUBUVlB13S-BX58xeAdRGvuc1KmPg15NlE', '2021-03-29 03:28:44'),
('9988638c-7ada-45b9-be89-d48c1549ead2', 'eyJhbGciOiJIUzI1NiIsInR5cCI6IkpXVCJ9.eyJ1c2VyX2VtYWlsIjoidG9pLmh1eW5oQGFsdGEuY29tLnZuIiwidXNlcl9pZCI6IjIyM2NmZTRlLWJlNGUtNDYwNy1iZDQyLTQ4NDRmMzI1Nzg2MSIsImlzX2xldmVsIjoiMCIsImdyb3VwX2lkIjoiMTcyNjJlYzEtNDI0Yy00NmJiLTkwZDEtOGUyOWFhZTJjMjBmIiwiaHR0cDovL3NjaGVtYXMubWljcm9zb2Z0LmNvbS93cy8yMDA4LzA2L2lkZW50aXR5L2NsYWltcy9yb2xlIjpbIk1FRElBX0NSRUFURSIsIlJPTEVfQ1JFQVRFIiwiUExBWUxJU1RfQ1JFQVRFIiwiU0NIX0NSRUFURSIsIlVTRVJfVVBEQVRFIiwiUk9MRV9VUERBVEUiLCJQTEFZTElTVF9VUERBVEUiLCJURU1QTEFURV9TSEFSRSIsIlNDSF9ERUxFVEUiLCJQTEFZTElTVF9ERUxFVEUiLCJURU1QTEFURV9DUkVBVEUiLCJTQ0hfVVBEQVRFIiwiREVWSUNFX1VQREFURSIsIlJPTEVfU0hPVyIsIlVTRVJfREVMRVRFIiwiUk9MRV9ERUxFVEUiLCJNRURJQV9VUERBVEUiLCJERVZJQ0VfREVMRVRFIiwiVEVNUExBVEVfU0hPVyIsIk1FRElBX0FQUFJPVkUiLCJVU0VSX1NIT1ciLCJERVZJQ0VfU0hPVyIsIlRFTVBMQVRFX1VQREFURSIsIk1FRElBX0RFTEVURSIsIkRFVklDRV9DUkVBVEUiLCJURU1QTEFURV9ERUxFVEUiLCJTQ0hfU0hPVyIsIlVTRVJfQ1JFQVRFIl0sIlBlcm1pc3Npb25zIjpbIk1FRElBX0NSRUFURSIsIlJPTEVfQ1JFQVRFIiwiUExBWUxJU1RfQ1JFQVRFIiwiU0NIX0NSRUFURSIsIlVTRVJfVVBEQVRFIiwiUk9MRV9VUERBVEUiLCJQTEFZTElTVF9VUERBVEUiLCJURU1QTEFURV9TSEFSRSIsIlNDSF9ERUxFVEUiLCJQTEFZTElTVF9ERUxFVEUiLCJURU1QTEFURV9DUkVBVEUiLCJTQ0hfVVBEQVRFIiwiREVWSUNFX1VQREFURSIsIlJPTEVfU0hPVyIsIlVTRVJfREVMRVRFIiwiUk9MRV9ERUxFVEUiLCJNRURJQV9VUERBVEUiLCJERVZJQ0VfREVMRVRFIiwiVEVNUExBVEVfU0hPVyIsIk1FRElBX0FQUFJPVkUiLCJVU0VSX1NIT1ciLCJERVZJQ0VfU0hPVyIsIlRFTVBMQVRFX1VQREFURSIsIk1FRElBX0RFTEVURSIsIkRFVklDRV9DUkVBVEUiLCJURU1QTEFURV9ERUxFVEUiLCJTQ0hfU0hPVyIsIlVTRVJfQ1JFQVRFIl0sImV4cCI6MTYxNzI1NjIwOCwiaXNzIjoibG9jYWxob3N0OjkwMDAiLCJhdWQiOiJsb2NhbGhvc3Q6OTAwMCJ9.vHVahRWlNdGgt83fcVCjpzfXDET6ez4UPfof3KdRBqs', '2021-03-31 05:50:08'),
('9a4d81df-3cf2-4ba9-a902-701712c69fe0', 'eyJhbGciOiJIUzI1NiIsInR5cCI6IkpXVCJ9.eyJ1c2VyX2VtYWlsIjoibm9yZXBseUBhbHRhLmNvbS52biIsInVzZXJfaWQiOiIwMDg2MzJmZS1jMjc5LTQ4YzEtYjg5ZS04ODJmZGNiOTllOGYiLCJpc19sZXZlbCI6IjEiLCJncm91cF9pZCI6IiIsImh0dHA6Ly9zY2hlbWFzLm1pY3Jvc29mdC5jb20vd3MvMjAwOC8wNi9pZGVudGl0eS9jbGFpbXMvcm9sZSI6WyJTUF9HUk9VUF9ERUxFVEUiLCJTUF9ERVZJQ0VfU0hPVyIsIlNQX0dST1VQX0NSRUFURSIsIlNQX1JPTEVfU0hPVyIsIlNQX0RFVklDRV9DUkVBVEUiLCJTUF9VU0VSX0NSRUFURSIsIlNQX0RFVklDRV9VUERBVEUiLCJTUF9VU0VSX1VQREFURSIsIlNQX1JPTEVfQ1JFQVRFIiwiU1BfUk9MRV9ERUxFVEUiLCJTUF9HUk9VUF9VUERBVEUiLCJTUF9ST0xFX1VQREFURSIsIlNQX0dST1VQX1NIT1ciLCJTUF9VU0VSX0RFTEVURSIsIlNQX0RFVklDRV9ERUxFVEUiLCJTUF9VU0VSX1NIT1ciXSwiUGVybWlzc2lvbnMiOlsiU1BfR1JPVVBfREVMRVRFIiwiU1BfREVWSUNFX1NIT1ciLCJTUF9HUk9VUF9DUkVBVEUiLCJTUF9ST0xFX1NIT1ciLCJTUF9ERVZJQ0VfQ1JFQVRFIiwiU1BfVVNFUl9DUkVBVEUiLCJTUF9ERVZJQ0VfVVBEQVRFIiwiU1BfVVNFUl9VUERBVEUiLCJTUF9ST0xFX0NSRUFURSIsIlNQX1JPTEVfREVMRVRFIiwiU1BfR1JPVVBfVVBEQVRFIiwiU1BfUk9MRV9VUERBVEUiLCJTUF9HUk9VUF9TSE9XIiwiU1BfVVNFUl9ERUxFVEUiLCJTUF9ERVZJQ0VfREVMRVRFIiwiU1BfVVNFUl9TSE9XIl0sImV4cCI6MTYxNzI0ODQwNywiaXNzIjoibG9jYWxob3N0OjkwMDAiLCJhdWQiOiJsb2NhbGhvc3Q6OTAwMCJ9.wzlorme53_2wUnrSTa8t92VqRR65_79hn83L1F441SY', '2021-03-31 03:40:07'),
('9c0c3d9b-792f-4dae-bc5c-ae96197a535c', 'eyJhbGciOiJIUzI1NiIsInR5cCI6IkpXVCJ9.eyJ1c2VyX2VtYWlsIjoibm9yZXBseUBhbHRhLmNvbS52biIsInVzZXJfaWQiOiIwMDg2MzJmZS1jMjc5LTQ4YzEtYjg5ZS04ODJmZGNiOTllOGYiLCJpc19sZXZlbCI6IjEiLCJncm91cF9pZCI6IiIsImh0dHA6Ly9zY2hlbWFzLm1pY3Jvc29mdC5jb20vd3MvMjAwOC8wNi9pZGVudGl0eS9jbGFpbXMvcm9sZSI6WyJTUF9HUk9VUF9ERUxFVEUiLCJTUF9ERVZJQ0VfU0hPVyIsIlNQX0dST1VQX0NSRUFURSIsIlNQX1JPTEVfU0hPVyIsIlNQX0RFVklDRV9DUkVBVEUiLCJTUF9VU0VSX0NSRUFURSIsIlNQX0RFVklDRV9VUERBVEUiLCJTUF9VU0VSX1VQREFURSIsIlNQX1JPTEVfQ1JFQVRFIiwiU1BfUk9MRV9ERUxFVEUiLCJTUF9HUk9VUF9VUERBVEUiLCJTUF9ST0xFX1VQREFURSIsIlNQX0dST1VQX1NIT1ciLCJTUF9VU0VSX0RFTEVURSIsIlNQX0RFVklDRV9ERUxFVEUiLCJTUF9VU0VSX1NIT1ciXSwiUGVybWlzc2lvbnMiOlsiU1BfR1JPVVBfREVMRVRFIiwiU1BfREVWSUNFX1NIT1ciLCJTUF9HUk9VUF9DUkVBVEUiLCJTUF9ST0xFX1NIT1ciLCJTUF9ERVZJQ0VfQ1JFQVRFIiwiU1BfVVNFUl9DUkVBVEUiLCJTUF9ERVZJQ0VfVVBEQVRFIiwiU1BfVVNFUl9VUERBVEUiLCJTUF9ST0xFX0NSRUFURSIsIlNQX1JPTEVfREVMRVRFIiwiU1BfR1JPVVBfVVBEQVRFIiwiU1BfUk9MRV9VUERBVEUiLCJTUF9HUk9VUF9TSE9XIiwiU1BfVVNFUl9ERUxFVEUiLCJTUF9ERVZJQ0VfREVMRVRFIiwiU1BfVVNFUl9TSE9XIl0sImV4cCI6MTYxNzI0ODQ3MSwiaXNzIjoibG9jYWxob3N0OjkwMDAiLCJhdWQiOiJsb2NhbGhvc3Q6OTAwMCJ9.akISsvR7HNR-XU8lmvZdU3s-sPBGNGvJ1QmT0Lc3wk4', '2021-03-31 03:41:11');
INSERT INTO `mtc_blacklist_token` (`blacklist_id`, `blacklist_token`, `created_at`) VALUES
('9e355455-8ce5-43b2-94f2-ca70784f1ea6', 'eyJhbGciOiJIUzI1NiIsInR5cCI6IkpXVCJ9.eyJ1c2VyX2VtYWlsIjoidG9pLmh1eW5oQGFsdGEuY29tLnZuIiwidXNlcl9pZCI6IjIyM2NmZTRlLWJlNGUtNDYwNy1iZDQyLTQ4NDRmMzI1Nzg2MSIsImlzX2xldmVsIjoiMCIsImdyb3VwX2lkIjoiMTcyNjJlYzEtNDI0Yy00NmJiLTkwZDEtOGUyOWFhZTJjMjBmIiwiaHR0cDovL3NjaGVtYXMubWljcm9zb2Z0LmNvbS93cy8yMDA4LzA2L2lkZW50aXR5L2NsYWltcy9yb2xlIjpbIk1FRElBX0NSRUFURSIsIlJPTEVfQ1JFQVRFIiwiUExBWUxJU1RfQ1JFQVRFIiwiU0NIX0NSRUFURSIsIlVTRVJfVVBEQVRFIiwiUk9MRV9VUERBVEUiLCJQTEFZTElTVF9VUERBVEUiLCJURU1QTEFURV9TSEFSRSIsIlNDSF9ERUxFVEUiLCJQTEFZTElTVF9ERUxFVEUiLCJURU1QTEFURV9DUkVBVEUiLCJTQ0hfVVBEQVRFIiwiREVWSUNFX1VQREFURSIsIlJPTEVfU0hPVyIsIlVTRVJfREVMRVRFIiwiUk9MRV9ERUxFVEUiLCJNRURJQV9VUERBVEUiLCJERVZJQ0VfREVMRVRFIiwiVEVNUExBVEVfU0hPVyIsIk1FRElBX0FQUFJPVkUiLCJVU0VSX1NIT1ciLCJERVZJQ0VfU0hPVyIsIlRFTVBMQVRFX1VQREFURSIsIk1FRElBX0RFTEVURSIsIkRFVklDRV9DUkVBVEUiLCJURU1QTEFURV9ERUxFVEUiLCJTQ0hfU0hPVyIsIlVTRVJfQ1JFQVRFIl0sIlBlcm1pc3Npb25zIjpbIk1FRElBX0NSRUFURSIsIlJPTEVfQ1JFQVRFIiwiUExBWUxJU1RfQ1JFQVRFIiwiU0NIX0NSRUFURSIsIlVTRVJfVVBEQVRFIiwiUk9MRV9VUERBVEUiLCJQTEFZTElTVF9VUERBVEUiLCJURU1QTEFURV9TSEFSRSIsIlNDSF9ERUxFVEUiLCJQTEFZTElTVF9ERUxFVEUiLCJURU1QTEFURV9DUkVBVEUiLCJTQ0hfVVBEQVRFIiwiREVWSUNFX1VQREFURSIsIlJPTEVfU0hPVyIsIlVTRVJfREVMRVRFIiwiUk9MRV9ERUxFVEUiLCJNRURJQV9VUERBVEUiLCJERVZJQ0VfREVMRVRFIiwiVEVNUExBVEVfU0hPVyIsIk1FRElBX0FQUFJPVkUiLCJVU0VSX1NIT1ciLCJERVZJQ0VfU0hPVyIsIlRFTVBMQVRFX1VQREFURSIsIk1FRElBX0RFTEVURSIsIkRFVklDRV9DUkVBVEUiLCJURU1QTEFURV9ERUxFVEUiLCJTQ0hfU0hPVyIsIlVTRVJfQ1JFQVRFIl0sImV4cCI6MTYxNzI1Mjk2MSwiaXNzIjoibG9jYWxob3N0OjkwMDAiLCJhdWQiOiJsb2NhbGhvc3Q6OTAwMCJ9.o6KZM42XbqaNoKmPCZoZhi6fsmDuJfGLzhNbHiMxQjk', '2021-03-31 04:56:01'),
('a12952e7-f373-4cd0-8e72-2c8b01ddcd87', 'eyJhbGciOiJIUzI1NiIsInR5cCI6IkpXVCJ9.eyJ1c2VyX2VtYWlsIjoidG9pLmh1eW5oQGFsdGEuY29tLnZuIiwidXNlcl9pZCI6IjIyM2NmZTRlLWJlNGUtNDYwNy1iZDQyLTQ4NDRmMzI1Nzg2MSIsImlzX2xldmVsIjoiMCIsImdyb3VwX2lkIjoiMTcyNjJlYzEtNDI0Yy00NmJiLTkwZDEtOGUyOWFhZTJjMjBmIiwiaHR0cDovL3NjaGVtYXMubWljcm9zb2Z0LmNvbS93cy8yMDA4LzA2L2lkZW50aXR5L2NsYWltcy9yb2xlIjpbIk1FRElBX0NSRUFURSIsIlJPTEVfQ1JFQVRFIiwiUExBWUxJU1RfQ1JFQVRFIiwiU0NIX0NSRUFURSIsIlVTRVJfVVBEQVRFIiwiUk9MRV9VUERBVEUiLCJQTEFZTElTVF9VUERBVEUiLCJURU1QTEFURV9TSEFSRSIsIlNDSF9ERUxFVEUiLCJQTEFZTElTVF9ERUxFVEUiLCJURU1QTEFURV9DUkVBVEUiLCJTQ0hfVVBEQVRFIiwiREVWSUNFX1VQREFURSIsIlJPTEVfU0hPVyIsIlVTRVJfREVMRVRFIiwiUk9MRV9ERUxFVEUiLCJNRURJQV9VUERBVEUiLCJERVZJQ0VfREVMRVRFIiwiVEVNUExBVEVfU0hPVyIsIk1FRElBX0FQUFJPVkUiLCJVU0VSX1NIT1ciLCJERVZJQ0VfU0hPVyIsIlRFTVBMQVRFX1VQREFURSIsIk1FRElBX0RFTEVURSIsIkRFVklDRV9DUkVBVEUiLCJURU1QTEFURV9ERUxFVEUiLCJTQ0hfU0hPVyIsIlVTRVJfQ1JFQVRFIl0sIlBlcm1pc3Npb25zIjpbIk1FRElBX0NSRUFURSIsIlJPTEVfQ1JFQVRFIiwiUExBWUxJU1RfQ1JFQVRFIiwiU0NIX0NSRUFURSIsIlVTRVJfVVBEQVRFIiwiUk9MRV9VUERBVEUiLCJQTEFZTElTVF9VUERBVEUiLCJURU1QTEFURV9TSEFSRSIsIlNDSF9ERUxFVEUiLCJQTEFZTElTVF9ERUxFVEUiLCJURU1QTEFURV9DUkVBVEUiLCJTQ0hfVVBEQVRFIiwiREVWSUNFX1VQREFURSIsIlJPTEVfU0hPVyIsIlVTRVJfREVMRVRFIiwiUk9MRV9ERUxFVEUiLCJNRURJQV9VUERBVEUiLCJERVZJQ0VfREVMRVRFIiwiVEVNUExBVEVfU0hPVyIsIk1FRElBX0FQUFJPVkUiLCJVU0VSX1NIT1ciLCJERVZJQ0VfU0hPVyIsIlRFTVBMQVRFX1VQREFURSIsIk1FRElBX0RFTEVURSIsIkRFVklDRV9DUkVBVEUiLCJURU1QTEFURV9ERUxFVEUiLCJTQ0hfU0hPVyIsIlVTRVJfQ1JFQVRFIl0sImV4cCI6MTYxNzE4MTEwNCwiaXNzIjoibG9jYWxob3N0OjkwMDAiLCJhdWQiOiJsb2NhbGhvc3Q6OTAwMCJ9.dqZwkLSxfHGZzx8d1Hp4xlIIh9wC4cs8vZwqX2xVhm8', '2021-03-30 08:58:25'),
('a3127375-659d-4995-8c6f-3cb8179d69f7', 'eyJhbGciOiJIUzI1NiIsInR5cCI6IkpXVCJ9.eyJ1c2VyX2VtYWlsIjoibm9yZXBseUBhbHRhLmNvbS52biIsInVzZXJfaWQiOiIwMDg2MzJmZS1jMjc5LTQ4YzEtYjg5ZS04ODJmZGNiOTllOGYiLCJpc19sZXZlbCI6IjEiLCJncm91cF9pZCI6IiIsImh0dHA6Ly9zY2hlbWFzLm1pY3Jvc29mdC5jb20vd3MvMjAwOC8wNi9pZGVudGl0eS9jbGFpbXMvcm9sZSI6WyJTUF9HUk9VUF9ERUxFVEUiLCJTUF9ERVZJQ0VfU0hPVyIsIlNQX0dST1VQX0NSRUFURSIsIlNQX1JPTEVfU0hPVyIsIlNQX0RFVklDRV9DUkVBVEUiLCJTUF9VU0VSX0NSRUFURSIsIlNQX0RFVklDRV9VUERBVEUiLCJTUF9VU0VSX1VQREFURSIsIlNQX1JPTEVfQ1JFQVRFIiwiU1BfUk9MRV9ERUxFVEUiLCJTUF9HUk9VUF9VUERBVEUiLCJTUF9ST0xFX1VQREFURSIsIlNQX0dST1VQX1NIT1ciLCJTUF9VU0VSX0RFTEVURSIsIlNQX0RFVklDRV9ERUxFVEUiLCJTUF9VU0VSX1NIT1ciXSwiUGVybWlzc2lvbnMiOlsiU1BfR1JPVVBfREVMRVRFIiwiU1BfREVWSUNFX1NIT1ciLCJTUF9HUk9VUF9DUkVBVEUiLCJTUF9ST0xFX1NIT1ciLCJTUF9ERVZJQ0VfQ1JFQVRFIiwiU1BfVVNFUl9DUkVBVEUiLCJTUF9ERVZJQ0VfVVBEQVRFIiwiU1BfVVNFUl9VUERBVEUiLCJTUF9ST0xFX0NSRUFURSIsIlNQX1JPTEVfREVMRVRFIiwiU1BfR1JPVVBfVVBEQVRFIiwiU1BfUk9MRV9VUERBVEUiLCJTUF9HUk9VUF9TSE9XIiwiU1BfVVNFUl9ERUxFVEUiLCJTUF9ERVZJQ0VfREVMRVRFIiwiU1BfVVNFUl9TSE9XIl0sImV4cCI6MTYxNzE1OTg3MywiaXNzIjoibG9jYWxob3N0OjkwMDAiLCJhdWQiOiJsb2NhbGhvc3Q6OTAwMCJ9.K2g_KeLK45IieSz8L-RzDQBpHE-nq8lueOoYjFbsEso', '2021-03-30 03:04:33'),
('a57f3221-29b3-4277-96ba-b949a7ea5890', 'eyJhbGciOiJIUzI1NiIsInR5cCI6IkpXVCJ9.eyJ1c2VyX2VtYWlsIjoibHV5ZW4ubGVAYWx0YS5jb20udm4iLCJ1c2VyX2lkIjoiMTVkYWJhNGItODAyNi00OGU0LThmYTYtMDdkMjk0MGUwMjQzIiwiaXNfbGV2ZWwiOiIwIiwiZ3JvdXBfaWQiOiIxNzI2MmVjMS00MjRjLTQ2YmItOTBkMS04ZTI5YWFlMmMyMGYiLCJodHRwOi8vc2NoZW1hcy5taWNyb3NvZnQuY29tL3dzLzIwMDgvMDYvaWRlbnRpdHkvY2xhaW1zL3JvbGUiOlsiREVWSUNFX0RFTEVURSIsIlRFTVBMQVRFX0NSRUFURSIsIkRFVklDRV9DUkVBVEUiLCJVU0VSX0NSRUFURSIsIlJPTEVfREVMRVRFIiwiUk9MRV9TSE9XIiwiTUVESUFfQ1JFQVRFIiwiUk9MRV9DUkVBVEUiLCJTQ0hfQ1JFQVRFIiwiVVNFUl9TSE9XIiwiUk9MRV9VUERBVEUiLCJURU1QTEFURV9ERUxFVEUiLCJQTEFZTElTVF9VUERBVEUiLCJQTEFZTElTVF9DUkVBVEUiLCJVU0VSX0RFTEVURSIsIlNDSF9TSE9XIiwiU0NIX1VQREFURSIsIk1FRElBX0RFTEVURSIsIlNDSF9ERUxFVEUiLCJNRURJQV9BUFBST1ZFIiwiREVWSUNFX1VQREFURSIsIlVTRVJfVVBEQVRFIiwiTUVESUFfVVBEQVRFIiwiVEVNUExBVEVfU0hPVyIsIlRFTVBMQVRFX1VQREFURSIsIlBMQVlMSVNUX0RFTEVURSIsIkRFVklDRV9TSE9XIl0sIlBlcm1pc3Npb25zIjpbIkRFVklDRV9ERUxFVEUiLCJURU1QTEFURV9DUkVBVEUiLCJERVZJQ0VfQ1JFQVRFIiwiVVNFUl9DUkVBVEUiLCJST0xFX0RFTEVURSIsIlJPTEVfU0hPVyIsIk1FRElBX0NSRUFURSIsIlJPTEVfQ1JFQVRFIiwiU0NIX0NSRUFURSIsIlVTRVJfU0hPVyIsIlJPTEVfVVBEQVRFIiwiVEVNUExBVEVfREVMRVRFIiwiUExBWUxJU1RfVVBEQVRFIiwiUExBWUxJU1RfQ1JFQVRFIiwiVVNFUl9ERUxFVEUiLCJTQ0hfU0hPVyIsIlNDSF9VUERBVEUiLCJNRURJQV9ERUxFVEUiLCJTQ0hfREVMRVRFIiwiTUVESUFfQVBQUk9WRSIsIkRFVklDRV9VUERBVEUiLCJVU0VSX1VQREFURSIsIk1FRElBX1VQREFURSIsIlRFTVBMQVRFX1NIT1ciLCJURU1QTEFURV9VUERBVEUiLCJQTEFZTElTVF9ERUxFVEUiLCJERVZJQ0VfU0hPVyJdLCJleHAiOjE2MTY4MzQxNzIsImlzcyI6ImxvY2FsaG9zdDo5MDAwIiwiYXVkIjoibG9jYWxob3N0OjkwMDAifQ.7PE1a3sesgkJfRexl1o-FfEzgCHgpv2WEkvIIuhTt3E', '2021-03-26 08:36:12'),
('a8e057ad-871b-4619-b837-ebbe1ef61bdd', 'eyJhbGciOiJIUzI1NiIsInR5cCI6IkpXVCJ9.eyJ1c2VyX2VtYWlsIjoibHV5ZW4ubGVAYWx0YS5jb20udm4iLCJ1c2VyX2lkIjoiMTVkYWJhNGItODAyNi00OGU0LThmYTYtMDdkMjk0MGUwMjQzIiwiaXNfbGV2ZWwiOiIwIiwiZ3JvdXBfaWQiOiIxNzI2MmVjMS00MjRjLTQ2YmItOTBkMS04ZTI5YWFlMmMyMGYiLCJodHRwOi8vc2NoZW1hcy5taWNyb3NvZnQuY29tL3dzLzIwMDgvMDYvaWRlbnRpdHkvY2xhaW1zL3JvbGUiOlsiREVWSUNFX0RFTEVURSIsIlRFTVBMQVRFX0NSRUFURSIsIkRFVklDRV9DUkVBVEUiLCJVU0VSX0NSRUFURSIsIlJPTEVfREVMRVRFIiwiUk9MRV9TSE9XIiwiTUVESUFfQ1JFQVRFIiwiUk9MRV9DUkVBVEUiLCJTQ0hfQ1JFQVRFIiwiVVNFUl9TSE9XIiwiUk9MRV9VUERBVEUiLCJURU1QTEFURV9ERUxFVEUiLCJQTEFZTElTVF9VUERBVEUiLCJQTEFZTElTVF9DUkVBVEUiLCJVU0VSX0RFTEVURSIsIlNDSF9TSE9XIiwiU0NIX1VQREFURSIsIk1FRElBX0RFTEVURSIsIlNDSF9ERUxFVEUiLCJNRURJQV9BUFBST1ZFIiwiREVWSUNFX1VQREFURSIsIlVTRVJfVVBEQVRFIiwiTUVESUFfVVBEQVRFIiwiVEVNUExBVEVfU0hPVyIsIlRFTVBMQVRFX1VQREFURSIsIlBMQVlMSVNUX0RFTEVURSIsIkRFVklDRV9TSE9XIl0sIlBlcm1pc3Npb25zIjpbIkRFVklDRV9ERUxFVEUiLCJURU1QTEFURV9DUkVBVEUiLCJERVZJQ0VfQ1JFQVRFIiwiVVNFUl9DUkVBVEUiLCJST0xFX0RFTEVURSIsIlJPTEVfU0hPVyIsIk1FRElBX0NSRUFURSIsIlJPTEVfQ1JFQVRFIiwiU0NIX0NSRUFURSIsIlVTRVJfU0hPVyIsIlJPTEVfVVBEQVRFIiwiVEVNUExBVEVfREVMRVRFIiwiUExBWUxJU1RfVVBEQVRFIiwiUExBWUxJU1RfQ1JFQVRFIiwiVVNFUl9ERUxFVEUiLCJTQ0hfU0hPVyIsIlNDSF9VUERBVEUiLCJNRURJQV9ERUxFVEUiLCJTQ0hfREVMRVRFIiwiTUVESUFfQVBQUk9WRSIsIkRFVklDRV9VUERBVEUiLCJVU0VSX1VQREFURSIsIk1FRElBX1VQREFURSIsIlRFTVBMQVRFX1NIT1ciLCJURU1QTEFURV9VUERBVEUiLCJQTEFZTElTVF9ERUxFVEUiLCJERVZJQ0VfU0hPVyJdLCJleHAiOjE2MTcwODA4NjAsImlzcyI6ImxvY2FsaG9zdDo5MDAwIiwiYXVkIjoibG9jYWxob3N0OjkwMDAifQ.J23cBemTf5PkgBHrphEd9rftmQtIdsKycN6kX2N-k5w', '2021-03-29 05:07:40'),
('abca79da-a7e3-4cc6-aace-91693c53606d', 'eyJhbGciOiJIUzI1NiIsInR5cCI6IkpXVCJ9.eyJ1c2VyX2VtYWlsIjoidG9pLmh1eW5oQGFsdGEuY29tLnZuIiwidXNlcl9pZCI6IjIyM2NmZTRlLWJlNGUtNDYwNy1iZDQyLTQ4NDRmMzI1Nzg2MSIsImlzX2xldmVsIjoiMCIsImdyb3VwX2lkIjoiMTcyNjJlYzEtNDI0Yy00NmJiLTkwZDEtOGUyOWFhZTJjMjBmIiwiaHR0cDovL3NjaGVtYXMubWljcm9zb2Z0LmNvbS93cy8yMDA4LzA2L2lkZW50aXR5L2NsYWltcy9yb2xlIjpbIk1FRElBX0NSRUFURSIsIlJPTEVfQ1JFQVRFIiwiUExBWUxJU1RfQ1JFQVRFIiwiU0NIX0NSRUFURSIsIlVTRVJfVVBEQVRFIiwiUk9MRV9VUERBVEUiLCJQTEFZTElTVF9VUERBVEUiLCJTQ0hfREVMRVRFIiwiUExBWUxJU1RfREVMRVRFIiwiVEVNUExBVEVfQ1JFQVRFIiwiU0NIX1VQREFURSIsIkRFVklDRV9VUERBVEUiLCJST0xFX1NIT1ciLCJVU0VSX0RFTEVURSIsIlJPTEVfREVMRVRFIiwiTUVESUFfVVBEQVRFIiwiREVWSUNFX0RFTEVURSIsIlRFTVBMQVRFX1NIT1ciLCJNRURJQV9BUFBST1ZFIiwiVVNFUl9TSE9XIiwiREVWSUNFX1NIT1ciLCJURU1QTEFURV9VUERBVEUiLCJNRURJQV9ERUxFVEUiLCJERVZJQ0VfQ1JFQVRFIiwiVEVNUExBVEVfREVMRVRFIiwiU0NIX1NIT1ciLCJVU0VSX0NSRUFURSJdLCJQZXJtaXNzaW9ucyI6WyJNRURJQV9DUkVBVEUiLCJST0xFX0NSRUFURSIsIlBMQVlMSVNUX0NSRUFURSIsIlNDSF9DUkVBVEUiLCJVU0VSX1VQREFURSIsIlJPTEVfVVBEQVRFIiwiUExBWUxJU1RfVVBEQVRFIiwiU0NIX0RFTEVURSIsIlBMQVlMSVNUX0RFTEVURSIsIlRFTVBMQVRFX0NSRUFURSIsIlNDSF9VUERBVEUiLCJERVZJQ0VfVVBEQVRFIiwiUk9MRV9TSE9XIiwiVVNFUl9ERUxFVEUiLCJST0xFX0RFTEVURSIsIk1FRElBX1VQREFURSIsIkRFVklDRV9ERUxFVEUiLCJURU1QTEFURV9TSE9XIiwiTUVESUFfQVBQUk9WRSIsIlVTRVJfU0hPVyIsIkRFVklDRV9TSE9XIiwiVEVNUExBVEVfVVBEQVRFIiwiTUVESUFfREVMRVRFIiwiREVWSUNFX0NSRUFURSIsIlRFTVBMQVRFX0RFTEVURSIsIlNDSF9TSE9XIiwiVVNFUl9DUkVBVEUiXSwiZXhwIjoxNjE3MDc2NzI1LCJpc3MiOiJsb2NhbGhvc3Q6OTAwMCIsImF1ZCI6ImxvY2FsaG9zdDo5MDAwIn0.lz2Ues3D-fPEneRmrqyOeBsyCCQIgk4m1PiR0QM3cKU', '2021-03-29 03:58:45'),
('acb53a29-7555-4a55-8767-e98c43fec79a', 'eyJhbGciOiJIUzI1NiIsInR5cCI6IkpXVCJ9.eyJ1c2VyX2VtYWlsIjoibHV5ZW4ubGVAYWx0YS5jb20udm4iLCJ1c2VyX2lkIjoiMTVkYWJhNGItODAyNi00OGU0LThmYTYtMDdkMjk0MGUwMjQzIiwiaXNfbGV2ZWwiOiIwIiwiZ3JvdXBfaWQiOiIxNzI2MmVjMS00MjRjLTQ2YmItOTBkMS04ZTI5YWFlMmMyMGYiLCJodHRwOi8vc2NoZW1hcy5taWNyb3NvZnQuY29tL3dzLzIwMDgvMDYvaWRlbnRpdHkvY2xhaW1zL3JvbGUiOlsiREVWSUNFX0RFTEVURSIsIlRFTVBMQVRFX0NSRUFURSIsIkRFVklDRV9DUkVBVEUiLCJVU0VSX0NSRUFURSIsIlJPTEVfREVMRVRFIiwiUk9MRV9TSE9XIiwiTUVESUFfQ1JFQVRFIiwiUk9MRV9DUkVBVEUiLCJTQ0hfQ1JFQVRFIiwiVVNFUl9TSE9XIiwiUk9MRV9VUERBVEUiLCJURU1QTEFURV9ERUxFVEUiLCJQTEFZTElTVF9VUERBVEUiLCJQTEFZTElTVF9DUkVBVEUiLCJVU0VSX0RFTEVURSIsIlNDSF9TSE9XIiwiU0NIX1VQREFURSIsIk1FRElBX0RFTEVURSIsIlNDSF9ERUxFVEUiLCJNRURJQV9BUFBST1ZFIiwiREVWSUNFX1VQREFURSIsIlVTRVJfVVBEQVRFIiwiTUVESUFfVVBEQVRFIiwiVEVNUExBVEVfU0hPVyIsIlRFTVBMQVRFX1VQREFURSIsIlBMQVlMSVNUX0RFTEVURSIsIkRFVklDRV9TSE9XIl0sIlBlcm1pc3Npb25zIjpbIkRFVklDRV9ERUxFVEUiLCJURU1QTEFURV9DUkVBVEUiLCJERVZJQ0VfQ1JFQVRFIiwiVVNFUl9DUkVBVEUiLCJST0xFX0RFTEVURSIsIlJPTEVfU0hPVyIsIk1FRElBX0NSRUFURSIsIlJPTEVfQ1JFQVRFIiwiU0NIX0NSRUFURSIsIlVTRVJfU0hPVyIsIlJPTEVfVVBEQVRFIiwiVEVNUExBVEVfREVMRVRFIiwiUExBWUxJU1RfVVBEQVRFIiwiUExBWUxJU1RfQ1JFQVRFIiwiVVNFUl9ERUxFVEUiLCJTQ0hfU0hPVyIsIlNDSF9VUERBVEUiLCJNRURJQV9ERUxFVEUiLCJTQ0hfREVMRVRFIiwiTUVESUFfQVBQUk9WRSIsIkRFVklDRV9VUERBVEUiLCJVU0VSX1VQREFURSIsIk1FRElBX1VQREFURSIsIlRFTVBMQVRFX1NIT1ciLCJURU1QTEFURV9VUERBVEUiLCJQTEFZTElTVF9ERUxFVEUiLCJERVZJQ0VfU0hPVyJdLCJleHAiOjE2MTcxMDExMzYsImlzcyI6ImxvY2FsaG9zdDo5MDAwIiwiYXVkIjoibG9jYWxob3N0OjkwMDAifQ.-5l7tE22erbAs4Z91ScnAFGXn_nSBWoMnPp2Mqs8jaU', '2021-03-29 10:45:36'),
('ad62fcd5-abe0-4e34-b5a8-a56802292eb1', 'eyJhbGciOiJIUzI1NiIsInR5cCI6IkpXVCJ9.eyJ1c2VyX2VtYWlsIjoibm9yZXBseUBhbHRhLmNvbS52biIsInVzZXJfaWQiOiIwMDg2MzJmZS1jMjc5LTQ4YzEtYjg5ZS04ODJmZGNiOTllOGYiLCJpc19sZXZlbCI6IjEiLCJncm91cF9pZCI6IiIsImh0dHA6Ly9zY2hlbWFzLm1pY3Jvc29mdC5jb20vd3MvMjAwOC8wNi9pZGVudGl0eS9jbGFpbXMvcm9sZSI6WyJTUF9HUk9VUF9ERUxFVEUiLCJTUF9ERVZJQ0VfU0hPVyIsIlNQX0dST1VQX0NSRUFURSIsIlNQX1JPTEVfU0hPVyIsIlNQX0RFVklDRV9DUkVBVEUiLCJTUF9VU0VSX0NSRUFURSIsIlNQX0RFVklDRV9VUERBVEUiLCJTUF9VU0VSX1VQREFURSIsIlNQX1JPTEVfQ1JFQVRFIiwiU1BfUk9MRV9ERUxFVEUiLCJTUF9HUk9VUF9VUERBVEUiLCJTUF9ST0xFX1VQREFURSIsIlNQX0dST1VQX1NIT1ciLCJTUF9VU0VSX0RFTEVURSIsIlNQX0RFVklDRV9ERUxFVEUiLCJTUF9VU0VSX1NIT1ciXSwiUGVybWlzc2lvbnMiOlsiU1BfR1JPVVBfREVMRVRFIiwiU1BfREVWSUNFX1NIT1ciLCJTUF9HUk9VUF9DUkVBVEUiLCJTUF9ST0xFX1NIT1ciLCJTUF9ERVZJQ0VfQ1JFQVRFIiwiU1BfVVNFUl9DUkVBVEUiLCJTUF9ERVZJQ0VfVVBEQVRFIiwiU1BfVVNFUl9VUERBVEUiLCJTUF9ST0xFX0NSRUFURSIsIlNQX1JPTEVfREVMRVRFIiwiU1BfR1JPVVBfVVBEQVRFIiwiU1BfUk9MRV9VUERBVEUiLCJTUF9HUk9VUF9TSE9XIiwiU1BfVVNFUl9ERUxFVEUiLCJTUF9ERVZJQ0VfREVMRVRFIiwiU1BfVVNFUl9TSE9XIl0sImV4cCI6MTYxNjkwMzk4MSwiaXNzIjoibG9jYWxob3N0OjkwMDAiLCJhdWQiOiJsb2NhbGhvc3Q6OTAwMCJ9.ww12l_AOYz-K0Huwx7PjihucuUePcm-YMuPRvk8QavU', '2021-03-27 03:59:41'),
('af877da7-2a7a-4fb1-8678-10d8893f6fc4', 'eyJhbGciOiJIUzI1NiIsInR5cCI6IkpXVCJ9.eyJ1c2VyX2VtYWlsIjoibm9yZXBseUBhbHRhLmNvbS52biIsInVzZXJfaWQiOiIwMDg2MzJmZS1jMjc5LTQ4YzEtYjg5ZS04ODJmZGNiOTllOGYiLCJpc19sZXZlbCI6IjEiLCJncm91cF9pZCI6IiIsImh0dHA6Ly9zY2hlbWFzLm1pY3Jvc29mdC5jb20vd3MvMjAwOC8wNi9pZGVudGl0eS9jbGFpbXMvcm9sZSI6WyJTUF9HUk9VUF9ERUxFVEUiLCJTUF9ERVZJQ0VfU0hPVyIsIlNQX0dST1VQX0NSRUFURSIsIlNQX1JPTEVfU0hPVyIsIlNQX0RFVklDRV9DUkVBVEUiLCJTUF9VU0VSX0NSRUFURSIsIlNQX0RFVklDRV9VUERBVEUiLCJTUF9VU0VSX1VQREFURSIsIlNQX1JPTEVfQ1JFQVRFIiwiU1BfUk9MRV9ERUxFVEUiLCJTUF9HUk9VUF9VUERBVEUiLCJTUF9ST0xFX1VQREFURSIsIlNQX0dST1VQX1NIT1ciLCJTUF9VU0VSX0RFTEVURSIsIlNQX0RFVklDRV9ERUxFVEUiLCJTUF9VU0VSX1NIT1ciXSwiUGVybWlzc2lvbnMiOlsiU1BfR1JPVVBfREVMRVRFIiwiU1BfREVWSUNFX1NIT1ciLCJTUF9HUk9VUF9DUkVBVEUiLCJTUF9ST0xFX1NIT1ciLCJTUF9ERVZJQ0VfQ1JFQVRFIiwiU1BfVVNFUl9DUkVBVEUiLCJTUF9ERVZJQ0VfVVBEQVRFIiwiU1BfVVNFUl9VUERBVEUiLCJTUF9ST0xFX0NSRUFURSIsIlNQX1JPTEVfREVMRVRFIiwiU1BfR1JPVVBfVVBEQVRFIiwiU1BfUk9MRV9VUERBVEUiLCJTUF9HUk9VUF9TSE9XIiwiU1BfVVNFUl9ERUxFVEUiLCJTUF9ERVZJQ0VfREVMRVRFIiwiU1BfVVNFUl9TSE9XIl0sImV4cCI6MTYxNzI2NDM4MiwiaXNzIjoibG9jYWxob3N0OjkwMDAiLCJhdWQiOiJsb2NhbGhvc3Q6OTAwMCJ9.SuXE-_GEiq0CSbPTdRLW854KAWhF1hFdpqi6Ryai6Us', '2021-03-31 08:06:22'),
('b107c2f5-bb88-4f8c-9023-8145780f7a67', 'eyJhbGciOiJIUzI1NiIsInR5cCI6IkpXVCJ9.eyJ1c2VyX2VtYWlsIjoibm9yZXBseUBhbHRhLmNvbS52biIsInVzZXJfaWQiOiIwMDg2MzJmZS1jMjc5LTQ4YzEtYjg5ZS04ODJmZGNiOTllOGYiLCJpc19sZXZlbCI6IjEiLCJncm91cF9pZCI6IiIsImh0dHA6Ly9zY2hlbWFzLm1pY3Jvc29mdC5jb20vd3MvMjAwOC8wNi9pZGVudGl0eS9jbGFpbXMvcm9sZSI6WyJTUF9HUk9VUF9ERUxFVEUiLCJTUF9ERVZJQ0VfU0hPVyIsIlNQX0dST1VQX0NSRUFURSIsIlNQX1JPTEVfU0hPVyIsIlNQX0RFVklDRV9DUkVBVEUiLCJTUF9VU0VSX0NSRUFURSIsIlNQX0RFVklDRV9VUERBVEUiLCJTUF9VU0VSX1VQREFURSIsIlNQX1JPTEVfQ1JFQVRFIiwiU1BfUk9MRV9ERUxFVEUiLCJTUF9HUk9VUF9VUERBVEUiLCJTUF9ST0xFX1VQREFURSIsIlNQX0dST1VQX1NIT1ciLCJTUF9VU0VSX0RFTEVURSIsIlNQX0RFVklDRV9ERUxFVEUiLCJTUF9VU0VSX1NIT1ciXSwiUGVybWlzc2lvbnMiOlsiU1BfR1JPVVBfREVMRVRFIiwiU1BfREVWSUNFX1NIT1ciLCJTUF9HUk9VUF9DUkVBVEUiLCJTUF9ST0xFX1NIT1ciLCJTUF9ERVZJQ0VfQ1JFQVRFIiwiU1BfVVNFUl9DUkVBVEUiLCJTUF9ERVZJQ0VfVVBEQVRFIiwiU1BfVVNFUl9VUERBVEUiLCJTUF9ST0xFX0NSRUFURSIsIlNQX1JPTEVfREVMRVRFIiwiU1BfR1JPVVBfVVBEQVRFIiwiU1BfUk9MRV9VUERBVEUiLCJTUF9HUk9VUF9TSE9XIiwiU1BfVVNFUl9ERUxFVEUiLCJTUF9ERVZJQ0VfREVMRVRFIiwiU1BfVVNFUl9TSE9XIl0sImV4cCI6MTYxNzA5MDU3OSwiaXNzIjoibG9jYWxob3N0OjkwMDAiLCJhdWQiOiJsb2NhbGhvc3Q6OTAwMCJ9.D4vJfZuNJOMwzSk50y2oua8mjSKW3UAf3aj5Putr5pY', '2021-03-29 07:49:39'),
('c09ac958-5919-4a50-b959-f12d4359ca8f', 'eyJhbGciOiJIUzI1NiIsInR5cCI6IkpXVCJ9.eyJ1c2VyX2VtYWlsIjoibm9yZXBseUBhbHRhLmNvbS52biIsInVzZXJfaWQiOiIwMDg2MzJmZS1jMjc5LTQ4YzEtYjg5ZS04ODJmZGNiOTllOGYiLCJpc19sZXZlbCI6IjEiLCJncm91cF9pZCI6IiIsImh0dHA6Ly9zY2hlbWFzLm1pY3Jvc29mdC5jb20vd3MvMjAwOC8wNi9pZGVudGl0eS9jbGFpbXMvcm9sZSI6WyJTUF9HUk9VUF9ERUxFVEUiLCJTUF9ERVZJQ0VfU0hPVyIsIlNQX0dST1VQX0NSRUFURSIsIlNQX1JPTEVfU0hPVyIsIlNQX0RFVklDRV9DUkVBVEUiLCJTUF9VU0VSX0NSRUFURSIsIlNQX0RFVklDRV9VUERBVEUiLCJTUF9VU0VSX1VQREFURSIsIlNQX1JPTEVfQ1JFQVRFIiwiU1BfUk9MRV9ERUxFVEUiLCJTUF9HUk9VUF9VUERBVEUiLCJTUF9ST0xFX1VQREFURSIsIlNQX0dST1VQX1NIT1ciLCJTUF9VU0VSX0RFTEVURSIsIlNQX0RFVklDRV9ERUxFVEUiLCJTUF9VU0VSX1NIT1ciXSwiUGVybWlzc2lvbnMiOlsiU1BfR1JPVVBfREVMRVRFIiwiU1BfREVWSUNFX1NIT1ciLCJTUF9HUk9VUF9DUkVBVEUiLCJTUF9ST0xFX1NIT1ciLCJTUF9ERVZJQ0VfQ1JFQVRFIiwiU1BfVVNFUl9DUkVBVEUiLCJTUF9ERVZJQ0VfVVBEQVRFIiwiU1BfVVNFUl9VUERBVEUiLCJTUF9ST0xFX0NSRUFURSIsIlNQX1JPTEVfREVMRVRFIiwiU1BfR1JPVVBfVVBEQVRFIiwiU1BfUk9MRV9VUERBVEUiLCJTUF9HUk9VUF9TSE9XIiwiU1BfVVNFUl9ERUxFVEUiLCJTUF9ERVZJQ0VfREVMRVRFIiwiU1BfVVNFUl9TSE9XIl0sImV4cCI6MTYxNzI2MzIzNCwiaXNzIjoibG9jYWxob3N0OjkwMDAiLCJhdWQiOiJsb2NhbGhvc3Q6OTAwMCJ9.V_uDDSHTfq5yVvMit1P5beRHzIlIAOizizBJiz_59FI', '2021-03-31 07:47:14'),
('c2840d8c-895b-4d1f-91e6-39503da0577c', 'eyJhbGciOiJIUzI1NiIsInR5cCI6IkpXVCJ9.eyJ1c2VyX2VtYWlsIjoiYUBhbHRhLmNvbSIsInVzZXJfaWQiOiJhMmM1MWM2NS1mZDVjLTQ1ZjItYTY0My1lODQxZGU1Zjc3MjkiLCJpc19sZXZlbCI6IjAiLCJncm91cF9pZCI6ImE0MzllNTg2LTRhYWEtNGMwMC04NTdkLWM5ZTBiNzYwNjQ2ZCIsImh0dHA6Ly9zY2hlbWFzLm1pY3Jvc29mdC5jb20vd3MvMjAwOC8wNi9pZGVudGl0eS9jbGFpbXMvcm9sZSI6WyJURU1QTEFURV9TSE9XIiwiVVNFUl9VUERBVEUiLCJURU1QTEFURV9ERUxFVEUiLCJURU1QTEFURV9DUkVBVEUiLCJTQ0hfU0hPVyIsIlVTRVJfU0hPVyIsIlNDSF9ERUxFVEUiLCJQTEFZTElTVF9VUERBVEUiLCJERVZJQ0VfU0hPVyIsIk1FRElBX1VQREFURSIsIkRFVklDRV9VUERBVEUiLCJQTEFZTElTVF9ERUxFVEUiLCJVU0VSX0NSRUFURSIsIkRFVklDRV9DUkVBVEUiLCJNRURJQV9BUFBST1ZFIiwiVVNFUl9ERUxFVEUiLCJTQ0hfVVBEQVRFIiwiU0NIX0NSRUFURSIsIlBMQVlMSVNUX0NSRUFURSIsIlRFTVBMQVRFX1VQREFURSIsIk1FRElBX0NSRUFURSIsIk1FRElBX0RFTEVURSIsIkRFVklDRV9ERUxFVEUiXSwiUGVybWlzc2lvbnMiOlsiVEVNUExBVEVfU0hPVyIsIlVTRVJfVVBEQVRFIiwiVEVNUExBVEVfREVMRVRFIiwiVEVNUExBVEVfQ1JFQVRFIiwiU0NIX1NIT1ciLCJVU0VSX1NIT1ciLCJTQ0hfREVMRVRFIiwiUExBWUxJU1RfVVBEQVRFIiwiREVWSUNFX1NIT1ciLCJNRURJQV9VUERBVEUiLCJERVZJQ0VfVVBEQVRFIiwiUExBWUxJU1RfREVMRVRFIiwiVVNFUl9DUkVBVEUiLCJERVZJQ0VfQ1JFQVRFIiwiTUVESUFfQVBQUk9WRSIsIlVTRVJfREVMRVRFIiwiU0NIX1VQREFURSIsIlNDSF9DUkVBVEUiLCJQTEFZTElTVF9DUkVBVEUiLCJURU1QTEFURV9VUERBVEUiLCJNRURJQV9DUkVBVEUiLCJNRURJQV9ERUxFVEUiLCJERVZJQ0VfREVMRVRFIl0sImV4cCI6MTYxNzE2MTQ2MCwiaXNzIjoibG9jYWxob3N0OjkwMDAiLCJhdWQiOiJsb2NhbGhvc3Q6OTAwMCJ9.yrllzTScvMOussaGo2B_MuqgDOAmVO5GSZiPV4tW9Rs', '2021-03-30 03:31:00'),
('c5dea7d0-7b42-40e7-8917-b4086320aad4', 'eyJhbGciOiJIUzI1NiIsInR5cCI6IkpXVCJ9.eyJ1c2VyX2VtYWlsIjoibm9yZXBseUBhbHRhLmNvbS52biIsInVzZXJfaWQiOiIwMDg2MzJmZS1jMjc5LTQ4YzEtYjg5ZS04ODJmZGNiOTllOGYiLCJpc19sZXZlbCI6IjEiLCJncm91cF9pZCI6IiIsImh0dHA6Ly9zY2hlbWFzLm1pY3Jvc29mdC5jb20vd3MvMjAwOC8wNi9pZGVudGl0eS9jbGFpbXMvcm9sZSI6WyJTUF9HUk9VUF9ERUxFVEUiLCJTUF9ERVZJQ0VfU0hPVyIsIlNQX0dST1VQX0NSRUFURSIsIlNQX1JPTEVfU0hPVyIsIlNQX0RFVklDRV9DUkVBVEUiLCJTUF9VU0VSX0NSRUFURSIsIlNQX0RFVklDRV9VUERBVEUiLCJTUF9VU0VSX1VQREFURSIsIlNQX1JPTEVfQ1JFQVRFIiwiU1BfUk9MRV9ERUxFVEUiLCJTUF9HUk9VUF9VUERBVEUiLCJTUF9ST0xFX1VQREFURSIsIlNQX0dST1VQX1NIT1ciLCJTUF9VU0VSX0RFTEVURSIsIlNQX0RFVklDRV9ERUxFVEUiLCJTUF9VU0VSX1NIT1ciXSwiUGVybWlzc2lvbnMiOlsiU1BfR1JPVVBfREVMRVRFIiwiU1BfREVWSUNFX1NIT1ciLCJTUF9HUk9VUF9DUkVBVEUiLCJTUF9ST0xFX1NIT1ciLCJTUF9ERVZJQ0VfQ1JFQVRFIiwiU1BfVVNFUl9DUkVBVEUiLCJTUF9ERVZJQ0VfVVBEQVRFIiwiU1BfVVNFUl9VUERBVEUiLCJTUF9ST0xFX0NSRUFURSIsIlNQX1JPTEVfREVMRVRFIiwiU1BfR1JPVVBfVVBEQVRFIiwiU1BfUk9MRV9VUERBVEUiLCJTUF9HUk9VUF9TSE9XIiwiU1BfVVNFUl9ERUxFVEUiLCJTUF9ERVZJQ0VfREVMRVRFIiwiU1BfVVNFUl9TSE9XIl0sImV4cCI6MTYxNzIzOTg1NCwiaXNzIjoibG9jYWxob3N0OjkwMDAiLCJhdWQiOiJsb2NhbGhvc3Q6OTAwMCJ9.6S3_IuPMcr_LeJZ0tOpRqm2D8WI6LHUSCos30xxem9A', '2021-03-31 01:17:34'),
('c82d1c2d-7dd9-408b-8e92-e211f0d32a95', 'eyJhbGciOiJIUzI1NiIsInR5cCI6IkpXVCJ9.eyJ1c2VyX2VtYWlsIjoidG9pLmh1eW5oQGFsdGEuY29tLnZuIiwidXNlcl9pZCI6IjIyM2NmZTRlLWJlNGUtNDYwNy1iZDQyLTQ4NDRmMzI1Nzg2MSIsImlzX2xldmVsIjoiMCIsImdyb3VwX2lkIjoiMTcyNjJlYzEtNDI0Yy00NmJiLTkwZDEtOGUyOWFhZTJjMjBmIiwiaHR0cDovL3NjaGVtYXMubWljcm9zb2Z0LmNvbS93cy8yMDA4LzA2L2lkZW50aXR5L2NsYWltcy9yb2xlIjpbIk1FRElBX0NSRUFURSIsIlJPTEVfQ1JFQVRFIiwiUExBWUxJU1RfQ1JFQVRFIiwiU0NIX0NSRUFURSIsIlVTRVJfVVBEQVRFIiwiUk9MRV9VUERBVEUiLCJQTEFZTElTVF9VUERBVEUiLCJURU1QTEFURV9TSEFSRSIsIlNDSF9ERUxFVEUiLCJQTEFZTElTVF9ERUxFVEUiLCJURU1QTEFURV9DUkVBVEUiLCJTQ0hfVVBEQVRFIiwiREVWSUNFX1VQREFURSIsIlJPTEVfU0hPVyIsIlVTRVJfREVMRVRFIiwiUk9MRV9ERUxFVEUiLCJNRURJQV9VUERBVEUiLCJERVZJQ0VfREVMRVRFIiwiVEVNUExBVEVfU0hPVyIsIk1FRElBX0FQUFJPVkUiLCJVU0VSX1NIT1ciLCJERVZJQ0VfU0hPVyIsIlRFTVBMQVRFX1VQREFURSIsIk1FRElBX0RFTEVURSIsIkRFVklDRV9DUkVBVEUiLCJURU1QTEFURV9ERUxFVEUiLCJTQ0hfU0hPVyIsIlVTRVJfQ1JFQVRFIl0sIlBlcm1pc3Npb25zIjpbIk1FRElBX0NSRUFURSIsIlJPTEVfQ1JFQVRFIiwiUExBWUxJU1RfQ1JFQVRFIiwiU0NIX0NSRUFURSIsIlVTRVJfVVBEQVRFIiwiUk9MRV9VUERBVEUiLCJQTEFZTElTVF9VUERBVEUiLCJURU1QTEFURV9TSEFSRSIsIlNDSF9ERUxFVEUiLCJQTEFZTElTVF9ERUxFVEUiLCJURU1QTEFURV9DUkVBVEUiLCJTQ0hfVVBEQVRFIiwiREVWSUNFX1VQREFURSIsIlJPTEVfU0hPVyIsIlVTRVJfREVMRVRFIiwiUk9MRV9ERUxFVEUiLCJNRURJQV9VUERBVEUiLCJERVZJQ0VfREVMRVRFIiwiVEVNUExBVEVfU0hPVyIsIk1FRElBX0FQUFJPVkUiLCJVU0VSX1NIT1ciLCJERVZJQ0VfU0hPVyIsIlRFTVBMQVRFX1VQREFURSIsIk1FRElBX0RFTEVURSIsIkRFVklDRV9DUkVBVEUiLCJURU1QTEFURV9ERUxFVEUiLCJTQ0hfU0hPVyIsIlVTRVJfQ1JFQVRFIl0sImV4cCI6MTYxNzI1MjA3NSwiaXNzIjoibG9jYWxob3N0OjkwMDAiLCJhdWQiOiJsb2NhbGhvc3Q6OTAwMCJ9.vHTrXrwpFS2jWPOmql0wehLp-Yx3OjszU_dNnndcLqo', '2021-03-31 04:41:15'),
('ca651017-dad9-4c8e-8258-68c0049b1cd9', 'eyJhbGciOiJIUzI1NiIsInR5cCI6IkpXVCJ9.eyJ1c2VyX2VtYWlsIjoiYUBhbHRhLmNvbSIsInVzZXJfaWQiOiJhMmM1MWM2NS1mZDVjLTQ1ZjItYTY0My1lODQxZGU1Zjc3MjkiLCJpc19sZXZlbCI6IjAiLCJncm91cF9pZCI6ImE0MzllNTg2LTRhYWEtNGMwMC04NTdkLWM5ZTBiNzYwNjQ2ZCIsImh0dHA6Ly9zY2hlbWFzLm1pY3Jvc29mdC5jb20vd3MvMjAwOC8wNi9pZGVudGl0eS9jbGFpbXMvcm9sZSI6WyJVU0VSX0NSRUFURSIsIkRFVklDRV9VUERBVEUiLCJST0xFX0NSRUFURSIsIlRFTVBMQVRFX0NSRUFURSIsIk1FRElBX0FQUFJPVkUiLCJERVZJQ0VfU0hPVyIsIlBMQVlMSVNUX1VQREFURSIsIlVTRVJfU0hPVyIsIlJPTEVfVVBEQVRFIiwiVVNFUl9VUERBVEUiLCJNRURJQV9ERUxFVEUiLCJVU0VSX0RFTEVURSIsIlNDSF9ERUxFVEUiLCJURU1QTEFURV9TSE9XIiwiTUVESUFfVVBEQVRFIiwiVEVNUExBVEVfREVMRVRFIiwiUk9MRV9ERUxFVEUiLCJTQ0hfU0hPVyIsIlJPTEVfU0hPVyIsIk1FRElBX0NSRUFURSIsIlBMQVlMSVNUX0RFTEVURSIsIkRFVklDRV9DUkVBVEUiLCJTQ0hfVVBEQVRFIiwiREVWSUNFX0RFTEVURSIsIlBMQVlMSVNUX0NSRUFURSIsIlNDSF9DUkVBVEUiLCJURU1QTEFURV9VUERBVEUiXSwiUGVybWlzc2lvbnMiOlsiVVNFUl9DUkVBVEUiLCJERVZJQ0VfVVBEQVRFIiwiUk9MRV9DUkVBVEUiLCJURU1QTEFURV9DUkVBVEUiLCJNRURJQV9BUFBST1ZFIiwiREVWSUNFX1NIT1ciLCJQTEFZTElTVF9VUERBVEUiLCJVU0VSX1NIT1ciLCJST0xFX1VQREFURSIsIlVTRVJfVVBEQVRFIiwiTUVESUFfREVMRVRFIiwiVVNFUl9ERUxFVEUiLCJTQ0hfREVMRVRFIiwiVEVNUExBVEVfU0hPVyIsIk1FRElBX1VQREFURSIsIlRFTVBMQVRFX0RFTEVURSIsIlJPTEVfREVMRVRFIiwiU0NIX1NIT1ciLCJST0xFX1NIT1ciLCJNRURJQV9DUkVBVEUiLCJQTEFZTElTVF9ERUxFVEUiLCJERVZJQ0VfQ1JFQVRFIiwiU0NIX1VQREFURSIsIkRFVklDRV9ERUxFVEUiLCJQTEFZTElTVF9DUkVBVEUiLCJTQ0hfQ1JFQVRFIiwiVEVNUExBVEVfVVBEQVRFIl0sImV4cCI6MTYxNjgzMDUxMSwiaXNzIjoibG9jYWxob3N0OjkwMDAiLCJhdWQiOiJsb2NhbGhvc3Q6OTAwMCJ9.irF-TsVJ0xVTwTH4F2DsvHP-x1JVDxX7cvRa8FUMyJU', '2021-03-26 07:35:11'),
('ca9a1d61-16e1-470a-8077-736b64e5b6ca', 'eyJhbGciOiJIUzI1NiIsInR5cCI6IkpXVCJ9.eyJ1c2VyX2VtYWlsIjoidG9pLmh1eW5oQGFsdGEuY29tLnZuIiwidXNlcl9pZCI6IjIyM2NmZTRlLWJlNGUtNDYwNy1iZDQyLTQ4NDRmMzI1Nzg2MSIsImlzX2xldmVsIjoiMCIsImdyb3VwX2lkIjoiMTcyNjJlYzEtNDI0Yy00NmJiLTkwZDEtOGUyOWFhZTJjMjBmIiwiaHR0cDovL3NjaGVtYXMubWljcm9zb2Z0LmNvbS93cy8yMDA4LzA2L2lkZW50aXR5L2NsYWltcy9yb2xlIjpbIk1FRElBX0NSRUFURSIsIlJPTEVfQ1JFQVRFIiwiUExBWUxJU1RfQ1JFQVRFIiwiU0NIX0NSRUFURSIsIlVTRVJfVVBEQVRFIiwiUk9MRV9VUERBVEUiLCJQTEFZTElTVF9VUERBVEUiLCJTQ0hfREVMRVRFIiwiUExBWUxJU1RfREVMRVRFIiwiVEVNUExBVEVfQ1JFQVRFIiwiU0NIX1VQREFURSIsIkRFVklDRV9VUERBVEUiLCJST0xFX1NIT1ciLCJVU0VSX0RFTEVURSIsIlJPTEVfREVMRVRFIiwiTUVESUFfVVBEQVRFIiwiREVWSUNFX0RFTEVURSIsIlRFTVBMQVRFX1NIT1ciLCJNRURJQV9BUFBST1ZFIiwiVVNFUl9TSE9XIiwiREVWSUNFX1NIT1ciLCJURU1QTEFURV9VUERBVEUiLCJNRURJQV9ERUxFVEUiLCJERVZJQ0VfQ1JFQVRFIiwiVEVNUExBVEVfREVMRVRFIiwiU0NIX1NIT1ciLCJVU0VSX0NSRUFURSJdLCJQZXJtaXNzaW9ucyI6WyJNRURJQV9DUkVBVEUiLCJST0xFX0NSRUFURSIsIlBMQVlMSVNUX0NSRUFURSIsIlNDSF9DUkVBVEUiLCJVU0VSX1VQREFURSIsIlJPTEVfVVBEQVRFIiwiUExBWUxJU1RfVVBEQVRFIiwiU0NIX0RFTEVURSIsIlBMQVlMSVNUX0RFTEVURSIsIlRFTVBMQVRFX0NSRUFURSIsIlNDSF9VUERBVEUiLCJERVZJQ0VfVVBEQVRFIiwiUk9MRV9TSE9XIiwiVVNFUl9ERUxFVEUiLCJST0xFX0RFTEVURSIsIk1FRElBX1VQREFURSIsIkRFVklDRV9ERUxFVEUiLCJURU1QTEFURV9TSE9XIiwiTUVESUFfQVBQUk9WRSIsIlVTRVJfU0hPVyIsIkRFVklDRV9TSE9XIiwiVEVNUExBVEVfVVBEQVRFIiwiTUVESUFfREVMRVRFIiwiREVWSUNFX0NSRUFURSIsIlRFTVBMQVRFX0RFTEVURSIsIlNDSF9TSE9XIiwiVVNFUl9DUkVBVEUiXSwiZXhwIjoxNjE3MDc1MTIwLCJpc3MiOiJsb2NhbGhvc3Q6OTAwMCIsImF1ZCI6ImxvY2FsaG9zdDo5MDAwIn0.MwYpQApQG-6XkaOgJaK0T3hcqRx4r5YXSGAtAim9ET4', '2021-03-29 03:32:00'),
('cb3ebf37-99b5-42e8-bfd4-8fa9ac488610', 'eyJhbGciOiJIUzI1NiIsInR5cCI6IkpXVCJ9.eyJ1c2VyX2VtYWlsIjoiYUBhbHRhLmNvbSIsInVzZXJfaWQiOiJhMmM1MWM2NS1mZDVjLTQ1ZjItYTY0My1lODQxZGU1Zjc3MjkiLCJpc19sZXZlbCI6IjAiLCJncm91cF9pZCI6ImE0MzllNTg2LTRhYWEtNGMwMC04NTdkLWM5ZTBiNzYwNjQ2ZCIsImh0dHA6Ly9zY2hlbWFzLm1pY3Jvc29mdC5jb20vd3MvMjAwOC8wNi9pZGVudGl0eS9jbGFpbXMvcm9sZSI6WyJURU1QTEFURV9TSE9XIiwiVVNFUl9VUERBVEUiLCJURU1QTEFURV9ERUxFVEUiLCJURU1QTEFURV9DUkVBVEUiLCJTQ0hfU0hPVyIsIlVTRVJfU0hPVyIsIlNDSF9ERUxFVEUiLCJQTEFZTElTVF9VUERBVEUiLCJERVZJQ0VfU0hPVyIsIk1FRElBX1VQREFURSIsIkRFVklDRV9VUERBVEUiLCJQTEFZTElTVF9ERUxFVEUiLCJVU0VSX0NSRUFURSIsIkRFVklDRV9DUkVBVEUiLCJNRURJQV9BUFBST1ZFIiwiVVNFUl9ERUxFVEUiLCJTQ0hfVVBEQVRFIiwiU0NIX0NSRUFURSIsIlBMQVlMSVNUX0NSRUFURSIsIlRFTVBMQVRFX1VQREFURSIsIk1FRElBX0NSRUFURSIsIk1FRElBX0RFTEVURSIsIkRFVklDRV9ERUxFVEUiXSwiUGVybWlzc2lvbnMiOlsiVEVNUExBVEVfU0hPVyIsIlVTRVJfVVBEQVRFIiwiVEVNUExBVEVfREVMRVRFIiwiVEVNUExBVEVfQ1JFQVRFIiwiU0NIX1NIT1ciLCJVU0VSX1NIT1ciLCJTQ0hfREVMRVRFIiwiUExBWUxJU1RfVVBEQVRFIiwiREVWSUNFX1NIT1ciLCJNRURJQV9VUERBVEUiLCJERVZJQ0VfVVBEQVRFIiwiUExBWUxJU1RfREVMRVRFIiwiVVNFUl9DUkVBVEUiLCJERVZJQ0VfQ1JFQVRFIiwiTUVESUFfQVBQUk9WRSIsIlVTRVJfREVMRVRFIiwiU0NIX1VQREFURSIsIlNDSF9DUkVBVEUiLCJQTEFZTElTVF9DUkVBVEUiLCJURU1QTEFURV9VUERBVEUiLCJNRURJQV9DUkVBVEUiLCJNRURJQV9ERUxFVEUiLCJERVZJQ0VfREVMRVRFIl0sImV4cCI6MTYxNjkxNjUzOSwiaXNzIjoibG9jYWxob3N0OjkwMDAiLCJhdWQiOiJsb2NhbGhvc3Q6OTAwMCJ9.2_BA6JTiQSGbo_jF2Ly_KWxwKeLSztG2-eAV57N08nY', '2021-03-27 07:28:59'),
('cb7b28b4-6663-4d5e-88de-5d4e5b7ca0c7', 'eyJhbGciOiJIUzI1NiIsInR5cCI6IkpXVCJ9.eyJ1c2VyX2VtYWlsIjoibHV5ZW4ubGUyQGFsdGEuY29tLnZuIiwidXNlcl9pZCI6ImVmNDBkOGJhLTVmMzYtNGYwOC1iMWJlLTAxZmUyMmNkYzI5MiIsImlzX2xldmVsIjoiMCIsImdyb3VwX2lkIjoiMTcyNjJlYzEtNDI0Yy00NmJiLTkwZDEtOGUyOWFhZTJjMjBmIiwiaHR0cDovL3NjaGVtYXMubWljcm9zb2Z0LmNvbS93cy8yMDA4LzA2L2lkZW50aXR5L2NsYWltcy9yb2xlIjpbIkRFVklDRV9TSE9XIiwiTUVESUFfREVMRVRFIiwiREVWSUNFX0NSRUFURSIsIk1FRElBX1VQREFURSIsIlRFTVBMQVRFX0NSRUFURSIsIlVTRVJfQ1JFQVRFIiwiVEVNUExBVEVfVVBEQVRFIiwiREVWSUNFX1VQREFURSIsIlRFTVBMQVRFX0RFTEVURSIsIlJPTEVfU0hPVyIsIk1FRElBX0NSRUFURSIsIlBMQVlMSVNUX1VQREFURSIsIlVTRVJfU0hPVyIsIlNDSF9DUkVBVEUiLCJURU1QTEFURV9TSE9XIiwiREVWSUNFX0RFTEVURSIsIlNDSF9ERUxFVEUiLCJQTEFZTElTVF9DUkVBVEUiLCJVU0VSX1VQREFURSIsIlJPTEVfQ1JFQVRFIiwiU0NIX1NIT1ciLCJVU0VSX0RFTEVURSIsIlJPTEVfVVBEQVRFIiwiUk9MRV9ERUxFVEUiLCJNRURJQV9BUFBST1ZFIiwiU0NIX1VQREFURSIsIlBMQVlMSVNUX0RFTEVURSJdLCJQZXJtaXNzaW9ucyI6WyJERVZJQ0VfU0hPVyIsIk1FRElBX0RFTEVURSIsIkRFVklDRV9DUkVBVEUiLCJNRURJQV9VUERBVEUiLCJURU1QTEFURV9DUkVBVEUiLCJVU0VSX0NSRUFURSIsIlRFTVBMQVRFX1VQREFURSIsIkRFVklDRV9VUERBVEUiLCJURU1QTEFURV9ERUxFVEUiLCJST0xFX1NIT1ciLCJNRURJQV9DUkVBVEUiLCJQTEFZTElTVF9VUERBVEUiLCJVU0VSX1NIT1ciLCJTQ0hfQ1JFQVRFIiwiVEVNUExBVEVfU0hPVyIsIkRFVklDRV9ERUxFVEUiLCJTQ0hfREVMRVRFIiwiUExBWUxJU1RfQ1JFQVRFIiwiVVNFUl9VUERBVEUiLCJST0xFX0NSRUFURSIsIlNDSF9TSE9XIiwiVVNFUl9ERUxFVEUiLCJST0xFX1VQREFURSIsIlJPTEVfREVMRVRFIiwiTUVESUFfQVBQUk9WRSIsIlNDSF9VUERBVEUiLCJQTEFZTElTVF9ERUxFVEUiXSwiZXhwIjoxNjE2ODM4ODI4LCJpc3MiOiJsb2NhbGhvc3Q6OTAwMCIsImF1ZCI6ImxvY2FsaG9zdDo5MDAwIn0.HNbT85G0a-4qnb0rldqspWroVzyUL4-61mnqj1-VwEg', '2021-03-26 09:53:48'),
('cecea57e-422a-411f-9ed4-d9fd684da42c', 'eyJhbGciOiJIUzI1NiIsInR5cCI6IkpXVCJ9.eyJ1c2VyX2VtYWlsIjoibm9yZXBseUBhbHRhLmNvbS52biIsInVzZXJfaWQiOiIwMDg2MzJmZS1jMjc5LTQ4YzEtYjg5ZS04ODJmZGNiOTllOGYiLCJpc19sZXZlbCI6IjEiLCJncm91cF9pZCI6IiIsImh0dHA6Ly9zY2hlbWFzLm1pY3Jvc29mdC5jb20vd3MvMjAwOC8wNi9pZGVudGl0eS9jbGFpbXMvcm9sZSI6WyJTUF9HUk9VUF9ERUxFVEUiLCJTUF9ERVZJQ0VfU0hPVyIsIlNQX0dST1VQX0NSRUFURSIsIlNQX1JPTEVfU0hPVyIsIlNQX0RFVklDRV9DUkVBVEUiLCJTUF9VU0VSX0NSRUFURSIsIlNQX0RFVklDRV9VUERBVEUiLCJTUF9VU0VSX1VQREFURSIsIlNQX1JPTEVfQ1JFQVRFIiwiU1BfUk9MRV9ERUxFVEUiLCJTUF9HUk9VUF9VUERBVEUiLCJTUF9ST0xFX1VQREFURSIsIlNQX0dST1VQX1NIT1ciLCJTUF9VU0VSX0RFTEVURSIsIlNQX0RFVklDRV9ERUxFVEUiLCJTUF9VU0VSX1NIT1ciXSwiUGVybWlzc2lvbnMiOlsiU1BfR1JPVVBfREVMRVRFIiwiU1BfREVWSUNFX1NIT1ciLCJTUF9HUk9VUF9DUkVBVEUiLCJTUF9ST0xFX1NIT1ciLCJTUF9ERVZJQ0VfQ1JFQVRFIiwiU1BfVVNFUl9DUkVBVEUiLCJTUF9ERVZJQ0VfVVBEQVRFIiwiU1BfVVNFUl9VUERBVEUiLCJTUF9ST0xFX0NSRUFURSIsIlNQX1JPTEVfREVMRVRFIiwiU1BfR1JPVVBfVVBEQVRFIiwiU1BfUk9MRV9VUERBVEUiLCJTUF9HUk9VUF9TSE9XIiwiU1BfVVNFUl9ERUxFVEUiLCJTUF9ERVZJQ0VfREVMRVRFIiwiU1BfVVNFUl9TSE9XIl0sImV4cCI6MTYxNjgzNzk0NCwiaXNzIjoibG9jYWxob3N0OjkwMDAiLCJhdWQiOiJsb2NhbGhvc3Q6OTAwMCJ9.78czmbRft6zUnszCqnhuq4Dgbc3MnlFbBW6ee84RdzU', '2021-03-26 09:39:04'),
('d070ea1b-0137-4949-8433-5c5035471f0e', 'eyJhbGciOiJIUzI1NiIsInR5cCI6IkpXVCJ9.eyJ1c2VyX2VtYWlsIjoibm9yZXBseUBhbHRhLmNvbS52biIsInVzZXJfaWQiOiIwMDg2MzJmZS1jMjc5LTQ4YzEtYjg5ZS04ODJmZGNiOTllOGYiLCJpc19sZXZlbCI6IjEiLCJncm91cF9pZCI6IiIsImh0dHA6Ly9zY2hlbWFzLm1pY3Jvc29mdC5jb20vd3MvMjAwOC8wNi9pZGVudGl0eS9jbGFpbXMvcm9sZSI6WyJTUF9HUk9VUF9ERUxFVEUiLCJTUF9ERVZJQ0VfU0hPVyIsIlNQX0dST1VQX0NSRUFURSIsIlNQX1JPTEVfU0hPVyIsIlNQX0RFVklDRV9DUkVBVEUiLCJTUF9VU0VSX0NSRUFURSIsIlNQX0RFVklDRV9VUERBVEUiLCJTUF9VU0VSX1VQREFURSIsIlNQX1JPTEVfQ1JFQVRFIiwiU1BfUk9MRV9ERUxFVEUiLCJTUF9HUk9VUF9VUERBVEUiLCJTUF9ST0xFX1VQREFURSIsIlNQX0dST1VQX1NIT1ciLCJTUF9VU0VSX0RFTEVURSIsIlNQX0RFVklDRV9ERUxFVEUiLCJTUF9VU0VSX1NIT1ciXSwiUGVybWlzc2lvbnMiOlsiU1BfR1JPVVBfREVMRVRFIiwiU1BfREVWSUNFX1NIT1ciLCJTUF9HUk9VUF9DUkVBVEUiLCJTUF9ST0xFX1NIT1ciLCJTUF9ERVZJQ0VfQ1JFQVRFIiwiU1BfVVNFUl9DUkVBVEUiLCJTUF9ERVZJQ0VfVVBEQVRFIiwiU1BfVVNFUl9VUERBVEUiLCJTUF9ST0xFX0NSRUFURSIsIlNQX1JPTEVfREVMRVRFIiwiU1BfR1JPVVBfVVBEQVRFIiwiU1BfUk9MRV9VUERBVEUiLCJTUF9HUk9VUF9TSE9XIiwiU1BfVVNFUl9ERUxFVEUiLCJTUF9ERVZJQ0VfREVMRVRFIiwiU1BfVVNFUl9TSE9XIl0sImV4cCI6MTYxNzE4MTYxNiwiaXNzIjoibG9jYWxob3N0OjkwMDAiLCJhdWQiOiJsb2NhbGhvc3Q6OTAwMCJ9.kkGy1OJ1ryOToU6asty0faPijEVrrbT_JnPphdOQ6YY', '2021-03-30 09:06:56'),
('d09a4303-df64-4a8b-9f8c-db290bd0d4eb', 'eyJhbGciOiJIUzI1NiIsInR5cCI6IkpXVCJ9.eyJ1c2VyX2VtYWlsIjoibm9yZXBseUBhbHRhLmNvbS52biIsInVzZXJfaWQiOiIwMDg2MzJmZS1jMjc5LTQ4YzEtYjg5ZS04ODJmZGNiOTllOGYiLCJpc19sZXZlbCI6IjEiLCJncm91cF9pZCI6IiIsImV4cCI6MTYxNjgyNjMyNiwiaXNzIjoibG9jYWxob3N0OjkwMDAiLCJhdWQiOiJsb2NhbGhvc3Q6OTAwMCJ9.6iDfprkAJo6elY30qNmd7_maJRipzNb_rtB5H8iPI9c', '2021-03-26 06:25:26'),
('d5362897-8943-4bff-963c-b6a455e736c2', 'eyJhbGciOiJIUzI1NiIsInR5cCI6IkpXVCJ9.eyJ1c2VyX2VtYWlsIjoiYUBhbHRhLmNvbSIsInVzZXJfaWQiOiJhMmM1MWM2NS1mZDVjLTQ1ZjItYTY0My1lODQxZGU1Zjc3MjkiLCJpc19sZXZlbCI6IjAiLCJncm91cF9pZCI6ImE0MzllNTg2LTRhYWEtNGMwMC04NTdkLWM5ZTBiNzYwNjQ2ZCIsImh0dHA6Ly9zY2hlbWFzLm1pY3Jvc29mdC5jb20vd3MvMjAwOC8wNi9pZGVudGl0eS9jbGFpbXMvcm9sZSI6WyJURU1QTEFURV9TSE9XIiwiVVNFUl9VUERBVEUiLCJURU1QTEFURV9ERUxFVEUiLCJURU1QTEFURV9DUkVBVEUiLCJTQ0hfU0hPVyIsIlVTRVJfU0hPVyIsIlNDSF9ERUxFVEUiLCJQTEFZTElTVF9VUERBVEUiLCJERVZJQ0VfU0hPVyIsIk1FRElBX1VQREFURSIsIkRFVklDRV9VUERBVEUiLCJQTEFZTElTVF9ERUxFVEUiLCJVU0VSX0NSRUFURSIsIkRFVklDRV9DUkVBVEUiLCJNRURJQV9BUFBST1ZFIiwiVVNFUl9ERUxFVEUiLCJTQ0hfVVBEQVRFIiwiU0NIX0NSRUFURSIsIlBMQVlMSVNUX0NSRUFURSIsIlRFTVBMQVRFX1VQREFURSIsIk1FRElBX0NSRUFURSIsIk1FRElBX0RFTEVURSIsIkRFVklDRV9ERUxFVEUiXSwiUGVybWlzc2lvbnMiOlsiVEVNUExBVEVfU0hPVyIsIlVTRVJfVVBEQVRFIiwiVEVNUExBVEVfREVMRVRFIiwiVEVNUExBVEVfQ1JFQVRFIiwiU0NIX1NIT1ciLCJVU0VSX1NIT1ciLCJTQ0hfREVMRVRFIiwiUExBWUxJU1RfVVBEQVRFIiwiREVWSUNFX1NIT1ciLCJNRURJQV9VUERBVEUiLCJERVZJQ0VfVVBEQVRFIiwiUExBWUxJU1RfREVMRVRFIiwiVVNFUl9DUkVBVEUiLCJERVZJQ0VfQ1JFQVRFIiwiTUVESUFfQVBQUk9WRSIsIlVTRVJfREVMRVRFIiwiU0NIX1VQREFURSIsIlNDSF9DUkVBVEUiLCJQTEFZTElTVF9DUkVBVEUiLCJURU1QTEFURV9VUERBVEUiLCJNRURJQV9DUkVBVEUiLCJNRURJQV9ERUxFVEUiLCJERVZJQ0VfREVMRVRFIl0sImV4cCI6MTYxNjgzMzQxNSwiaXNzIjoibG9jYWxob3N0OjkwMDAiLCJhdWQiOiJsb2NhbGhvc3Q6OTAwMCJ9.HBlV8EJ80uhFvvaFRBte2oM_Vx3QMdGO6i4Ql_GWwRU', '2021-03-26 08:23:35'),
('d59d2176-f60e-41f8-89fd-9adeca711734', 'eyJhbGciOiJIUzI1NiIsInR5cCI6IkpXVCJ9.eyJ1c2VyX2VtYWlsIjoibHV5ZW4ubGVAYWx0YS5jb20udm4iLCJ1c2VyX2lkIjoiMTVkYWJhNGItODAyNi00OGU0LThmYTYtMDdkMjk0MGUwMjQzIiwiaXNfbGV2ZWwiOiIwIiwiZ3JvdXBfaWQiOiIxNzI2MmVjMS00MjRjLTQ2YmItOTBkMS04ZTI5YWFlMmMyMGYiLCJodHRwOi8vc2NoZW1hcy5taWNyb3NvZnQuY29tL3dzLzIwMDgvMDYvaWRlbnRpdHkvY2xhaW1zL3JvbGUiOlsiREVWSUNFX0RFTEVURSIsIlRFTVBMQVRFX0NSRUFURSIsIkRFVklDRV9DUkVBVEUiLCJVU0VSX0NSRUFURSIsIlJPTEVfREVMRVRFIiwiUk9MRV9TSE9XIiwiTUVESUFfQ1JFQVRFIiwiUk9MRV9DUkVBVEUiLCJTQ0hfQ1JFQVRFIiwiVVNFUl9TSE9XIiwiUk9MRV9VUERBVEUiLCJURU1QTEFURV9ERUxFVEUiLCJQTEFZTElTVF9VUERBVEUiLCJQTEFZTElTVF9DUkVBVEUiLCJVU0VSX0RFTEVURSIsIlNDSF9TSE9XIiwiU0NIX1VQREFURSIsIk1FRElBX0RFTEVURSIsIlNDSF9ERUxFVEUiLCJNRURJQV9BUFBST1ZFIiwiREVWSUNFX1VQREFURSIsIlVTRVJfVVBEQVRFIiwiTUVESUFfVVBEQVRFIiwiVEVNUExBVEVfU0hPVyIsIlRFTVBMQVRFX1VQREFURSIsIlBMQVlMSVNUX0RFTEVURSIsIkRFVklDRV9TSE9XIl0sIlBlcm1pc3Npb25zIjpbIkRFVklDRV9ERUxFVEUiLCJURU1QTEFURV9DUkVBVEUiLCJERVZJQ0VfQ1JFQVRFIiwiVVNFUl9DUkVBVEUiLCJST0xFX0RFTEVURSIsIlJPTEVfU0hPVyIsIk1FRElBX0NSRUFURSIsIlJPTEVfQ1JFQVRFIiwiU0NIX0NSRUFURSIsIlVTRVJfU0hPVyIsIlJPTEVfVVBEQVRFIiwiVEVNUExBVEVfREVMRVRFIiwiUExBWUxJU1RfVVBEQVRFIiwiUExBWUxJU1RfQ1JFQVRFIiwiVVNFUl9ERUxFVEUiLCJTQ0hfU0hPVyIsIlNDSF9VUERBVEUiLCJNRURJQV9ERUxFVEUiLCJTQ0hfREVMRVRFIiwiTUVESUFfQVBQUk9WRSIsIkRFVklDRV9VUERBVEUiLCJVU0VSX1VQREFURSIsIk1FRElBX1VQREFURSIsIlRFTVBMQVRFX1NIT1ciLCJURU1QTEFURV9VUERBVEUiLCJQTEFZTElTVF9ERUxFVEUiLCJERVZJQ0VfU0hPVyJdLCJleHAiOjE2MTcwODUzMjksImlzcyI6ImxvY2FsaG9zdDo5MDAwIiwiYXVkIjoibG9jYWxob3N0OjkwMDAifQ.7NslL-CTJ9pLFi1UO6QEzEVsK3rZ56kF7jl6UinIyBM', '2021-03-29 06:22:09'),
('d872170a-49c0-4808-9079-11019625cc15', 'eyJhbGciOiJIUzI1NiIsInR5cCI6IkpXVCJ9.eyJ1c2VyX2VtYWlsIjoibHV5ZW4ubGVAYWx0YS5jb20udm4iLCJ1c2VyX2lkIjoiMTVkYWJhNGItODAyNi00OGU0LThmYTYtMDdkMjk0MGUwMjQzIiwiaXNfbGV2ZWwiOiIwIiwiZ3JvdXBfaWQiOiIxNzI2MmVjMS00MjRjLTQ2YmItOTBkMS04ZTI5YWFlMmMyMGYiLCJodHRwOi8vc2NoZW1hcy5taWNyb3NvZnQuY29tL3dzLzIwMDgvMDYvaWRlbnRpdHkvY2xhaW1zL3JvbGUiOlsiREVWSUNFX0RFTEVURSIsIlRFTVBMQVRFX0NSRUFURSIsIkRFVklDRV9DUkVBVEUiLCJVU0VSX0NSRUFURSIsIlJPTEVfREVMRVRFIiwiUk9MRV9TSE9XIiwiTUVESUFfQ1JFQVRFIiwiUk9MRV9DUkVBVEUiLCJTQ0hfQ1JFQVRFIiwiVVNFUl9TSE9XIiwiUk9MRV9VUERBVEUiLCJURU1QTEFURV9ERUxFVEUiLCJQTEFZTElTVF9VUERBVEUiLCJQTEFZTElTVF9DUkVBVEUiLCJVU0VSX0RFTEVURSIsIlNDSF9TSE9XIiwiU0NIX1VQREFURSIsIk1FRElBX0RFTEVURSIsIlNDSF9ERUxFVEUiLCJNRURJQV9BUFBST1ZFIiwiREVWSUNFX1VQREFURSIsIlVTRVJfVVBEQVRFIiwiTUVESUFfVVBEQVRFIiwiVEVNUExBVEVfU0hPVyIsIlRFTVBMQVRFX1VQREFURSIsIlBMQVlMSVNUX0RFTEVURSIsIkRFVklDRV9TSE9XIl0sIlBlcm1pc3Npb25zIjpbIkRFVklDRV9ERUxFVEUiLCJURU1QTEFURV9DUkVBVEUiLCJERVZJQ0VfQ1JFQVRFIiwiVVNFUl9DUkVBVEUiLCJST0xFX0RFTEVURSIsIlJPTEVfU0hPVyIsIk1FRElBX0NSRUFURSIsIlJPTEVfQ1JFQVRFIiwiU0NIX0NSRUFURSIsIlVTRVJfU0hPVyIsIlJPTEVfVVBEQVRFIiwiVEVNUExBVEVfREVMRVRFIiwiUExBWUxJU1RfVVBEQVRFIiwiUExBWUxJU1RfQ1JFQVRFIiwiVVNFUl9ERUxFVEUiLCJTQ0hfU0hPVyIsIlNDSF9VUERBVEUiLCJNRURJQV9ERUxFVEUiLCJTQ0hfREVMRVRFIiwiTUVESUFfQVBQUk9WRSIsIkRFVklDRV9VUERBVEUiLCJVU0VSX1VQREFURSIsIk1FRElBX1VQREFURSIsIlRFTVBMQVRFX1NIT1ciLCJURU1QTEFURV9VUERBVEUiLCJQTEFZTElTVF9ERUxFVEUiLCJERVZJQ0VfU0hPVyJdLCJleHAiOjE2MTY4MzI3OTAsImlzcyI6ImxvY2FsaG9zdDo5MDAwIiwiYXVkIjoibG9jYWxob3N0OjkwMDAifQ.E8iHyAhpHm8XADmqzRCKRNinWpnij-djWMEH43CX_lQ', '2021-03-26 08:13:10'),
('d924f090-c803-4bca-b861-a89cf5fe78e0', 'eyJhbGciOiJIUzI1NiIsInR5cCI6IkpXVCJ9.eyJ1c2VyX2VtYWlsIjoiYUBhbHRhLmNvbSIsInVzZXJfaWQiOiJhMmM1MWM2NS1mZDVjLTQ1ZjItYTY0My1lODQxZGU1Zjc3MjkiLCJpc19sZXZlbCI6IjAiLCJncm91cF9pZCI6ImE0MzllNTg2LTRhYWEtNGMwMC04NTdkLWM5ZTBiNzYwNjQ2ZCIsImh0dHA6Ly9zY2hlbWFzLm1pY3Jvc29mdC5jb20vd3MvMjAwOC8wNi9pZGVudGl0eS9jbGFpbXMvcm9sZSI6WyJURU1QTEFURV9TSE9XIiwiVVNFUl9VUERBVEUiLCJURU1QTEFURV9ERUxFVEUiLCJURU1QTEFURV9DUkVBVEUiLCJTQ0hfU0hPVyIsIlVTRVJfU0hPVyIsIlNDSF9ERUxFVEUiLCJQTEFZTElTVF9VUERBVEUiLCJERVZJQ0VfU0hPVyIsIk1FRElBX1VQREFURSIsIkRFVklDRV9VUERBVEUiLCJQTEFZTElTVF9ERUxFVEUiLCJVU0VSX0NSRUFURSIsIkRFVklDRV9DUkVBVEUiLCJNRURJQV9BUFBST1ZFIiwiVVNFUl9ERUxFVEUiLCJTQ0hfVVBEQVRFIiwiU0NIX0NSRUFURSIsIlBMQVlMSVNUX0NSRUFURSIsIlRFTVBMQVRFX1VQREFURSIsIk1FRElBX0NSRUFURSIsIk1FRElBX0RFTEVURSIsIkRFVklDRV9ERUxFVEUiXSwiUGVybWlzc2lvbnMiOlsiVEVNUExBVEVfU0hPVyIsIlVTRVJfVVBEQVRFIiwiVEVNUExBVEVfREVMRVRFIiwiVEVNUExBVEVfQ1JFQVRFIiwiU0NIX1NIT1ciLCJVU0VSX1NIT1ciLCJTQ0hfREVMRVRFIiwiUExBWUxJU1RfVVBEQVRFIiwiREVWSUNFX1NIT1ciLCJNRURJQV9VUERBVEUiLCJERVZJQ0VfVVBEQVRFIiwiUExBWUxJU1RfREVMRVRFIiwiVVNFUl9DUkVBVEUiLCJERVZJQ0VfQ1JFQVRFIiwiTUVESUFfQVBQUk9WRSIsIlVTRVJfREVMRVRFIiwiU0NIX1VQREFURSIsIlNDSF9DUkVBVEUiLCJQTEFZTElTVF9DUkVBVEUiLCJURU1QTEFURV9VUERBVEUiLCJNRURJQV9DUkVBVEUiLCJNRURJQV9ERUxFVEUiLCJERVZJQ0VfREVMRVRFIl0sImV4cCI6MTYxNjgzMzc5NCwiaXNzIjoibG9jYWxob3N0OjkwMDAiLCJhdWQiOiJsb2NhbGhvc3Q6OTAwMCJ9.XW5rIXcWTcBW4IvqFKdG1khjNGDGny1tizcCApDx8Ok', '2021-03-26 08:29:54'),
('de34ef8c-5c7f-46b8-9a07-3c90decb9237', 'eyJhbGciOiJIUzI1NiIsInR5cCI6IkpXVCJ9.eyJ1c2VyX2VtYWlsIjoiYUBhbHRhLmNvbSIsInVzZXJfaWQiOiJhMmM1MWM2NS1mZDVjLTQ1ZjItYTY0My1lODQxZGU1Zjc3MjkiLCJpc19sZXZlbCI6IjAiLCJncm91cF9pZCI6ImE0MzllNTg2LTRhYWEtNGMwMC04NTdkLWM5ZTBiNzYwNjQ2ZCIsImh0dHA6Ly9zY2hlbWFzLm1pY3Jvc29mdC5jb20vd3MvMjAwOC8wNi9pZGVudGl0eS9jbGFpbXMvcm9sZSI6WyJURU1QTEFURV9TSE9XIiwiVVNFUl9VUERBVEUiLCJURU1QTEFURV9ERUxFVEUiLCJURU1QTEFURV9DUkVBVEUiLCJTQ0hfU0hPVyIsIlVTRVJfU0hPVyIsIlNDSF9ERUxFVEUiLCJQTEFZTElTVF9VUERBVEUiLCJERVZJQ0VfU0hPVyIsIk1FRElBX1VQREFURSIsIkRFVklDRV9VUERBVEUiLCJQTEFZTElTVF9ERUxFVEUiLCJVU0VSX0NSRUFURSIsIkRFVklDRV9DUkVBVEUiLCJNRURJQV9BUFBST1ZFIiwiVVNFUl9ERUxFVEUiLCJTQ0hfVVBEQVRFIiwiU0NIX0NSRUFURSIsIlBMQVlMSVNUX0NSRUFURSIsIlRFTVBMQVRFX1VQREFURSIsIk1FRElBX0NSRUFURSIsIk1FRElBX0RFTEVURSIsIkRFVklDRV9ERUxFVEUiXSwiUGVybWlzc2lvbnMiOlsiVEVNUExBVEVfU0hPVyIsIlVTRVJfVVBEQVRFIiwiVEVNUExBVEVfREVMRVRFIiwiVEVNUExBVEVfQ1JFQVRFIiwiU0NIX1NIT1ciLCJVU0VSX1NIT1ciLCJTQ0hfREVMRVRFIiwiUExBWUxJU1RfVVBEQVRFIiwiREVWSUNFX1NIT1ciLCJNRURJQV9VUERBVEUiLCJERVZJQ0VfVVBEQVRFIiwiUExBWUxJU1RfREVMRVRFIiwiVVNFUl9DUkVBVEUiLCJERVZJQ0VfQ1JFQVRFIiwiTUVESUFfQVBQUk9WRSIsIlVTRVJfREVMRVRFIiwiU0NIX1VQREFURSIsIlNDSF9DUkVBVEUiLCJQTEFZTElTVF9DUkVBVEUiLCJURU1QTEFURV9VUERBVEUiLCJNRURJQV9DUkVBVEUiLCJNRURJQV9ERUxFVEUiLCJERVZJQ0VfREVMRVRFIl0sImV4cCI6MTYxNjg0MTAzMywiaXNzIjoibG9jYWxob3N0OjkwMDAiLCJhdWQiOiJsb2NhbGhvc3Q6OTAwMCJ9.3rB4Uq4fFY4dV9xXthiPTkhATsHq_VvJZ_VwLkeDcr4', '2021-03-26 10:30:33'),
('e47edf4b-f8af-4b15-a40c-96f64dff7cd3', 'eyJhbGciOiJIUzI1NiIsInR5cCI6IkpXVCJ9.eyJ1c2VyX2VtYWlsIjoibm9yZXBseUBhbHRhLmNvbS52biIsInVzZXJfaWQiOiIwMDg2MzJmZS1jMjc5LTQ4YzEtYjg5ZS04ODJmZGNiOTllOGYiLCJpc19sZXZlbCI6IjEiLCJncm91cF9pZCI6IiIsImh0dHA6Ly9zY2hlbWFzLm1pY3Jvc29mdC5jb20vd3MvMjAwOC8wNi9pZGVudGl0eS9jbGFpbXMvcm9sZSI6WyJTUF9HUk9VUF9ERUxFVEUiLCJTUF9ERVZJQ0VfU0hPVyIsIlNQX0dST1VQX0NSRUFURSIsIlNQX1JPTEVfU0hPVyIsIlNQX0RFVklDRV9DUkVBVEUiLCJTUF9VU0VSX0NSRUFURSIsIlNQX0RFVklDRV9VUERBVEUiLCJTUF9VU0VSX1VQREFURSIsIlNQX1JPTEVfQ1JFQVRFIiwiU1BfUk9MRV9ERUxFVEUiLCJTUF9HUk9VUF9VUERBVEUiLCJTUF9ST0xFX1VQREFURSIsIlNQX0dST1VQX1NIT1ciLCJTUF9VU0VSX0RFTEVURSIsIlNQX0RFVklDRV9ERUxFVEUiLCJTUF9VU0VSX1NIT1ciXSwiUGVybWlzc2lvbnMiOlsiU1BfR1JPVVBfREVMRVRFIiwiU1BfREVWSUNFX1NIT1ciLCJTUF9HUk9VUF9DUkVBVEUiLCJTUF9ST0xFX1NIT1ciLCJTUF9ERVZJQ0VfQ1JFQVRFIiwiU1BfVVNFUl9DUkVBVEUiLCJTUF9ERVZJQ0VfVVBEQVRFIiwiU1BfVVNFUl9VUERBVEUiLCJTUF9ST0xFX0NSRUFURSIsIlNQX1JPTEVfREVMRVRFIiwiU1BfR1JPVVBfVVBEQVRFIiwiU1BfUk9MRV9VUERBVEUiLCJTUF9HUk9VUF9TSE9XIiwiU1BfVVNFUl9ERUxFVEUiLCJTUF9ERVZJQ0VfREVMRVRFIiwiU1BfVVNFUl9TSE9XIl0sImV4cCI6MTYxNjgzMDA4MiwiaXNzIjoibG9jYWxob3N0OjkwMDAiLCJhdWQiOiJsb2NhbGhvc3Q6OTAwMCJ9.iOswcbqC7ZlpYNGXvu4wL_nqKU0wHMxYk6lFdLtCcY8', '2021-03-26 07:28:02'),
('eb586313-95b3-4392-ba9c-dff948b92671', 'eyJhbGciOiJIUzI1NiIsInR5cCI6IkpXVCJ9.eyJ1c2VyX2VtYWlsIjoiaHV5MUBnbWFpbC5jb20iLCJ1c2VyX2lkIjoiNjRhOTkzZGItOGRiYy00OTk1LTkyNTktYWFjYjZhMTM4YjI4IiwiaXNfbGV2ZWwiOiIwIiwiZ3JvdXBfaWQiOiJlY2RlZGJjMS01YjkyLTRiNDEtOTkzMS0wZjJmZWQ5ZTk0Y2EiLCJodHRwOi8vc2NoZW1hcy5taWNyb3NvZnQuY29tL3dzLzIwMDgvMDYvaWRlbnRpdHkvY2xhaW1zL3JvbGUiOlsiUk9MRV9ERUxFVEUiLCJVU0VSX1VQREFURSIsIlNDSF9TSE9XIiwiU0NIX0RFTEVURSIsIlBMQVlMSVNUX1VQREFURSIsIlJPTEVfQ1JFQVRFIiwiUExBWUxJU1RfQ1JFQVRFIiwiREVWSUNFX1VQREFURSIsIlRFTVBMQVRFX1VQREFURSIsIkRFVklDRV9ERUxFVEUiLCJQTEFZTElTVF9ERUxFVEUiLCJURU1QTEFURV9DUkVBVEUiLCJURU1QTEFURV9ERUxFVEUiLCJST0xFX1NIT1ciLCJURU1QTEFURV9TSE9XIiwiREVWSUNFX0NSRUFURSIsIlVTRVJfREVMRVRFIiwiVVNFUl9DUkVBVEUiLCJERVZJQ0VfU0hPVyIsIk1FRElBX1VQREFURSIsIk1FRElBX0RFTEVURSIsIlNDSF9DUkVBVEUiLCJTQ0hfVVBEQVRFIiwiTUVESUFfQVBQUk9WRSIsIlJPTEVfVVBEQVRFIiwiVVNFUl9TSE9XIiwiTUVESUFfQ1JFQVRFIl0sIlBlcm1pc3Npb25zIjpbIlJPTEVfREVMRVRFIiwiVVNFUl9VUERBVEUiLCJTQ0hfU0hPVyIsIlNDSF9ERUxFVEUiLCJQTEFZTElTVF9VUERBVEUiLCJST0xFX0NSRUFURSIsIlBMQVlMSVNUX0NSRUFURSIsIkRFVklDRV9VUERBVEUiLCJURU1QTEFURV9VUERBVEUiLCJERVZJQ0VfREVMRVRFIiwiUExBWUxJU1RfREVMRVRFIiwiVEVNUExBVEVfQ1JFQVRFIiwiVEVNUExBVEVfREVMRVRFIiwiUk9MRV9TSE9XIiwiVEVNUExBVEVfU0hPVyIsIkRFVklDRV9DUkVBVEUiLCJVU0VSX0RFTEVURSIsIlVTRVJfQ1JFQVRFIiwiREVWSUNFX1NIT1ciLCJNRURJQV9VUERBVEUiLCJNRURJQV9ERUxFVEUiLCJTQ0hfQ1JFQVRFIiwiU0NIX1VQREFURSIsIk1FRElBX0FQUFJPVkUiLCJST0xFX1VQREFURSIsIlVTRVJfU0hPVyIsIk1FRElBX0NSRUFURSJdLCJleHAiOjE2MTcxODc2MTYsImlzcyI6ImxvY2FsaG9zdDo5MDAwIiwiYXVkIjoibG9jYWxob3N0OjkwMDAifQ.4fydf-MT40CXtasnR4T1tC3R0Y3Rcur7f9w9FAdrLlM', '2021-03-30 10:46:56'),
('f180a3e5-1c2e-4923-bbd7-4fc1167d5614', 'eyJhbGciOiJIUzI1NiIsInR5cCI6IkpXVCJ9.eyJ1c2VyX2VtYWlsIjoidG9pLmh1eW5oQGFsdGEuY29tLnZuIiwidXNlcl9pZCI6IjIyM2NmZTRlLWJlNGUtNDYwNy1iZDQyLTQ4NDRmMzI1Nzg2MSIsImlzX2xldmVsIjoiMCIsImdyb3VwX2lkIjoiMTcyNjJlYzEtNDI0Yy00NmJiLTkwZDEtOGUyOWFhZTJjMjBmIiwiaHR0cDovL3NjaGVtYXMubWljcm9zb2Z0LmNvbS93cy8yMDA4LzA2L2lkZW50aXR5L2NsYWltcy9yb2xlIjpbIk1FRElBX0NSRUFURSIsIlJPTEVfQ1JFQVRFIiwiUExBWUxJU1RfQ1JFQVRFIiwiU0NIX0NSRUFURSIsIlVTRVJfVVBEQVRFIiwiUk9MRV9VUERBVEUiLCJQTEFZTElTVF9VUERBVEUiLCJTQ0hfREVMRVRFIiwiUExBWUxJU1RfREVMRVRFIiwiVEVNUExBVEVfQ1JFQVRFIiwiU0NIX1VQREFURSIsIkRFVklDRV9VUERBVEUiLCJST0xFX1NIT1ciLCJVU0VSX0RFTEVURSIsIlJPTEVfREVMRVRFIiwiTUVESUFfVVBEQVRFIiwiREVWSUNFX0RFTEVURSIsIlRFTVBMQVRFX1NIT1ciLCJNRURJQV9BUFBST1ZFIiwiVVNFUl9TSE9XIiwiREVWSUNFX1NIT1ciLCJURU1QTEFURV9VUERBVEUiLCJNRURJQV9ERUxFVEUiLCJERVZJQ0VfQ1JFQVRFIiwiVEVNUExBVEVfREVMRVRFIiwiU0NIX1NIT1ciLCJVU0VSX0NSRUFURSJdLCJQZXJtaXNzaW9ucyI6WyJNRURJQV9DUkVBVEUiLCJST0xFX0NSRUFURSIsIlBMQVlMSVNUX0NSRUFURSIsIlNDSF9DUkVBVEUiLCJVU0VSX1VQREFURSIsIlJPTEVfVVBEQVRFIiwiUExBWUxJU1RfVVBEQVRFIiwiU0NIX0RFTEVURSIsIlBMQVlMSVNUX0RFTEVURSIsIlRFTVBMQVRFX0NSRUFURSIsIlNDSF9VUERBVEUiLCJERVZJQ0VfVVBEQVRFIiwiUk9MRV9TSE9XIiwiVVNFUl9ERUxFVEUiLCJST0xFX0RFTEVURSIsIk1FRElBX1VQREFURSIsIkRFVklDRV9ERUxFVEUiLCJURU1QTEFURV9TSE9XIiwiTUVESUFfQVBQUk9WRSIsIlVTRVJfU0hPVyIsIkRFVklDRV9TSE9XIiwiVEVNUExBVEVfVVBEQVRFIiwiTUVESUFfREVMRVRFIiwiREVWSUNFX0NSRUFURSIsIlRFTVBMQVRFX0RFTEVURSIsIlNDSF9TSE9XIiwiVVNFUl9DUkVBVEUiXSwiZXhwIjoxNjE2ODM2MTQxLCJpc3MiOiJsb2NhbGhvc3Q6OTAwMCIsImF1ZCI6ImxvY2FsaG9zdDo5MDAwIn0.s6p04a8Upa2NpaWA0gI_wQ9WKHk3phYbS-nGLmLZom4', '2021-03-26 09:09:01'),
('f47064cf-eee8-44b4-a2cc-f5615a1b5ca8', 'eyJhbGciOiJIUzI1NiIsInR5cCI6IkpXVCJ9.eyJ1c2VyX2VtYWlsIjoidG9pLmh1eW5oQGFsdGEuY29tLnZuIiwidXNlcl9pZCI6IjIyM2NmZTRlLWJlNGUtNDYwNy1iZDQyLTQ4NDRmMzI1Nzg2MSIsImlzX2xldmVsIjoiMCIsImdyb3VwX2lkIjoiMTcyNjJlYzEtNDI0Yy00NmJiLTkwZDEtOGUyOWFhZTJjMjBmIiwiaHR0cDovL3NjaGVtYXMubWljcm9zb2Z0LmNvbS93cy8yMDA4LzA2L2lkZW50aXR5L2NsYWltcy9yb2xlIjpbIk1FRElBX0NSRUFURSIsIlJPTEVfQ1JFQVRFIiwiUExBWUxJU1RfQ1JFQVRFIiwiU0NIX0NSRUFURSIsIlVTRVJfVVBEQVRFIiwiUk9MRV9VUERBVEUiLCJQTEFZTElTVF9VUERBVEUiLCJTQ0hfREVMRVRFIiwiUExBWUxJU1RfREVMRVRFIiwiVEVNUExBVEVfQ1JFQVRFIiwiU0NIX1VQREFURSIsIkRFVklDRV9VUERBVEUiLCJST0xFX1NIT1ciLCJVU0VSX0RFTEVURSIsIlJPTEVfREVMRVRFIiwiTUVESUFfVVBEQVRFIiwiREVWSUNFX0RFTEVURSIsIlRFTVBMQVRFX1NIT1ciLCJNRURJQV9BUFBST1ZFIiwiVVNFUl9TSE9XIiwiREVWSUNFX1NIT1ciLCJURU1QTEFURV9VUERBVEUiLCJNRURJQV9ERUxFVEUiLCJERVZJQ0VfQ1JFQVRFIiwiVEVNUExBVEVfREVMRVRFIiwiU0NIX1NIT1ciLCJVU0VSX0NSRUFURSJdLCJQZXJtaXNzaW9ucyI6WyJNRURJQV9DUkVBVEUiLCJST0xFX0NSRUFURSIsIlBMQVlMSVNUX0NSRUFURSIsIlNDSF9DUkVBVEUiLCJVU0VSX1VQREFURSIsIlJPTEVfVVBEQVRFIiwiUExBWUxJU1RfVVBEQVRFIiwiU0NIX0RFTEVURSIsIlBMQVlMSVNUX0RFTEVURSIsIlRFTVBMQVRFX0NSRUFURSIsIlNDSF9VUERBVEUiLCJERVZJQ0VfVVBEQVRFIiwiUk9MRV9TSE9XIiwiVVNFUl9ERUxFVEUiLCJST0xFX0RFTEVURSIsIk1FRElBX1VQREFURSIsIkRFVklDRV9ERUxFVEUiLCJURU1QTEFURV9TSE9XIiwiTUVESUFfQVBQUk9WRSIsIlVTRVJfU0hPVyIsIkRFVklDRV9TSE9XIiwiVEVNUExBVEVfVVBEQVRFIiwiTUVESUFfREVMRVRFIiwiREVWSUNFX0NSRUFURSIsIlRFTVBMQVRFX0RFTEVURSIsIlNDSF9TSE9XIiwiVVNFUl9DUkVBVEUiXSwiZXhwIjoxNjE2ODQwNzIxLCJpc3MiOiJsb2NhbGhvc3Q6OTAwMCIsImF1ZCI6ImxvY2FsaG9zdDo5MDAwIn0.0rabjpq-vyhRfMy_zNU4LuyWC4vJ7xSZPhw-gDGm_zs', '2021-03-26 10:25:21'),
('fa87c308-36c8-4783-82be-97083e42953c', 'eyJhbGciOiJIUzI1NiIsInR5cCI6IkpXVCJ9.eyJ1c2VyX2VtYWlsIjoidGhpZW4udnVAYWx0YS5jb20udm4iLCJ1c2VyX2lkIjoiYmIwOTIyMDQtNDQ1ZS00N2FmLTliZmYtODEyNTM3MDIwMTM2IiwiaXNfbGV2ZWwiOiIwIiwiZ3JvdXBfaWQiOiI3MDcyNzg4ZC05YTBlLTQwMTUtYjRiMi01NjFiNDQxZDkxNTAiLCJodHRwOi8vc2NoZW1hcy5taWNyb3NvZnQuY29tL3dzLzIwMDgvMDYvaWRlbnRpdHkvY2xhaW1zL3JvbGUiOlsiU0NIX0NSRUFURSIsIlVTRVJfVVBEQVRFIiwiREVWSUNFX1NIT1ciLCJNRURJQV9BUFBST1ZFIiwiTUVESUFfVVBEQVRFIiwiUk9MRV9DUkVBVEUiLCJST0xFX1NIT1ciLCJVU0VSX0NSRUFURSIsIlBMQVlMSVNUX0RFTEVURSIsIlRFTVBMQVRFX0NSRUFURSIsIlJPTEVfREVMRVRFIiwiVVNFUl9ERUxFVEUiLCJNRURJQV9DUkVBVEUiLCJTQ0hfREVMRVRFIiwiREVWSUNFX0RFTEVURSIsIk1FRElBX0RFTEVURSIsIlRFTVBMQVRFX0RFTEVURSIsIlRFTVBMQVRFX1VQREFURSIsIlJPTEVfVVBEQVRFIiwiUExBWUxJU1RfQ1JFQVRFIiwiU0NIX1NIT1ciLCJERVZJQ0VfQ1JFQVRFIiwiU0NIX1VQREFURSIsIlBMQVlMSVNUX1VQREFURSIsIkRFVklDRV9VUERBVEUiLCJURU1QTEFURV9TSE9XIiwiVVNFUl9TSE9XIl0sIlBlcm1pc3Npb25zIjpbIlNDSF9DUkVBVEUiLCJVU0VSX1VQREFURSIsIkRFVklDRV9TSE9XIiwiTUVESUFfQVBQUk9WRSIsIk1FRElBX1VQREFURSIsIlJPTEVfQ1JFQVRFIiwiUk9MRV9TSE9XIiwiVVNFUl9DUkVBVEUiLCJQTEFZTElTVF9ERUxFVEUiLCJURU1QTEFURV9DUkVBVEUiLCJST0xFX0RFTEVURSIsIlVTRVJfREVMRVRFIiwiTUVESUFfQ1JFQVRFIiwiU0NIX0RFTEVURSIsIkRFVklDRV9ERUxFVEUiLCJNRURJQV9ERUxFVEUiLCJURU1QTEFURV9ERUxFVEUiLCJURU1QTEFURV9VUERBVEUiLCJST0xFX1VQREFURSIsIlBMQVlMSVNUX0NSRUFURSIsIlNDSF9TSE9XIiwiREVWSUNFX0NSRUFURSIsIlNDSF9VUERBVEUiLCJQTEFZTElTVF9VUERBVEUiLCJERVZJQ0VfVVBEQVRFIiwiVEVNUExBVEVfU0hPVyIsIlVTRVJfU0hPVyJdLCJleHAiOjE2MTcxNTczMjcsImlzcyI6ImxvY2FsaG9zdDo5MDAwIiwiYXVkIjoibG9jYWxob3N0OjkwMDAifQ.qV8OVaT6BMeCLnLzpVWGKt08bqmSoMCvID9mxovjfVw', '2021-03-30 02:22:07'),
('fd2a2fb3-d66c-4d35-9b41-ae266b3e68b2', 'eyJhbGciOiJIUzI1NiIsInR5cCI6IkpXVCJ9.eyJ1c2VyX2VtYWlsIjoiYUBhbHRhLmNvbSIsInVzZXJfaWQiOiJhMmM1MWM2NS1mZDVjLTQ1ZjItYTY0My1lODQxZGU1Zjc3MjkiLCJpc19sZXZlbCI6IjAiLCJncm91cF9pZCI6ImE0MzllNTg2LTRhYWEtNGMwMC04NTdkLWM5ZTBiNzYwNjQ2ZCIsImh0dHA6Ly9zY2hlbWFzLm1pY3Jvc29mdC5jb20vd3MvMjAwOC8wNi9pZGVudGl0eS9jbGFpbXMvcm9sZSI6WyJURU1QTEFURV9TSE9XIiwiVVNFUl9VUERBVEUiLCJURU1QTEFURV9ERUxFVEUiLCJURU1QTEFURV9DUkVBVEUiLCJTQ0hfU0hPVyIsIlVTRVJfU0hPVyIsIlNDSF9ERUxFVEUiLCJQTEFZTElTVF9VUERBVEUiLCJERVZJQ0VfU0hPVyIsIk1FRElBX1VQREFURSIsIkRFVklDRV9VUERBVEUiLCJQTEFZTElTVF9ERUxFVEUiLCJVU0VSX0NSRUFURSIsIkRFVklDRV9DUkVBVEUiLCJNRURJQV9BUFBST1ZFIiwiVVNFUl9ERUxFVEUiLCJTQ0hfVVBEQVRFIiwiU0NIX0NSRUFURSIsIlBMQVlMSVNUX0NSRUFURSIsIlRFTVBMQVRFX1VQREFURSIsIk1FRElBX0NSRUFURSIsIk1FRElBX0RFTEVURSIsIkRFVklDRV9ERUxFVEUiXSwiUGVybWlzc2lvbnMiOlsiVEVNUExBVEVfU0hPVyIsIlVTRVJfVVBEQVRFIiwiVEVNUExBVEVfREVMRVRFIiwiVEVNUExBVEVfQ1JFQVRFIiwiU0NIX1NIT1ciLCJVU0VSX1NIT1ciLCJTQ0hfREVMRVRFIiwiUExBWUxJU1RfVVBEQVRFIiwiREVWSUNFX1NIT1ciLCJNRURJQV9VUERBVEUiLCJERVZJQ0VfVVBEQVRFIiwiUExBWUxJU1RfREVMRVRFIiwiVVNFUl9DUkVBVEUiLCJERVZJQ0VfQ1JFQVRFIiwiTUVESUFfQVBQUk9WRSIsIlVTRVJfREVMRVRFIiwiU0NIX1VQREFURSIsIlNDSF9DUkVBVEUiLCJQTEFZTElTVF9DUkVBVEUiLCJURU1QTEFURV9VUERBVEUiLCJNRURJQV9DUkVBVEUiLCJNRURJQV9ERUxFVEUiLCJERVZJQ0VfREVMRVRFIl0sImV4cCI6MTYxNzA5MTY1NywiaXNzIjoibG9jYWxob3N0OjkwMDAiLCJhdWQiOiJsb2NhbGhvc3Q6OTAwMCJ9.p-UNLR2OBojzpPXkxVDWLprpqm3ZhfhwHaThvfRv_pk', '2021-03-29 08:07:37'),
('fd7a626f-8e68-4bdc-8c05-2dc48ed1a184', 'eyJhbGciOiJIUzI1NiIsInR5cCI6IkpXVCJ9.eyJ1c2VyX2VtYWlsIjoibm9yZXBseUBhbHRhLmNvbS52biIsInVzZXJfaWQiOiIwMDg2MzJmZS1jMjc5LTQ4YzEtYjg5ZS04ODJmZGNiOTllOGYiLCJpc19sZXZlbCI6IjEiLCJncm91cF9pZCI6IiIsImh0dHA6Ly9zY2hlbWFzLm1pY3Jvc29mdC5jb20vd3MvMjAwOC8wNi9pZGVudGl0eS9jbGFpbXMvcm9sZSI6WyJTUF9HUk9VUF9ERUxFVEUiLCJTUF9ERVZJQ0VfU0hPVyIsIlNQX0dST1VQX0NSRUFURSIsIlNQX1JPTEVfU0hPVyIsIlNQX0RFVklDRV9DUkVBVEUiLCJTUF9VU0VSX0NSRUFURSIsIlNQX0RFVklDRV9VUERBVEUiLCJTUF9VU0VSX1VQREFURSIsIlNQX1JPTEVfQ1JFQVRFIiwiU1BfUk9MRV9ERUxFVEUiLCJTUF9HUk9VUF9VUERBVEUiLCJTUF9ST0xFX1VQREFURSIsIlNQX0dST1VQX1NIT1ciLCJTUF9VU0VSX0RFTEVURSIsIlNQX0RFVklDRV9ERUxFVEUiLCJTUF9VU0VSX1NIT1ciXSwiUGVybWlzc2lvbnMiOlsiU1BfR1JPVVBfREVMRVRFIiwiU1BfREVWSUNFX1NIT1ciLCJTUF9HUk9VUF9DUkVBVEUiLCJTUF9ST0xFX1NIT1ciLCJTUF9ERVZJQ0VfQ1JFQVRFIiwiU1BfVVNFUl9DUkVBVEUiLCJTUF9ERVZJQ0VfVVBEQVRFIiwiU1BfVVNFUl9VUERBVEUiLCJTUF9ST0xFX0NSRUFURSIsIlNQX1JPTEVfREVMRVRFIiwiU1BfR1JPVVBfVVBEQVRFIiwiU1BfUk9MRV9VUERBVEUiLCJTUF9HUk9VUF9TSE9XIiwiU1BfVVNFUl9ERUxFVEUiLCJTUF9ERVZJQ0VfREVMRVRFIiwiU1BfVVNFUl9TSE9XIl0sImV4cCI6MTYxNzE3OTE2MCwiaXNzIjoibG9jYWxob3N0OjkwMDAiLCJhdWQiOiJsb2NhbGhvc3Q6OTAwMCJ9.vLz70sFjYv_Za3U07KvTaJ20KKLAYOW8bavfw0KTB4A', '2021-03-30 08:26:00');

-- --------------------------------------------------------

--
-- Cấu trúc bảng cho bảng `mtc_data_schedule_tmp`
--

CREATE TABLE `mtc_data_schedule_tmp` (
  `data_schedule_tmp_id` varchar(255) COLLATE utf8_unicode_ci NOT NULL,
  `data_schedule_tmp_key` varchar(255) COLLATE utf8_unicode_ci NOT NULL,
  `data_schedule_tmp_data` longtext COLLATE utf8_unicode_ci NOT NULL,
  `data_schedule_tmp_created_at` datetime NOT NULL DEFAULT current_timestamp()
) ENGINE=InnoDB DEFAULT CHARSET=utf8 COLLATE=utf8_unicode_ci;

--
-- Đang đổ dữ liệu cho bảng `mtc_data_schedule_tmp`
--

INSERT INTO `mtc_data_schedule_tmp` (`data_schedule_tmp_id`, `data_schedule_tmp_key`, `data_schedule_tmp_data`, `data_schedule_tmp_created_at`) VALUES
('288aa6a0-f65a-45be-826d-584e3b45db73', '3a960cad-d8bd-417e-ad19-18d59fced0d2', '[{\"Date\":\"2021-03-31T00:00:00Z\",\"TimeBegin\":\"00:00:00\",\"TimeEnd\":\"23:00:00\",\"ScheduleSequential\":1,\"PlayListName\":\"Playlist 2\",\"PlayListId\":\"66a5de92-2188-4916-a5bd-13eb6b3e4ce7\",\"PlaylistLoop\":1,\"ScheduleIds\":[\"4d0050c6-800d-4f6f-b559-2184a028c352\",\"Schedule 2\"],\"Templates\":[{\"TemplateId\":\"2b69378c-f199-44ff-b265-9b97956a8abe\",\"TemplateName\":\"Template 2\",\"TempRatioX\":9.0,\"TempRatioY\":16.0,\"TimeBegin\":\"00:00:00\",\"TimeEnd\":\"00:00:15\",\"TemplateDuration\":\"00:00:15\",\"Medias\":[{\"MediaId\":\"8cd36e29-181b-4be7-93c6-3f1f1bfdc236\",\"MediaUrl\":\"uploads/medias/68578283_file_example_MP4_1920_18MG.mp4\",\"MediaMd5\":\"d7a3decdb6280eb0ef3a059ac35ea0ee\",\"MediaTypeCode\":\"video/mp4\",\"TempRatioX\":0.0,\"TempRatioY\":33.75,\"TempPointWidth\":100.0,\"TempPointHeight\":32.25,\"TempPointTop\":33.75,\"TempPointLeft\":0.0,\"TempDetailZindex\":0.0,\"PlaylistLoop\":1,\"ScheduleId\":\"4d0050c6-800d-4f6f-b559-2184a028c352\"},{\"MediaId\":\"a4b2df04-b45c-453f-aed2-625979b3e764\",\"MediaUrl\":\"uploads/medias/519727321_anhgaixinh2000dethuong.jpg\",\"MediaMd5\":\"93d699758916cda043bace76435b72f9\",\"MediaTypeCode\":\"image/jpeg\",\"TempRatioX\":0.0,\"TempRatioY\":0.0,\"TempPointWidth\":100.0,\"TempPointHeight\":34.25,\"TempPointTop\":0.0,\"TempPointLeft\":0.0,\"TempDetailZindex\":1.0,\"PlaylistLoop\":1,\"ScheduleId\":\"4d0050c6-800d-4f6f-b559-2184a028c352\"},{\"MediaId\":\"444b10a9-0eda-44e8-80f5-b7ffd3253711\",\"MediaUrl\":\"uploads/medias/809111985_girlxinh600x600.jpg\",\"MediaMd5\":\"74296420bc02e82571a0f8ca009eacca\",\"MediaTypeCode\":\"image/jpeg\",\"TempRatioX\":0.0,\"TempRatioY\":65.0,\"TempPointWidth\":100.0,\"TempPointHeight\":34.25,\"TempPointTop\":65.0,\"TempPointLeft\":0.0,\"TempDetailZindex\":1.0,\"PlaylistLoop\":1,\"ScheduleId\":\"4d0050c6-800d-4f6f-b559-2184a028c352\"}]},{\"TemplateId\":\"3ffbd574-a173-47ba-ad80-73dcf4c22af1\",\"TemplateName\":\"Template 3\",\"TempRatioX\":9.0,\"TempRatioY\":16.0,\"TimeBegin\":\"00:00:15\",\"TimeEnd\":\"00:00:35\",\"TemplateDuration\":\"00:00:20\",\"Medias\":[{\"MediaId\":\"a4b2df04-b45c-453f-aed2-625979b3e764\",\"MediaUrl\":\"uploads/medias/519727321_anhgaixinh2000dethuong.jpg\",\"MediaMd5\":\"93d699758916cda043bace76435b72f9\",\"MediaTypeCode\":\"image/jpeg\",\"TempRatioX\":0.0,\"TempRatioY\":0.0,\"TempPointWidth\":54.0,\"TempPointHeight\":34.0,\"TempPointTop\":0.0,\"TempPointLeft\":0.0,\"TempDetailZindex\":0.0,\"PlaylistLoop\":1,\"ScheduleId\":\"4d0050c6-800d-4f6f-b559-2184a028c352\"},{\"MediaId\":\"444b10a9-0eda-44e8-80f5-b7ffd3253711\",\"MediaUrl\":\"uploads/medias/809111985_girlxinh600x600.jpg\",\"MediaMd5\":\"74296420bc02e82571a0f8ca009eacca\",\"MediaTypeCode\":\"image/jpeg\",\"TempRatioX\":44.44,\"TempRatioY\":70.0,\"TempPointWidth\":53.11,\"TempPointHeight\":29.5,\"TempPointTop\":70.0,\"TempPointLeft\":44.439998626708984,\"TempDetailZindex\":0.0,\"PlaylistLoop\":1,\"ScheduleId\":\"4d0050c6-800d-4f6f-b559-2184a028c352\"}]},{\"TemplateId\":\"55c4ab38-1167-46ec-bde3-1b8e12a50838\",\"TemplateName\":\"Template 1\",\"TempRatioX\":16.0,\"TempRatioY\":9.0,\"TimeBegin\":\"00:00:35\",\"TimeEnd\":\"00:01:05\",\"TemplateDuration\":\"00:00:30\",\"Medias\":[{\"MediaId\":\"a4b2df04-b45c-453f-aed2-625979b3e764\",\"MediaUrl\":\"uploads/medias/519727321_anhgaixinh2000dethuong.jpg\",\"MediaMd5\":\"93d699758916cda043bace76435b72f9\",\"MediaTypeCode\":\"image/jpeg\",\"TempRatioX\":49.93,\"TempRatioY\":0.0,\"TempPointWidth\":50.0,\"TempPointHeight\":99.26,\"TempPointTop\":0.0,\"TempPointLeft\":49.93000030517578,\"TempDetailZindex\":0.0,\"PlaylistLoop\":1,\"ScheduleId\":\"4d0050c6-800d-4f6f-b559-2184a028c352\"},{\"MediaId\":\"444b10a9-0eda-44e8-80f5-b7ffd3253711\",\"MediaUrl\":\"uploads/medias/809111985_girlxinh600x600.jpg\",\"MediaMd5\":\"74296420bc02e82571a0f8ca009eacca\",\"MediaTypeCode\":\"image/jpeg\",\"TempRatioX\":0.0,\"TempRatioY\":0.0,\"TempPointWidth\":50.0,\"TempPointHeight\":100.01,\"TempPointTop\":0.0,\"TempPointLeft\":0.0,\"TempDetailZindex\":0.0,\"PlaylistLoop\":1,\"ScheduleId\":\"4d0050c6-800d-4f6f-b559-2184a028c352\"}]},{\"TemplateId\":\"55c4ab38-1167-46ec-bde3-1b8e12a50838\",\"TemplateName\":\"Template 1\",\"TempRatioX\":16.0,\"TempRatioY\":9.0,\"TimeBegin\":\"00:01:05\",\"TimeEnd\":\"00:01:20\",\"TemplateDuration\":\"00:00:15\",\"Medias\":[{\"MediaId\":\"a4b2df04-b45c-453f-aed2-625979b3e764\",\"MediaUrl\":\"uploads/medias/519727321_anhgaixinh2000dethuong.jpg\",\"MediaMd5\":\"93d699758916cda043bace76435b72f9\",\"MediaTypeCode\":\"image/jpeg\",\"TempRatioX\":49.93,\"TempRatioY\":0.0,\"TempPointWidth\":50.0,\"TempPointHeight\":99.26,\"TempPointTop\":0.0,\"TempPointLeft\":49.93000030517578,\"TempDetailZindex\":0.0,\"PlaylistLoop\":1,\"ScheduleId\":\"4d0050c6-800d-4f6f-b559-2184a028c352\"},{\"MediaId\":\"444b10a9-0eda-44e8-80f5-b7ffd3253711\",\"MediaUrl\":\"uploads/medias/809111985_girlxinh600x600.jpg\",\"MediaMd5\":\"74296420bc02e82571a0f8ca009eacca\",\"MediaTypeCode\":\"image/jpeg\",\"TempRatioX\":0.0,\"TempRatioY\":0.0,\"TempPointWidth\":50.0,\"TempPointHeight\":100.01,\"TempPointTop\":0.0,\"TempPointLeft\":0.0,\"TempDetailZindex\":0.0,\"PlaylistLoop\":1,\"ScheduleId\":\"4d0050c6-800d-4f6f-b559-2184a028c352\"}]},{\"TemplateId\":\"3ffbd574-a173-47ba-ad80-73dcf4c22af1\",\"TemplateName\":\"Template 3\",\"TempRatioX\":9.0,\"TempRatioY\":16.0,\"TimeBegin\":\"00:01:20\",\"TimeEnd\":\"00:01:40\",\"TemplateDuration\":\"00:00:20\",\"Medias\":[{\"MediaId\":\"a4b2df04-b45c-453f-aed2-625979b3e764\",\"MediaUrl\":\"uploads/medias/519727321_anhgaixinh2000dethuong.jpg\",\"MediaMd5\":\"93d699758916cda043bace76435b72f9\",\"MediaTypeCode\":\"image/jpeg\",\"TempRatioX\":0.0,\"TempRatioY\":0.0,\"TempPointWidth\":54.0,\"TempPointHeight\":34.0,\"TempPointTop\":0.0,\"TempPointLeft\":0.0,\"TempDetailZindex\":0.0,\"PlaylistLoop\":1,\"ScheduleId\":\"4d0050c6-800d-4f6f-b559-2184a028c352\"},{\"MediaId\":\"444b10a9-0eda-44e8-80f5-b7ffd3253711\",\"MediaUrl\":\"uploads/medias/809111985_girlxinh600x600.jpg\",\"MediaMd5\":\"74296420bc02e82571a0f8ca009eacca\",\"MediaTypeCode\":\"image/jpeg\",\"TempRatioX\":44.44,\"TempRatioY\":70.0,\"TempPointWidth\":53.11,\"TempPointHeight\":29.5,\"TempPointTop\":70.0,\"TempPointLeft\":44.439998626708984,\"TempDetailZindex\":0.0,\"PlaylistLoop\":1,\"ScheduleId\":\"4d0050c6-800d-4f6f-b559-2184a028c352\"}]},{\"TemplateId\":\"55c4ab38-1167-46ec-bde3-1b8e12a50838\",\"TemplateName\":\"Template 1\",\"TempRatioX\":16.0,\"TempRatioY\":9.0,\"TimeBegin\":\"00:01:40\",\"TimeEnd\":\"00:02:10\",\"TemplateDuration\":\"00:00:30\",\"Medias\":[{\"MediaId\":\"a4b2df04-b45c-453f-aed2-625979b3e764\",\"MediaUrl\":\"uploads/medias/519727321_anhgaixinh2000dethuong.jpg\",\"MediaMd5\":\"93d699758916cda043bace76435b72f9\",\"MediaTypeCode\":\"image/jpeg\",\"TempRatioX\":49.93,\"TempRatioY\":0.0,\"TempPointWidth\":50.0,\"TempPointHeight\":99.26,\"TempPointTop\":0.0,\"TempPointLeft\":49.93000030517578,\"TempDetailZindex\":0.0,\"PlaylistLoop\":1,\"ScheduleId\":\"4d0050c6-800d-4f6f-b559-2184a028c352\"},{\"MediaId\":\"444b10a9-0eda-44e8-80f5-b7ffd3253711\",\"MediaUrl\":\"uploads/medias/809111985_girlxinh600x600.jpg\",\"MediaMd5\":\"74296420bc02e82571a0f8ca009eacca\",\"MediaTypeCode\":\"image/jpeg\",\"TempRatioX\":0.0,\"TempRatioY\":0.0,\"TempPointWidth\":50.0,\"TempPointHeight\":100.01,\"TempPointTop\":0.0,\"TempPointLeft\":0.0,\"TempDetailZindex\":0.0,\"PlaylistLoop\":1,\"ScheduleId\":\"4d0050c6-800d-4f6f-b559-2184a028c352\"}]},{\"TemplateId\":\"2b69378c-f199-44ff-b265-9b97956a8abe\",\"TemplateName\":\"Template 2\",\"TempRatioX\":9.0,\"TempRatioY\":16.0,\"TimeBegin\":\"00:02:10\",\"TimeEnd\":\"00:02:20\",\"TemplateDuration\":\"00:00:10\",\"Medias\":[{\"MediaId\":\"8cd36e29-181b-4be7-93c6-3f1f1bfdc236\",\"MediaUrl\":\"uploads/medias/68578283_file_example_MP4_1920_18MG.mp4\",\"MediaMd5\":\"d7a3decdb6280eb0ef3a059ac35ea0ee\",\"MediaTypeCode\":\"video/mp4\",\"TempRatioX\":0.0,\"TempRatioY\":33.75,\"TempPointWidth\":100.0,\"TempPointHeight\":32.25,\"TempPointTop\":33.75,\"TempPointLeft\":0.0,\"TempDetailZindex\":0.0,\"PlaylistLoop\":1,\"ScheduleId\":\"4d0050c6-800d-4f6f-b559-2184a028c352\"},{\"MediaId\":\"a4b2df04-b45c-453f-aed2-625979b3e764\",\"MediaUrl\":\"uploads/medias/519727321_anhgaixinh2000dethuong.jpg\",\"MediaMd5\":\"93d699758916cda043bace76435b72f9\",\"MediaTypeCode\":\"image/jpeg\",\"TempRatioX\":0.0,\"TempRatioY\":0.0,\"TempPointWidth\":100.0,\"TempPointHeight\":34.25,\"TempPointTop\":0.0,\"TempPointLeft\":0.0,\"TempDetailZindex\":1.0,\"PlaylistLoop\":1,\"ScheduleId\":\"4d0050c6-800d-4f6f-b559-2184a028c352\"},{\"MediaId\":\"444b10a9-0eda-44e8-80f5-b7ffd3253711\",\"MediaUrl\":\"uploads/medias/809111985_girlxinh600x600.jpg\",\"MediaMd5\":\"74296420bc02e82571a0f8ca009eacca\",\"MediaTypeCode\":\"image/jpeg\",\"TempRatioX\":0.0,\"TempRatioY\":65.0,\"TempPointWidth\":100.0,\"TempPointHeight\":34.25,\"TempPointTop\":65.0,\"TempPointLeft\":0.0,\"TempDetailZindex\":1.0,\"PlaylistLoop\":1,\"ScheduleId\":\"4d0050c6-800d-4f6f-b559-2184a028c352\"}]},{\"TemplateId\":\"2b69378c-f199-44ff-b265-9b97956a8abe\",\"TemplateName\":\"Template 2\",\"TempRatioX\":9.0,\"TempRatioY\":16.0,\"TimeBegin\":\"00:02:20\",\"TimeEnd\":\"00:02:50\",\"TemplateDuration\":\"00:00:30\",\"Medias\":[{\"MediaId\":\"8cd36e29-181b-4be7-93c6-3f1f1bfdc236\",\"MediaUrl\":\"uploads/medias/68578283_file_example_MP4_1920_18MG.mp4\",\"MediaMd5\":\"d7a3decdb6280eb0ef3a059ac35ea0ee\",\"MediaTypeCode\":\"video/mp4\",\"TempRatioX\":0.0,\"TempRatioY\":33.75,\"TempPointWidth\":100.0,\"TempPointHeight\":32.25,\"TempPointTop\":33.75,\"TempPointLeft\":0.0,\"TempDetailZindex\":0.0,\"PlaylistLoop\":1,\"ScheduleId\":\"4d0050c6-800d-4f6f-b559-2184a028c352\"},{\"MediaId\":\"a4b2df04-b45c-453f-aed2-625979b3e764\",\"MediaUrl\":\"uploads/medias/519727321_anhgaixinh2000dethuong.jpg\",\"MediaMd5\":\"93d699758916cda043bace76435b72f9\",\"MediaTypeCode\":\"image/jpeg\",\"TempRatioX\":0.0,\"TempRatioY\":0.0,\"TempPointWidth\":100.0,\"TempPointHeight\":34.25,\"TempPointTop\":0.0,\"TempPointLeft\":0.0,\"TempDetailZindex\":1.0,\"PlaylistLoop\":1,\"ScheduleId\":\"4d0050c6-800d-4f6f-b559-2184a028c352\"},{\"MediaId\":\"444b10a9-0eda-44e8-80f5-b7ffd3253711\",\"MediaUrl\":\"uploads/medias/809111985_girlxinh600x600.jpg\",\"MediaMd5\":\"74296420bc02e82571a0f8ca009eacca\",\"MediaTypeCode\":\"image/jpeg\",\"TempRatioX\":0.0,\"TempRatioY\":65.0,\"TempPointWidth\":100.0,\"TempPointHeight\":34.25,\"TempPointTop\":65.0,\"TempPointLeft\":0.0,\"TempDetailZindex\":1.0,\"PlaylistLoop\":1,\"ScheduleId\":\"4d0050c6-800d-4f6f-b559-2184a028c352\"}]},{\"TemplateId\":\"2b69378c-f199-44ff-b265-9b97956a8abe\",\"TemplateName\":\"Template 2\",\"TempRatioX\":9.0,\"TempRatioY\":16.0,\"TimeBegin\":\"00:02:50\",\"TimeEnd\":\"00:03:10\",\"TemplateDuration\":\"00:00:20\",\"Medias\":[{\"MediaId\":\"8cd36e29-181b-4be7-93c6-3f1f1bfdc236\",\"MediaUrl\":\"uploads/medias/68578283_file_example_MP4_1920_18MG.mp4\",\"MediaMd5\":\"d7a3decdb6280eb0ef3a059ac35ea0ee\",\"MediaTypeCode\":\"video/mp4\",\"TempRatioX\":0.0,\"TempRatioY\":33.75,\"TempPointWidth\":100.0,\"TempPointHeight\":32.25,\"TempPointTop\":33.75,\"TempPointLeft\":0.0,\"TempDetailZindex\":0.0,\"PlaylistLoop\":1,\"ScheduleId\":\"4d0050c6-800d-4f6f-b559-2184a028c352\"},{\"MediaId\":\"a4b2df04-b45c-453f-aed2-625979b3e764\",\"MediaUrl\":\"uploads/medias/519727321_anhgaixinh2000dethuong.jpg\",\"MediaMd5\":\"93d699758916cda043bace76435b72f9\",\"MediaTypeCode\":\"image/jpeg\",\"TempRatioX\":0.0,\"TempRatioY\":0.0,\"TempPointWidth\":100.0,\"TempPointHeight\":34.25,\"TempPointTop\":0.0,\"TempPointLeft\":0.0,\"TempDetailZindex\":1.0,\"PlaylistLoop\":1,\"ScheduleId\":\"4d0050c6-800d-4f6f-b559-2184a028c352\"},{\"MediaId\":\"444b10a9-0eda-44e8-80f5-b7ffd3253711\",\"MediaUrl\":\"uploads/medias/809111985_girlxinh600x600.jpg\",\"MediaMd5\":\"74296420bc02e82571a0f8ca009eacca\",\"MediaTypeCode\":\"image/jpeg\",\"TempRatioX\":0.0,\"TempRatioY\":65.0,\"TempPointWidth\":100.0,\"TempPointHeight\":34.25,\"TempPointTop\":65.0,\"TempPointLeft\":0.0,\"TempDetailZindex\":1.0,\"PlaylistLoop\":1,\"ScheduleId\":\"4d0050c6-800d-4f6f-b559-2184a028c352\"}]},{\"TemplateId\":\"2b69378c-f199-44ff-b265-9b97956a8abe\",\"TemplateName\":\"Template 2\",\"TempRatioX\":9.0,\"TempRatioY\":16.0,\"TimeBegin\":\"00:03:10\",\"TimeEnd\":\"00:03:30\",\"TemplateDuration\":\"00:00:20\",\"Medias\":[{\"MediaId\":\"8cd36e29-181b-4be7-93c6-3f1f1bfdc236\",\"MediaUrl\":\"uploads/medias/68578283_file_example_MP4_1920_18MG.mp4\",\"MediaMd5\":\"d7a3decdb6280eb0ef3a059ac35ea0ee\",\"MediaTypeCode\":\"video/mp4\",\"TempRatioX\":0.0,\"TempRatioY\":33.75,\"TempPointWidth\":100.0,\"TempPointHeight\":32.25,\"TempPointTop\":33.75,\"TempPointLeft\":0.0,\"TempDetailZindex\":0.0,\"PlaylistLoop\":1,\"ScheduleId\":\"4d0050c6-800d-4f6f-b559-2184a028c352\"},{\"MediaId\":\"a4b2df04-b45c-453f-aed2-625979b3e764\",\"MediaUrl\":\"uploads/medias/519727321_anhgaixinh2000dethuong.jpg\",\"MediaMd5\":\"93d699758916cda043bace76435b72f9\",\"MediaTypeCode\":\"image/jpeg\",\"TempRatioX\":0.0,\"TempRatioY\":0.0,\"TempPointWidth\":100.0,\"TempPointHeight\":34.25,\"TempPointTop\":0.0,\"TempPointLeft\":0.0,\"TempDetailZindex\":1.0,\"PlaylistLoop\":1,\"ScheduleId\":\"4d0050c6-800d-4f6f-b559-2184a028c352\"},{\"MediaId\":\"444b10a9-0eda-44e8-80f5-b7ffd3253711\",\"MediaUrl\":\"uploads/medias/809111985_girlxinh600x600.jpg\",\"MediaMd5\":\"74296420bc02e82571a0f8ca009eacca\",\"MediaTypeCode\":\"image/jpeg\",\"TempRatioX\":0.0,\"TempRatioY\":65.0,\"TempPointWidth\":100.0,\"TempPointHeight\":34.25,\"TempPointTop\":65.0,\"TempPointLeft\":0.0,\"TempDetailZindex\":1.0,\"PlaylistLoop\":1,\"ScheduleId\":\"4d0050c6-800d-4f6f-b559-2184a028c352\"}]}]}]', '2021-03-30 09:17:30'),
('3be55c60-138e-40e9-bc7e-fe89e2ef78c0', '46eec614-cfb9-459f-ae09-5d05b2bb30af', '[]', '2021-03-30 03:07:00'),
('3eb16be2-85cf-43e9-8caa-ec417b0d5342', '886d1979-6332-40c7-b269-ab872cb59ed7', '[{\"Date\":\"2021-03-31T00:00:00Z\",\"TimeBegin\":\"00:00:00\",\"TimeEnd\":\"23:00:00\",\"ScheduleSequential\":1,\"PlayListName\":\"Playlist test Giang\",\"PlayListId\":\"cc0718c7-8fb1-4a57-9e1b-ab36d1b9f563\",\"PlaylistLoop\":1,\"ScheduleIds\":[\"bb49651f-4126-4245-999e-21b6262ea1f9\",\"Schedule Test Giang\"],\"Templates\":[{\"TemplateId\":\"63b92d84-7118-43b0-ba88-c674c680f40d\",\"TemplateName\":\"Template test Giang\",\"TempRatioX\":16.0,\"TempRatioY\":9.0,\"TimeBegin\":\"00:00:00\",\"TimeEnd\":\"00:00:15\",\"TemplateDuration\":\"00:00:15\",\"Medias\":[{\"MediaId\":\"f061a1dd-63d1-4ac1-8efe-73d9e28684a0\",\"MediaUrl\":\"uploads/medias/210388836_file_example_MP3_5MG.mp3\",\"MediaMd5\":\"2688ed914ed6315229fb89e1e916cdee\",\"MediaTypeCode\":\"audio/mpeg\",\"TempRatioX\":0.0,\"TempRatioY\":0.0,\"TempPointWidth\":50.0,\"TempPointHeight\":50.0,\"TempPointTop\":0.0,\"TempPointLeft\":0.0,\"TempDetailZindex\":0.0,\"PlaylistLoop\":1,\"ScheduleId\":\"bb49651f-4126-4245-999e-21b6262ea1f9\"}]},{\"TemplateId\":\"8fa5d698-e398-4dd8-8031-817bb2bf9bbb\",\"TemplateName\":\"Template test Giang 2\",\"TempRatioX\":16.0,\"TempRatioY\":9.0,\"TimeBegin\":\"00:00:15\",\"TimeEnd\":\"00:00:45\",\"TemplateDuration\":\"00:00:30\",\"Medias\":[{\"MediaId\":\"f061a1dd-63d1-4ac1-8efe-73d9e28684a0\",\"MediaUrl\":\"uploads/medias/210388836_file_example_MP3_5MG.mp3\",\"MediaMd5\":\"2688ed914ed6315229fb89e1e916cdee\",\"MediaTypeCode\":\"audio/mpeg\",\"TempRatioX\":0.0,\"TempRatioY\":0.0,\"TempPointWidth\":50.0,\"TempPointHeight\":50.0,\"TempPointTop\":0.0,\"TempPointLeft\":0.0,\"TempDetailZindex\":0.0,\"PlaylistLoop\":1,\"ScheduleId\":\"bb49651f-4126-4245-999e-21b6262ea1f9\"}]},{\"TemplateId\":\"63b92d84-7118-43b0-ba88-c674c680f40d\",\"TemplateName\":\"Template test Giang\",\"TempRatioX\":16.0,\"TempRatioY\":9.0,\"TimeBegin\":\"00:00:45\",\"TimeEnd\":\"00:00:55\",\"TemplateDuration\":\"00:00:10\",\"Medias\":[{\"MediaId\":\"f061a1dd-63d1-4ac1-8efe-73d9e28684a0\",\"MediaUrl\":\"uploads/medias/210388836_file_example_MP3_5MG.mp3\",\"MediaMd5\":\"2688ed914ed6315229fb89e1e916cdee\",\"MediaTypeCode\":\"audio/mpeg\",\"TempRatioX\":0.0,\"TempRatioY\":0.0,\"TempPointWidth\":50.0,\"TempPointHeight\":50.0,\"TempPointTop\":0.0,\"TempPointLeft\":0.0,\"TempDetailZindex\":0.0,\"PlaylistLoop\":1,\"ScheduleId\":\"bb49651f-4126-4245-999e-21b6262ea1f9\"}]},{\"TemplateId\":\"63b92d84-7118-43b0-ba88-c674c680f40d\",\"TemplateName\":\"Template test Giang\",\"TempRatioX\":16.0,\"TempRatioY\":9.0,\"TimeBegin\":\"00:00:55\",\"TimeEnd\":\"00:01:15\",\"TemplateDuration\":\"00:00:20\",\"Medias\":[{\"MediaId\":\"f061a1dd-63d1-4ac1-8efe-73d9e28684a0\",\"MediaUrl\":\"uploads/medias/210388836_file_example_MP3_5MG.mp3\",\"MediaMd5\":\"2688ed914ed6315229fb89e1e916cdee\",\"MediaTypeCode\":\"audio/mpeg\",\"TempRatioX\":0.0,\"TempRatioY\":0.0,\"TempPointWidth\":50.0,\"TempPointHeight\":50.0,\"TempPointTop\":0.0,\"TempPointLeft\":0.0,\"TempDetailZindex\":0.0,\"PlaylistLoop\":1,\"ScheduleId\":\"bb49651f-4126-4245-999e-21b6262ea1f9\"}]}]}]', '2021-03-26 09:02:00'),
('4442a000-0b2b-4f18-b085-24d74377184c', '5df68ea8-b90f-4051-adc4-b36743033379', '[]', '2021-03-31 04:48:04'),
('4dc7a5c4-353a-42c4-ab92-2cb01327a1ff', '44d21207-2407-4f3a-8864-c90d3fa45ccc', '[]', '2021-03-27 10:42:30'),
('76f86cc8-819a-4170-98a5-f8c1fefcd357', '078aff4c-2d57-4751-9108-5475129e2f7e', '[{\"Date\":\"2021-03-30T00:00:00Z\",\"TimeBegin\":\"00:00:00\",\"TimeEnd\":\"20:59:59\",\"ScheduleSequential\":0,\"PlayListName\":\"Advertisement iPhone 12 Pro Max 128GB\",\"PlayListId\":\"fd278dde-baea-406a-a25a-11df84f5c183\",\"PlaylistLoop\":1,\"ScheduleIds\":[\"5d6561fb-1cb9-41a8-9a87-6b41ca2eed1c\",\"All Time 26-03-2021\"],\"Templates\":[{\"TemplateId\":\"395ee5c4-3c75-473f-8e38-fa2c1936d888\",\"TemplateName\":\"AN\",\"TempRatioX\":1976.0,\"TempRatioY\":1040.0,\"TimeBegin\":\"00:00:00\",\"TimeEnd\":\"00:00:01\",\"TemplateDuration\":\"00:00:01\",\"Medias\":[{\"MediaId\":\"27aca690-d1fe-4311-ab14-a74b58da229a\",\"MediaUrl\":\"https://localhost:9000/uploads/medias\\\\210719894_y2mate.comVideoNgnLmnhBapVNghaPhn2_v720P\\\\210719894_y2mate.comVideoNgnLmnhBapVNghaPhn2_v720P.m3u8\",\"MediaMd5\":\"6a9980a78e9dbc4721e9430c6c29e349\",\"MediaTypeCode\":\"video/mp4\",\"TempRatioX\":0.7,\"TempRatioY\":0.0,\"TempPointWidth\":50.0,\"TempPointHeight\":50.0,\"TempPointTop\":0.0,\"TempPointLeft\":0.699999988079071,\"TempDetailZindex\":0.0,\"PlaylistLoop\":1,\"ScheduleId\":\"5d6561fb-1cb9-41a8-9a87-6b41ca2eed1c\"},{\"MediaId\":\"27aca690-d1fe-4311-ab14-a74b58da229a\",\"MediaUrl\":\"https://localhost:9000/uploads/medias\\\\210719894_y2mate.comVideoNgnLmnhBapVNghaPhn2_v720P\\\\210719894_y2mate.comVideoNgnLmnhBapVNghaPhn2_v720P.m3u8\",\"MediaMd5\":\"6a9980a78e9dbc4721e9430c6c29e349\",\"MediaTypeCode\":\"video/mp4\",\"TempRatioX\":0.7,\"TempRatioY\":49.44,\"TempPointWidth\":50.0,\"TempPointHeight\":50.0,\"TempPointTop\":49.439998626708984,\"TempPointLeft\":0.699999988079071,\"TempDetailZindex\":0.0,\"PlaylistLoop\":1,\"ScheduleId\":\"5d6561fb-1cb9-41a8-9a87-6b41ca2eed1c\"},{\"MediaId\":\"4c1366d2-2ecd-4cd0-90bd-bffe061c7eae\",\"MediaUrl\":\"https://www.youtube.com/watch?v=XGzneKVjN-4\",\"MediaMd5\":null,\"MediaTypeCode\":\"link\",\"TempRatioX\":50.63,\"TempRatioY\":52.11,\"TempPointWidth\":50.0,\"TempPointHeight\":50.0,\"TempPointTop\":52.11000061035156,\"TempPointLeft\":50.630001068115234,\"TempDetailZindex\":0.0,\"PlaylistLoop\":1,\"ScheduleId\":\"5d6561fb-1cb9-41a8-9a87-6b41ca2eed1c\"},{\"MediaId\":\"4c1366d2-2ecd-4cd0-90bd-bffe061c7eae\",\"MediaUrl\":\"https://www.youtube.com/watch?v=XGzneKVjN-4\",\"MediaMd5\":null,\"MediaTypeCode\":\"link\",\"TempRatioX\":49.93,\"TempRatioY\":1.34,\"TempPointWidth\":50.0,\"TempPointHeight\":50.0,\"TempPointTop\":1.340000033378601,\"TempPointLeft\":49.93000030517578,\"TempDetailZindex\":0.0,\"PlaylistLoop\":1,\"ScheduleId\":\"5d6561fb-1cb9-41a8-9a87-6b41ca2eed1c\"}]},{\"TemplateId\":\"395ee5c4-3c75-473f-8e38-fa2c1936d888\",\"TemplateName\":\"AN\",\"TempRatioX\":1976.0,\"TempRatioY\":1040.0,\"TimeBegin\":\"20:04:19\",\"TimeEnd\":\"20:59:59\",\"TemplateDuration\":\"01:00:00\",\"Medias\":[{\"MediaId\":\"27aca690-d1fe-4311-ab14-a74b58da229a\",\"MediaUrl\":\"https://localhost:9000/uploads/medias\\\\210719894_y2mate.comVideoNgnLmnhBapVNghaPhn2_v720P\\\\210719894_y2mate.comVideoNgnLmnhBapVNghaPhn2_v720P.m3u8\",\"MediaMd5\":\"6a9980a78e9dbc4721e9430c6c29e349\",\"MediaTypeCode\":\"video/mp4\",\"TempRatioX\":0.7,\"TempRatioY\":0.0,\"TempPointWidth\":50.0,\"TempPointHeight\":50.0,\"TempPointTop\":0.0,\"TempPointLeft\":0.699999988079071,\"TempDetailZindex\":0.0,\"PlaylistLoop\":1,\"ScheduleId\":\"5d6561fb-1cb9-41a8-9a87-6b41ca2eed1c\"},{\"MediaId\":\"27aca690-d1fe-4311-ab14-a74b58da229a\",\"MediaUrl\":\"https://localhost:9000/uploads/medias\\\\210719894_y2mate.comVideoNgnLmnhBapVNghaPhn2_v720P\\\\210719894_y2mate.comVideoNgnLmnhBapVNghaPhn2_v720P.m3u8\",\"MediaMd5\":\"6a9980a78e9dbc4721e9430c6c29e349\",\"MediaTypeCode\":\"video/mp4\",\"TempRatioX\":0.7,\"TempRatioY\":49.44,\"TempPointWidth\":50.0,\"TempPointHeight\":50.0,\"TempPointTop\":49.439998626708984,\"TempPointLeft\":0.699999988079071,\"TempDetailZindex\":0.0,\"PlaylistLoop\":1,\"ScheduleId\":\"5d6561fb-1cb9-41a8-9a87-6b41ca2eed1c\"},{\"MediaId\":\"4c1366d2-2ecd-4cd0-90bd-bffe061c7eae\",\"MediaUrl\":\"https://www.youtube.com/watch?v=XGzneKVjN-4\",\"MediaMd5\":null,\"MediaTypeCode\":\"link\",\"TempRatioX\":50.63,\"TempRatioY\":52.11,\"TempPointWidth\":50.0,\"TempPointHeight\":50.0,\"TempPointTop\":52.11000061035156,\"TempPointLeft\":50.630001068115234,\"TempDetailZindex\":0.0,\"PlaylistLoop\":1,\"ScheduleId\":\"5d6561fb-1cb9-41a8-9a87-6b41ca2eed1c\"},{\"MediaId\":\"4c1366d2-2ecd-4cd0-90bd-bffe061c7eae\",\"MediaUrl\":\"https://www.youtube.com/watch?v=XGzneKVjN-4\",\"MediaMd5\":null,\"MediaTypeCode\":\"link\",\"TempRatioX\":49.93,\"TempRatioY\":1.34,\"TempPointWidth\":50.0,\"TempPointHeight\":50.0,\"TempPointTop\":1.340000033378601,\"TempPointLeft\":49.93000030517578,\"TempDetailZindex\":0.0,\"PlaylistLoop\":1,\"ScheduleId\":\"5d6561fb-1cb9-41a8-9a87-6b41ca2eed1c\"}]}]}]', '2021-03-26 10:25:30'),
('929a8d35-2263-483d-baea-ef8ff7957e30', '25761545-42ba-40df-a298-4d6d6901181c', '[{\"Date\":\"2021-03-30T00:00:00Z\",\"TimeBegin\":\"00:00:00\",\"TimeEnd\":\"23:59:59\",\"ScheduleSequential\":0,\"PlayListName\":\"Test\",\"PlayListId\":\"f51036a7-6a67-4066-aa15-8c605804d612\",\"PlaylistLoop\":0,\"ScheduleIds\":[\"2d5e4728-979d-473f-ae09-712ee9f13996\",\"TestHuy\"],\"Templates\":[{\"TemplateId\":\"9e5ff841-c7b9-4965-bd8b-320967df1c4d\",\"TemplateName\":\"Test\",\"TempRatioX\":9.0,\"TempRatioY\":16.0,\"TimeBegin\":\"00:00:00\",\"TimeEnd\":\"23:59:00\",\"TemplateDuration\":\"01:00:00\",\"Medias\":[{\"MediaId\":\"d6c41054-13a4-46c1-9ce5-35ca50bcdf13\",\"MediaUrl\":\"uploads/medias/675366229_ALTAFareApplicabilityforCityPairCharges.mp4\",\"MediaMd5\":\"868836e072ac0e7d2cdaff610634044e\",\"MediaTypeCode\":\"video/mp4\",\"TempRatioX\":0.0,\"TempRatioY\":0.0,\"TempPointWidth\":50.0,\"TempPointHeight\":50.0,\"TempPointTop\":0.0,\"TempPointLeft\":0.0,\"TempDetailZindex\":0.0,\"PlaylistLoop\":0,\"ScheduleId\":\"2d5e4728-979d-473f-ae09-712ee9f13996\"}]}]}]', '2021-03-26 10:47:30'),
('9712de3f-3b9c-49d0-b406-a48f29ab5d01', '96a0acfb-3f92-4e17-bb0f-5c04910cb695', '[]', '2021-03-31 04:53:57');

-- --------------------------------------------------------

--
-- Cấu trúc bảng cho bảng `mtc_device_tbl`
--

CREATE TABLE `mtc_device_tbl` (
  `device_id` varchar(255) COLLATE utf8_unicode_ci NOT NULL,
  `device_name` varchar(255) CHARACTER SET utf8 NOT NULL,
  `device_photo` text CHARACTER SET utf8 DEFAULT NULL,
  `device_sku` varchar(255) CHARACTER SET utf8 NOT NULL,
  `device_mac_address` varchar(255) CHARACTER SET utf8 DEFAULT NULL,
  `device_login_name` varchar(30) CHARACTER SET utf8 NOT NULL,
  `device_type_id` varchar(255) CHARACTER SET utf8 NOT NULL,
  `device_pass` varchar(255) CHARACTER SET utf8 NOT NULL,
  `device_saft` varchar(10) CHARACTER SET utf8 DEFAULT NULL,
  `device_status` tinyint(4) DEFAULT 1 COMMENT ' 1 : active; 2 : deactivted.',
  `device_lock` tinyint(3) NOT NULL DEFAULT 0,
  `device_comment` text CHARACTER SET utf8 DEFAULT NULL,
  `created_at` timestamp NOT NULL DEFAULT current_timestamp(),
  `user_id` varchar(255) COLLATE utf8_unicode_ci NOT NULL,
  `group_id` varchar(255) COLLATE utf8_unicode_ci NOT NULL,
  `color_code` varchar(20) CHARACTER SET utf8 NOT NULL,
  `device_memory` float DEFAULT 0 COMMENT 'tổng bộ nhớ',
  `device_user_memory` float NOT NULL DEFAULT 0 COMMENT 'số lượng bộ nhớ đã sử dụng.',
  `device_expired` datetime DEFAULT NULL,
  `device_warranty_expires_date` datetime DEFAULT NULL,
  `device_power` tinyint(2) NOT NULL DEFAULT 0 COMMENT 'trạng thái online hoặc offline của thiết bị. 1 : online , 0 : offline',
  `device_location` text COLLATE utf8_unicode_ci DEFAULT NULL,
  `device_setting` text COLLATE utf8_unicode_ci DEFAULT NULL
) ENGINE=InnoDB DEFAULT CHARSET=utf8 COLLATE=utf8_unicode_ci;

--
-- Đang đổ dữ liệu cho bảng `mtc_device_tbl`
--

INSERT INTO `mtc_device_tbl` (`device_id`, `device_name`, `device_photo`, `device_sku`, `device_mac_address`, `device_login_name`, `device_type_id`, `device_pass`, `device_saft`, `device_status`, `device_lock`, `device_comment`, `created_at`, `user_id`, `group_id`, `color_code`, `device_memory`, `device_user_memory`, `device_expired`, `device_warranty_expires_date`, `device_power`, `device_location`, `device_setting`) VALUES
('078aff4c-2d57-4751-9108-5475129e2f7e', 'Advertisement', 'device/1736984708_windowsfoldabledevices.jpg', 'PO-TS-34-BK', '10.10.10.10', '10.10.10.10', '1', '77c3fe18288e4f53a3de0cc592aeb6a891e6b4b7eb016a3e1b7c62004ffccc6a374b2b82ee890b404aab958c86ff20209e8dc75c3072f0a7771e2b80c772bb7b', 'rnltxl', 2, 1, 'Advertisement CF', '2021-03-26 07:41:03', '223cfe4e-be4e-4607-bd42-4844f3257861', '17262ec1-424c-46bb-90d1-8e29aae2c20f', '#81BE50', 0, 0, '2021-03-31 00:00:00', '2021-03-31 00:00:00', 0, '86/33 Âu Cơ, Phường 9, Quận Tân Bình, Phường 9, Tân Bình, Thành phố Hồ Chí Minh', '{}'),
('0c54b6d6-9b21-469e-bf09-f2378fb1d892', 'Device 4', 'device/1908532289_510285568_84152689_1028836904155213_5658492929988100096_o.jpg', '12345644', 'thien.vu@alta.com.vn', '20212216', '1', '7f203ac3795fbf363a1b2cecd8a539b74be65819f86774fc56d1b4c4e8c5f044a38a18a9c485054a15462f2c1e05373189f75400bbf3e68768d5866a2d1154a4', 'xhvdmi', 2, 0, 'null', '2021-03-31 03:52:33', 'bb092204-445e-47af-9bff-812537020136', '7072788d-9a0e-4015-b4b2-561b441d9150', '#69E1A4', 0, 0, '2021-03-31 00:00:00', '2022-03-03 00:00:00', 0, '1231423', '{}'),
('0dff0ee9-b55e-4b98-b2f9-8abdb0607c7f', 'Quang Tín, Trần', 'device/522327890_Screenshot_4.png', 'mtc-approval-app.dev-altamedia.com', '86/33 Âu Cơ, Tân Phúmtc-approval-app.dev-altamedia.com', '192.186.1.2', '1', '82a17ed693bf537b3ef5080f34e62c37fa68e1a92404a70e405bd9a875d7a1d39a205545fd658b30847fda51754145919bbea2a04d6ab4ce13521f553ca51c40', 'iuatnm', 2, 0, 'mtc-approval-app.dev-altamedia.com', '2021-03-26 10:42:19', 'a2c51c65-fd5c-45f2-a643-e841de5f7729', 'a439e586-4aaa-4c00-857d-c9e0b760646d', '#6DD4B3', 0, 0, '2021-03-26 00:00:00', '2021-04-03 00:00:00', 0, 'mtc-approval-app.dev-altamedia.com', '{}'),
('25761545-42ba-40df-a298-4d6d6901181c', 'HuyTest', 'device/930150609_Screenshot_1.png', '123456789', '192.168.10.12', '0.0.0.0', '1', 'a14f69ef4a6fc780c97d45f6ee7b4417a825a0f8d0c8d0f52d96835f9d86dc2f76cc0942edcf2accaa1ba3e514af948b538f49604b456ca8be7b2c662b5d13b5', 'zzfafm', 2, 0, NULL, '2021-03-26 10:45:14', '64a993db-8dbc-4995-9259-aacb6a138b28', 'ecdedbc1-5b92-4b41-9931-0f2fed9e94ca', '#BDCF0B', 0, 0, '2021-03-31 00:00:00', '2021-03-31 00:00:00', 0, '123456789', '{}'),
('3a960cad-d8bd-417e-ad19-18d59fced0d2', 'Device 03', 'device/1256885599_510285568_84152689_1028836904155213_5658492929988100096_o.jpg', '123456', '20212215', '20212215', '1', '5a1245e813a434cd3fbda1be73eae36af75c80ace0480524c43d6bb8cd38d4bc07c97c25972f379062ace21443cc6118e98ae52e870b1bed69be9928f9be172c', 'vszpzh', 1, 0, NULL, '2021-03-30 09:13:01', 'bb092204-445e-47af-9bff-812537020136', '7072788d-9a0e-4015-b4b2-561b441d9150', '#EB7C0B', 199889, 190937, '2022-03-03 00:00:00', '2022-03-03 00:00:00', 1, '20212215', '{}'),
('44d21207-2407-4f3a-8864-c90d3fa45ccc', 'Quang Tín, Trần 2', 'device/1218480799_VideoGioiThieu4.jpg', 'Quang Tín, Trần', 'Quang Tín, Trần', '192.168.11.21', '1', '741eee2b7e97a0ef2a7595a37f98254968e35c6baea0a54590569f437543fcf5f507cf1381a2e543276149f77f1e5d5cb2b1b7d9bf98fe2a83cd67f1956916bc', 'jhzupr', 1, 0, 'Quang Tín, Trần', '2021-03-27 10:41:17', 'a2c51c65-fd5c-45f2-a643-e841de5f7729', 'a439e586-4aaa-4c00-857d-c9e0b760646d', '#1D6D6B', 0, 0, '2021-04-10 00:00:00', '2021-04-09 00:00:00', 0, 'Quang Tín, Trần', '{}'),
('46eec614-cfb9-459f-ae09-5d05b2bb30af', 'Device App 02', 'device/1974472381_510285568_84152689_1028836904155213_5658492929988100096_o.jpg', '1234', 'noreply@alta.com.vn', '20.21.22.14', '1', '7e80ac01ff026250c6138ba8e0b97208b362660b5e97a0bd0e0512b2bc743228ef295c80c1634382a8a0fbd1615a2060886f8bca35c77664ca4e13fd9594fafd', 'gijgxz', 1, 1, NULL, '2021-03-30 03:01:15', 'bb092204-445e-47af-9bff-812537020136', '7072788d-9a0e-4015-b4b2-561b441d9150', '#D13FB7', 199889, 192268, '2021-04-30 00:00:00', '2021-04-10 00:00:00', 1, '23123', '{}'),
('886d1979-6332-40c7-b269-ab872cb59ed7', 'Device App 01', 'device/1448536533_510285568_84152689_1028836904155213_5658492929988100096_o.jpg', '123', '123', '20.21.22.13', '1', '4bf7db3941308e6647e738e1aec510f2a7b8695fd328d2c87bc71e6b656f6c1cce0ecbf7aecc76a20a16cd2ef5b3782b5425eaaf127418ede32122a377d5b24c', 'rphwka', 1, 0, 'null', '2021-03-26 09:00:13', 'bb092204-445e-47af-9bff-812537020136', '7072788d-9a0e-4015-b4b2-561b441d9150', '#9B7059', 237829, 128136, '2022-04-02 00:00:00', '2022-03-31 00:00:00', 1, '123', '{}'),
('96a0acfb-3f92-4e17-bb0f-5c04910cb695', '1.1.1.1', 'device/522911810_cuong.jpg', '1.1.1.1', '1.1.1.1', '1.1.1.1', '1', 'd229f069235636e19ab4b2b29b7f93f9701cde09931ad047ff420b6ca98383f6b9ef5f678e6fc3c9af2b70712feaabce1ee30c51301c260cb42f6203ac6791da', 'hxtdsq', 1, 0, 'Pass: 123123123', '2021-03-31 04:53:56', 'bb092204-445e-47af-9bff-812537020136', '7072788d-9a0e-4015-b4b2-561b441d9150', '#D49D8E', 0, 0, '2021-04-02 00:00:00', '2021-04-03 00:00:00', 0, '1.1.1.1', '{}'),
('ba672058-0d45-434a-89ea-db7395fa2022', 'Device created by Anh Nguyen', 'device/658891922_thumb350976113.png', '192.168.11.35', '192.168.11.35', '192.168.11.35', '1', '18ee2be0a1f1496e5a60b369fe43d340f53848bb8744ecf4a607464f36cebf8bfe0aaa55cf9dd20cff8b81bee8750f9fa4e073da6dc1391898ef8f13bd3409f3', 'iaclpd', 2, 0, 'thiết bị cmt', '2021-03-26 05:00:28', '008632fe-c279-48c1-b89e-882fdcb99e8f', '17262ec1-424c-46bb-90d1-8e29aae2c20f', '#AE8BBB', 0, 0, '2021-03-26 00:00:00', '2022-04-30 00:00:00', 1, 'Tân Bình, Hồ Chí Minh', '{\"key\":\"One\",\"value\":\"1\"}'),
('bb2c81ed-9623-4dc5-bc06-f8f0b46e4e19', 'Thien test [Làm ơn không xoá]', 'device/174363625_cat_3.jpg', '192.168.11.30', '192.168.11.30', '192.168.11.30', '1', 'f0cb3baf3b8a03a7d3cce39e606ec96ab870e66fcf368515fe550e7286d3f7cc97f392f915deada4db6bb3022dc056ca1442c4ce3d1151875b983b307142b453', 'lnzjuz', 2, 0, NULL, '2021-03-26 06:59:43', '008632fe-c279-48c1-b89e-882fdcb99e8f', '17262ec1-424c-46bb-90d1-8e29aae2c20f', '#14B731', 0, 0, '2021-03-26 00:00:00', '2022-04-10 00:00:00', 0, 'HCM', '{}');

-- --------------------------------------------------------

--
-- Cấu trúc bảng cho bảng `mtc_device_tokens`
--

CREATE TABLE `mtc_device_tokens` (
  `token_id` varchar(255) COLLATE utf8_unicode_ci NOT NULL,
  `device_id` varchar(255) COLLATE utf8_unicode_ci NOT NULL,
  `device_token` text COLLATE utf8_unicode_ci NOT NULL,
  `created_at` timestamp NOT NULL DEFAULT current_timestamp()
) ENGINE=InnoDB DEFAULT CHARSET=utf8 COLLATE=utf8_unicode_ci;

--
-- Đang đổ dữ liệu cho bảng `mtc_device_tokens`
--

INSERT INTO `mtc_device_tokens` (`token_id`, `device_id`, `device_token`, `created_at`) VALUES
('02e82065-740c-44e8-937a-8353e7666612', '3a960cad-d8bd-417e-ad19-18d59fced0d2', 'eyJhbGciOiJIUzI1NiIsInR5cCI6IkpXVCJ9.eyJkZXZpY2VJUCI6IjIwMjEyMjE1IiwiZGV2aWNlSWQiOiIzYTk2MGNhZC1kOGJkLTQxN2UtYWQxOS0xOGQ1OWZjZWQwZDIiLCJleHAiOjI3NTMyNjY4NDcsImlzcyI6ImxvY2FsaG9zdDo5MDAwIiwiYXVkIjoibG9jYWxob3N0OjkwMDAifQ.gu1MXfaA1lGpMjaZqs_w34PC5zmsphmWJIeBG2yaqqc', '2021-03-31 05:20:47'),
('0be8c04a-15a2-46f3-92f8-c7d9e2a335c5', '886d1979-6332-40c7-b269-ab872cb59ed7', 'eyJhbGciOiJIUzI1NiIsInR5cCI6IkpXVCJ9.eyJkZXZpY2VJUCI6IjIwLjIxLjIyLjEzIiwiZGV2aWNlSWQiOiI4ODZkMTk3OS02MzMyLTQwYzctYjI2OS1hYjg3MmNiNTllZDciLCJleHAiOjI3NTMxOTczNTMsImlzcyI6ImxvY2FsaG9zdDo5MDAwIiwiYXVkIjoibG9jYWxob3N0OjkwMDAifQ.GefaM2MhQbZp2laclmoqvccn2glowgdqPlhkh5r_Q3Y', '2021-03-30 10:02:33'),
('10097e45-8e9b-47e5-aad5-1663b2c95cfc', '46eec614-cfb9-459f-ae09-5d05b2bb30af', 'eyJhbGciOiJIUzI1NiIsInR5cCI6IkpXVCJ9.eyJkZXZpY2VJUCI6IjIwLjIxLjIyLjE0IiwiZGV2aWNlSWQiOiI0NmVlYzYxNC1jZmI5LTQ1OWYtYWUwOS01ZDA1YjJiYjMwYWYiLCJleHAiOjI3NTMxODgwMTUsImlzcyI6ImxvY2FsaG9zdDo5MDAwIiwiYXVkIjoibG9jYWxob3N0OjkwMDAifQ.0aIXbqxl6kubDefpvbCsdx4g_LZSULAy93HcZTow61w', '2021-03-30 07:26:55'),
('15e87071-8daf-4508-935d-933bafd5aaf0', '886d1979-6332-40c7-b269-ab872cb59ed7', 'eyJhbGciOiJIUzI1NiIsInR5cCI6IkpXVCJ9.eyJkZXZpY2VJUCI6IjIwLjIxLjIyLjEzIiwiZGV2aWNlSWQiOiI4ODZkMTk3OS02MzMyLTQwYzctYjI2OS1hYjg3MmNiNTllZDciLCJleHAiOjI3NTMyNjA0NzEsImlzcyI6ImxvY2FsaG9zdDo5MDAwIiwiYXVkIjoibG9jYWxob3N0OjkwMDAifQ.uC4JKbQZSpBXSHjzc9J4PGwWtv4SeO-Dc7_CgFn06MU', '2021-03-31 03:34:31'),
('3347dbee-a44e-4ad6-8396-dc380b16c384', '886d1979-6332-40c7-b269-ab872cb59ed7', 'eyJhbGciOiJIUzI1NiIsInR5cCI6IkpXVCJ9.eyJkZXZpY2VJUCI6IjIwLjIxLjIyLjEzIiwiZGV2aWNlSWQiOiI4ODZkMTk3OS02MzMyLTQwYzctYjI2OS1hYjg3MmNiNTllZDciLCJleHAiOjI3NTMxOTczMTgsImlzcyI6ImxvY2FsaG9zdDo5MDAwIiwiYXVkIjoibG9jYWxob3N0OjkwMDAifQ.dpefmzsEI7B_F4wBdiGOW9la5D5Buqpl62bQPWX2bgk', '2021-03-30 10:01:58'),
('3674bdbf-9613-424c-afb2-4a96aac41c8a', '3a960cad-d8bd-417e-ad19-18d59fced0d2', 'eyJhbGciOiJIUzI1NiIsInR5cCI6IkpXVCJ9.eyJkZXZpY2VJUCI6IjIwMjEyMjE1IiwiZGV2aWNlSWQiOiIzYTk2MGNhZC1kOGJkLTQxN2UtYWQxOS0xOGQ1OWZjZWQwZDIiLCJleHAiOjI3NTMxOTU4MTksImlzcyI6ImxvY2FsaG9zdDo5MDAwIiwiYXVkIjoibG9jYWxob3N0OjkwMDAifQ.IUDLmeC6XCm8FzSE-kiAAIq3gbxVPJpAwrs2s0lAAdE', '2021-03-30 09:36:59'),
('4068414a-3d38-4002-b6d4-64dc3dbf9524', '3a960cad-d8bd-417e-ad19-18d59fced0d2', 'eyJhbGciOiJIUzI1NiIsInR5cCI6IkpXVCJ9.eyJkZXZpY2VJUCI6IjIwMjEyMjE1IiwiZGV2aWNlSWQiOiIzYTk2MGNhZC1kOGJkLTQxN2UtYWQxOS0xOGQ1OWZjZWQwZDIiLCJleHAiOjI3NTMyNjUwMzQsImlzcyI6ImxvY2FsaG9zdDo5MDAwIiwiYXVkIjoibG9jYWxob3N0OjkwMDAifQ.zc1ta9IHou6PXagkCUEmOXEXq0EDybykc-E511CI0t0', '2021-03-31 04:50:34'),
('4437c476-a12d-44d4-9c4f-1106584a71d8', '3a960cad-d8bd-417e-ad19-18d59fced0d2', 'eyJhbGciOiJIUzI1NiIsInR5cCI6IkpXVCJ9.eyJkZXZpY2VJUCI6IjIwMjEyMjE1IiwiZGV2aWNlSWQiOiIzYTk2MGNhZC1kOGJkLTQxN2UtYWQxOS0xOGQ1OWZjZWQwZDIiLCJleHAiOjI3NTMyNjMwMzIsImlzcyI6ImxvY2FsaG9zdDo5MDAwIiwiYXVkIjoibG9jYWxob3N0OjkwMDAifQ.2Z49a8izE2v0taBVVjac7eWDtKp4Da95FLvQwQEJMEU', '2021-03-31 04:17:12'),
('4f829c65-dc5c-49b0-aa85-4ef627300e05', '46eec614-cfb9-459f-ae09-5d05b2bb30af', 'eyJhbGciOiJIUzI1NiIsInR5cCI6IkpXVCJ9.eyJkZXZpY2VJUCI6IjIwLjIxLjIyLjE0IiwiZGV2aWNlSWQiOiI0NmVlYzYxNC1jZmI5LTQ1OWYtYWUwOS01ZDA1YjJiYjMwYWYiLCJleHAiOjI3NTMxNzgxNzcsImlzcyI6ImxvY2FsaG9zdDo5MDAwIiwiYXVkIjoibG9jYWxob3N0OjkwMDAifQ.2tmck8EyywAOHL_sgfIkaLFIsDCqDl8MmzjNMjDDv24', '2021-03-30 04:42:57'),
('54a50484-0d23-40aa-ac9d-873dd4bef0b7', '46eec614-cfb9-459f-ae09-5d05b2bb30af', 'eyJhbGciOiJIUzI1NiIsInR5cCI6IkpXVCJ9.eyJkZXZpY2VJUCI6IjIwLjIxLjIyLjE0IiwiZGV2aWNlSWQiOiI0NmVlYzYxNC1jZmI5LTQ1OWYtYWUwOS01ZDA1YjJiYjMwYWYiLCJleHAiOjI3NTMxODg5OTIsImlzcyI6ImxvY2FsaG9zdDo5MDAwIiwiYXVkIjoibG9jYWxob3N0OjkwMDAifQ.xS1Nidqe0CIYQV20-f6DktKkXbBSL0hQSFeUbgiGElc', '2021-03-30 07:43:12'),
('6c1f324e-dc64-487f-b1a6-452d38984802', '46eec614-cfb9-459f-ae09-5d05b2bb30af', 'eyJhbGciOiJIUzI1NiIsInR5cCI6IkpXVCJ9.eyJkZXZpY2VJUCI6IjIwLjIxLjIyLjE0IiwiZGV2aWNlSWQiOiI0NmVlYzYxNC1jZmI5LTQ1OWYtYWUwOS01ZDA1YjJiYjMwYWYiLCJleHAiOjI3NTMxODgxNTYsImlzcyI6ImxvY2FsaG9zdDo5MDAwIiwiYXVkIjoibG9jYWxob3N0OjkwMDAifQ.icaGU2thFF5xRHEYJDH_IBR8JtjDIWH9kQn8T_rIK3w', '2021-03-30 07:29:16'),
('6c8b45ed-1264-46d6-925d-2e34b03c6fae', '3a960cad-d8bd-417e-ad19-18d59fced0d2', 'eyJhbGciOiJIUzI1NiIsInR5cCI6IkpXVCJ9.eyJkZXZpY2VJUCI6IjIwMjEyMjE1IiwiZGV2aWNlSWQiOiIzYTk2MGNhZC1kOGJkLTQxN2UtYWQxOS0xOGQ1OWZjZWQwZDIiLCJleHAiOjI3NTMyNjQyMDIsImlzcyI6ImxvY2FsaG9zdDo5MDAwIiwiYXVkIjoibG9jYWxob3N0OjkwMDAifQ.6wliTNgdeLRlXtlKcbBKUWce5kE78eWpUZnDDSdR-Nc', '2021-03-31 04:36:42'),
('70e202ea-2fde-4692-98da-129b715f388c', '886d1979-6332-40c7-b269-ab872cb59ed7', 'eyJhbGciOiJIUzI1NiIsInR5cCI6IkpXVCJ9.eyJkZXZpY2VJUCI6IjIwLjIxLjIyLjEzIiwiZGV2aWNlSWQiOiI4ODZkMTk3OS02MzMyLTQwYzctYjI2OS1hYjg3MmNiNTllZDciLCJleHAiOjI3NTMxOTczNDMsImlzcyI6ImxvY2FsaG9zdDo5MDAwIiwiYXVkIjoibG9jYWxob3N0OjkwMDAifQ.u9A-64wU_frcU22yTabJlUixwwDbuYQtSS5FH3MQmi4', '2021-03-30 10:02:23'),
('c771ab47-2944-41eb-9554-91eaa086c6e1', '886d1979-6332-40c7-b269-ab872cb59ed7', 'eyJhbGciOiJIUzI1NiIsInR5cCI6IkpXVCJ9.eyJkZXZpY2VJUCI6IjIwLjIxLjIyLjEzIiwiZGV2aWNlSWQiOiI4ODZkMTk3OS02MzMyLTQwYzctYjI2OS1hYjg3MmNiNTllZDciLCJleHAiOjI3NTMyNzYyMjYsImlzcyI6ImxvY2FsaG9zdDo5MDAwIiwiYXVkIjoibG9jYWxob3N0OjkwMDAifQ.GZYrn4_kVb0g7AhHJoHVHsHI8X-hbGWu2Sr29Wc3rb4', '2021-03-31 07:57:06'),
('cba5989d-0477-49c9-807e-0e0ab4ee717c', '96a0acfb-3f92-4e17-bb0f-5c04910cb695', 'eyJhbGciOiJIUzI1NiIsInR5cCI6IkpXVCJ9.eyJkZXZpY2VJUCI6IjEuMS4xLjEiLCJkZXZpY2VJZCI6Ijk2YTBhY2ZiLTNmOTItNGUxNy1iYjBmLTVjMDQ5MTBjYjY5NSIsImV4cCI6Mjc1MzI3NjQwMiwiaXNzIjoibG9jYWxob3N0OjkwMDAiLCJhdWQiOiJsb2NhbGhvc3Q6OTAwMCJ9.EjfvTfkmvm2f1L5uNggJLSOfLYATjoL21dOd0ie882M', '2021-03-31 08:00:02'),
('cbd198eb-5d7a-4791-a6dd-94c190163358', '3a960cad-d8bd-417e-ad19-18d59fced0d2', 'eyJhbGciOiJIUzI1NiIsInR5cCI6IkpXVCJ9.eyJkZXZpY2VJUCI6IjIwMjEyMjE1IiwiZGV2aWNlSWQiOiIzYTk2MGNhZC1kOGJkLTQxN2UtYWQxOS0xOGQ1OWZjZWQwZDIiLCJleHAiOjI3NTMyNjY4NTksImlzcyI6ImxvY2FsaG9zdDo5MDAwIiwiYXVkIjoibG9jYWxob3N0OjkwMDAifQ.bqt8dyeU38xUZ7j_WhBZFFMe7NdSX5TZqhv6hYN7LJs', '2021-03-31 05:20:59'),
('d5bd58d1-2485-4f87-9ea8-42580039243b', '46eec614-cfb9-459f-ae09-5d05b2bb30af', 'eyJhbGciOiJIUzI1NiIsInR5cCI6IkpXVCJ9.eyJkZXZpY2VJUCI6IjIwLjIxLjIyLjE0IiwiZGV2aWNlSWQiOiI0NmVlYzYxNC1jZmI5LTQ1OWYtYWUwOS01ZDA1YjJiYjMwYWYiLCJleHAiOjI3NTMxODc5NzgsImlzcyI6ImxvY2FsaG9zdDo5MDAwIiwiYXVkIjoibG9jYWxob3N0OjkwMDAifQ.t8RVMOhL8R4vGycgdQA6PAGL7RNZSxxuB-BKYJnPqsw', '2021-03-30 07:26:18'),
('dcd01daf-4b7d-4869-b4d0-cd0f3505a5d9', '46eec614-cfb9-459f-ae09-5d05b2bb30af', 'eyJhbGciOiJIUzI1NiIsInR5cCI6IkpXVCJ9.eyJkZXZpY2VJUCI6IjIwLjIxLjIyLjE0IiwiZGV2aWNlSWQiOiI0NmVlYzYxNC1jZmI5LTQ1OWYtYWUwOS01ZDA1YjJiYjMwYWYiLCJleHAiOjI3NTMxNzgzNjMsImlzcyI6ImxvY2FsaG9zdDo5MDAwIiwiYXVkIjoibG9jYWxob3N0OjkwMDAifQ._U2uwFEtWidVPEaPfgZHAGKQ69sf1wv-sfDRo0afMnk', '2021-03-30 04:46:03'),
('de005cc9-3dc2-409f-9164-8283947ae091', '886d1979-6332-40c7-b269-ab872cb59ed7', 'eyJhbGciOiJIUzI1NiIsInR5cCI6IkpXVCJ9.eyJkZXZpY2VJUCI6IjIwLjIxLjIyLjEzIiwiZGV2aWNlSWQiOiI4ODZkMTk3OS02MzMyLTQwYzctYjI2OS1hYjg3MmNiNTllZDciLCJleHAiOjI3NTMxOTczNjUsImlzcyI6ImxvY2FsaG9zdDo5MDAwIiwiYXVkIjoibG9jYWxob3N0OjkwMDAifQ.jbwIk7GthTByeOottETyXSq0h5aBAu6MvyaaaFJN3zo', '2021-03-30 10:02:45');

-- --------------------------------------------------------

--
-- Cấu trúc bảng cho bảng `mtc_device_type`
--

CREATE TABLE `mtc_device_type` (
  `type_id` varchar(255) CHARACTER SET utf8 NOT NULL,
  `type_name` varchar(100) CHARACTER SET utf8 NOT NULL,
  `type_icon` varchar(100) CHARACTER SET utf8 DEFAULT NULL,
  `type_comment` text CHARACTER SET utf8 DEFAULT NULL,
  `created_at` timestamp NOT NULL DEFAULT current_timestamp(),
  `playlist_default` int(11) DEFAULT NULL,
  `type_status` int(11) NOT NULL DEFAULT 1,
  `updated_at` timestamp NOT NULL DEFAULT current_timestamp()
) ENGINE=InnoDB DEFAULT CHARSET=utf8 COLLATE=utf8_unicode_ci;

--
-- Đang đổ dữ liệu cho bảng `mtc_device_type`
--

INSERT INTO `mtc_device_type` (`type_id`, `type_name`, `type_icon`, `type_comment`, `created_at`, `playlist_default`, `type_status`, `updated_at`) VALUES
('1', 'Default', 'deviceTypes/447148993_icon_video.jpg', 'Default comment', '2019-11-26 04:29:57', NULL, 1, '2019-11-26 04:29:57'),
('5', 'thien.tran update', 'deviceTypes/385842211_5PerfectEyebrowShapesForHeartShapedFace1.jpg', 'thien.tran update', '2021-02-25 03:10:54', NULL, 1, '2021-02-25 03:10:55');

-- --------------------------------------------------------

--
-- Cấu trúc bảng cho bảng `mtc_group_tbl`
--

CREATE TABLE `mtc_group_tbl` (
  `group_id` varchar(255) COLLATE utf8_unicode_ci NOT NULL,
  `group_code` varchar(255) COLLATE utf8_unicode_ci NOT NULL,
  `group_name` varchar(255) CHARACTER SET utf8mb4 NOT NULL,
  `group_image` text COLLATE utf8_unicode_ci DEFAULT NULL,
  `user_id` varchar(255) COLLATE utf8_unicode_ci DEFAULT NULL,
  `group_status` int(11) NOT NULL COMMENT '0: active |1: unactive | 2 : \r\nexpired',
  `group_expired` datetime DEFAULT NULL,
  `group_created` datetime NOT NULL
) ENGINE=InnoDB DEFAULT CHARSET=utf8 COLLATE=utf8_unicode_ci ROW_FORMAT=COMPACT;

--
-- Đang đổ dữ liệu cho bảng `mtc_group_tbl`
--

INSERT INTO `mtc_group_tbl` (`group_id`, `group_code`, `group_name`, `group_image`, `user_id`, `group_status`, `group_expired`, `group_created`) VALUES
('17262ec1-424c-46bb-90d1-8e29aae2c20f', 'Alta-Software', 'Alta Software', NULL, NULL, 1, '2025-03-21 01:12:26', '2021-03-26 05:07:04'),
('7072788d-9a0e-4015-b4b2-561b441d9150', '[APP-TEST]NOTDELETE', '[APP-TEST]  Not delete', NULL, NULL, 1, NULL, '2021-03-26 08:34:44'),
('a439e586-4aaa-4c00-857d-c9e0b760646d', '[FE]_TEST', '[ FE ] TEST', NULL, NULL, 1, NULL, '2021-03-26 06:26:56'),
('ecdedbc1-5b92-4b41-9931-0f2fed9e94ca', 'HuyTest', 'HuyTest', NULL, NULL, 1, NULL, '2021-03-26 10:39:53'),
('f3665013-4d9a-4e31-a149-640f7bf3dc0c', 'THEM_IMAGE', 'TEST THÊM IMAGE', 'http://localhost:9000/groups/1098330382_154736701_746901296228379_8993485017380620450_o.jpg', NULL, 1, NULL, '2021-03-29 06:46:48');

-- --------------------------------------------------------

--
-- Cấu trúc bảng cho bảng `mtc_media_group`
--

CREATE TABLE `mtc_media_group` (
  `media_group_id` varchar(255) COLLATE utf8_unicode_ci NOT NULL,
  `group_id` varchar(255) COLLATE utf8_unicode_ci NOT NULL,
  `media_id` varchar(255) COLLATE utf8_unicode_ci NOT NULL,
  `media_group_created_at` datetime NOT NULL,
  `media_group_updated_at` datetime NOT NULL
) ENGINE=InnoDB DEFAULT CHARSET=utf8 COLLATE=utf8_unicode_ci;

--
-- Đang đổ dữ liệu cho bảng `mtc_media_group`
--

INSERT INTO `mtc_media_group` (`media_group_id`, `group_id`, `media_id`, `media_group_created_at`, `media_group_updated_at`) VALUES
('194887f0-119b-4d58-ac44-2f0859e7e7f5', '17262ec1-424c-46bb-90d1-8e29aae2c20f', '8ccd0403-3085-4c4e-9b57-fa8c55d4aedb', '2021-03-31 04:41:40', '2021-03-31 04:41:40'),
('4710c622-a371-4e79-82e7-c5bb74a7dc06', '17262ec1-424c-46bb-90d1-8e29aae2c20f', 'e2ef52b7-5b07-415b-8589-375fa25e14aa', '2021-03-31 04:53:12', '2021-03-31 04:53:12'),
('50ef3821-cea0-4287-9b45-0bb46256c415', '7072788d-9a0e-4015-b4b2-561b441d9150', '699585ee-343b-4a3b-93ec-85d6bc7ca476', '2021-03-26 08:39:34', '2021-03-26 08:39:34'),
('63ba48d9-3c83-49dd-b9cd-edafb39d6140', '17262ec1-424c-46bb-90d1-8e29aae2c20f', '387cdbee-90e2-4a8e-a806-d73126181a3a', '2021-03-29 05:24:29', '2021-03-29 05:24:29'),
('7004233c-e4a1-4c1f-ab8e-514d85a1ecb0', '17262ec1-424c-46bb-90d1-8e29aae2c20f', '1ab38493-7e15-449d-9b19-7ad5bee0c402', '2021-03-31 04:23:02', '2021-03-31 04:23:02'),
('722abf66-d015-43ee-ac16-33712440d106', '17262ec1-424c-46bb-90d1-8e29aae2c20f', '44003681-cee4-4148-b470-731b3e02ff43', '2021-03-31 05:04:53', '2021-03-31 05:04:53'),
('7a4558ec-46ad-4b57-91df-e4aaeb82c6f4', 'a439e586-4aaa-4c00-857d-c9e0b760646d', '4ece4b1f-0658-49b5-ac65-a14473118825', '2021-03-26 07:34:11', '2021-03-26 07:34:11'),
('8e9cea74-f9ff-43ac-adea-b309774830e3', 'a439e586-4aaa-4c00-857d-c9e0b760646d', '387cdbee-90e2-4a8e-a806-d73126181a3a', '2021-03-29 05:24:29', '2021-03-29 05:24:29'),
('b1823c4a-de80-492b-ba41-3eb9c1897b73', '7072788d-9a0e-4015-b4b2-561b441d9150', '8cd36e29-181b-4be7-93c6-3f1f1bfdc236', '2021-03-31 07:58:48', '2021-03-31 07:58:48'),
('b29a9bdf-5cf7-4509-a074-0e6d1001814e', '7072788d-9a0e-4015-b4b2-561b441d9150', '444b10a9-0eda-44e8-80f5-b7ffd3253711', '2021-03-26 08:42:14', '2021-03-26 08:42:14'),
('bc757ce5-c6d8-40e1-92a1-ff39cb606753', '17262ec1-424c-46bb-90d1-8e29aae2c20f', 'd1c83f1c-0cd4-4fe8-af5f-30de61da414e', '2021-03-29 04:52:37', '2021-03-29 04:52:37'),
('d38c03f8-bedd-4854-99dc-ad7005ee5da8', '7072788d-9a0e-4015-b4b2-561b441d9150', 'f061a1dd-63d1-4ac1-8efe-73d9e28684a0', '2021-03-26 08:42:34', '2021-03-26 08:42:34'),
('e23e9f4c-4c29-4134-8278-770793eaf5c6', '7072788d-9a0e-4015-b4b2-561b441d9150', '6ec3f8a3-5e95-4a1f-8bda-29fa17d89d9e', '2021-03-31 03:02:30', '2021-03-31 03:02:30');

-- --------------------------------------------------------

--
-- Cấu trúc bảng cho bảng `mtc_media_tbl`
--

CREATE TABLE `mtc_media_tbl` (
  `media_id` varchar(255) COLLATE utf8_unicode_ci NOT NULL,
  `media_name` varchar(255) COLLATE utf8_unicode_ci DEFAULT NULL,
  `media_url` varchar(255) COLLATE utf8_unicode_ci NOT NULL,
  `media_url_optional` varchar(255) COLLATE utf8_unicode_ci DEFAULT NULL,
  `media_status` tinyint(2) NOT NULL DEFAULT 0,
  `media_type_id` varchar(255) COLLATE utf8_unicode_ci NOT NULL,
  `media_comment` text COLLATE utf8_unicode_ci DEFAULT NULL,
  `media_size` varchar(100) COLLATE utf8_unicode_ci DEFAULT NULL,
  `media_duration` varchar(100) COLLATE utf8_unicode_ci DEFAULT NULL,
  `media_user_id` varchar(255) COLLATE utf8_unicode_ci NOT NULL,
  `media_md5` varchar(50) COLLATE utf8_unicode_ci DEFAULT NULL,
  `created_at` timestamp NOT NULL DEFAULT current_timestamp(),
  `updated_at` timestamp NULL DEFAULT current_timestamp(),
  `media_type_code` varchar(255) COLLATE utf8_unicode_ci DEFAULT NULL,
  `media_extend` longtext COLLATE utf8_unicode_ci DEFAULT NULL
) ENGINE=InnoDB DEFAULT CHARSET=utf8 COLLATE=utf8_unicode_ci ROW_FORMAT=COMPACT;

--
-- Đang đổ dữ liệu cho bảng `mtc_media_tbl`
--

INSERT INTO `mtc_media_tbl` (`media_id`, `media_name`, `media_url`, `media_url_optional`, `media_status`, `media_type_id`, `media_comment`, `media_size`, `media_duration`, `media_user_id`, `media_md5`, `created_at`, `updated_at`, `media_type_code`, `media_extend`) VALUES
('07b7abd8-1d0d-46ea-9c7b-45b6f64cca32', 'Một Triệu Like', 'uploads/medias/2127160754_MotTrieuLikeDen6897870.mp3', 'uploads/mediasOption/190536190_lyricMtTriuLike.docx', 0, 'default', NULL, NULL, NULL, '008632fe-c279-48c1-b89e-882fdcb99e8f', '4035e25b08bbd816ff207b55fd8b3aeb', '2021-03-30 04:24:48', '2021-03-30 04:27:13', 'audio/mpeg', '{\"artist\":\"ĐEN\",\"category\":\"RAP1\",\"datePublish\":\"2021-03-08 18:24:12\",\"dateRelease\":\"2021-03-01 18:24:09\",\"lyric\":\"ĐEN\",\"mix\":\"Nguyễn Duy Anh, Võ Tấn Thịnh (AN productions)\",\"mixesRemixes\":\"Nguyễn Duy Anh, Võ Tấn Thịnh (AN productions)\",\"recorders\":\"Nguyễn Duy Anh, Võ Tấn Thịnh (AN productions)\",\"writers\":\"ĐEN\"}'),
('119d9baa-3a20-4098-9563-be47515b9856', 'Hoa Nở Không Màu', 'uploads/medias/1440636255_samurai_30.jpg', NULL, 1, 'Default', NULL, NULL, NULL, '15daba4b-8026-48e4-8fa6-07d2940e0243', 'f10e95b0f60a1bedfc026cdd9e23f6a9', '2021-03-28 22:23:36', '2021-03-29 01:57:49', 'image/jpeg', NULL),
('1ab38493-7e15-449d-9b19-7ad5bee0c402', 'test ủy quyền', 'uploads/medias/1081463458_4_CcphkinikmviGuitarNnchibngmngPickhaybngtay.mp4', NULL, 0, 'Default', NULL, NULL, NULL, '15daba4b-8026-48e4-8fa6-07d2940e0243', '7bc294341a40df32206ff53361d62f6a', '2021-03-30 21:23:01', NULL, 'video/mp4', NULL),
('27aca690-d1fe-4311-ab14-a74b58da229a', 'Video Ngắn Làm Ảnh Bìa Đẹp Và Ý Nghĩa-Phần 2', 'https://localhost:9000/uploads/medias\\210719894_y2mate.comVideoNgnLmnhBapVNghaPhn2_v720P.mp4', NULL, 1, 'Default', 'Video Ngắn Làm Ảnh Bìa Đẹp Và Ý Nghĩa-Phần 2', NULL, NULL, '223cfe4e-be4e-4607-bd42-4844f3257861', '6a9980a78e9dbc4721e9430c6c29e349', '2021-03-26 03:20:56', NULL, 'video/mp4', NULL),
('387cdbee-90e2-4a8e-a806-d73126181a3a', 'Bài này chill phết', 'uploads/medias/683024523_BaiNayChillPhetDenftMIN.mp3', NULL, 0, 'Default', NULL, NULL, NULL, 'a2c51c65-fd5c-45f2-a643-e841de5f7729', 'd721b3440cebda1069fab798aadebd41', '2021-03-28 22:24:29', NULL, 'audio/mpeg', NULL),
('44003681-cee4-4148-b470-731b3e02ff43', '[Dev-hung-not-delete] Media 002(video)', 'uploads/medias/234009286_cuong.jpg', NULL, 0, 'Default', NULL, NULL, NULL, 'bb092204-445e-47af-9bff-812537020136', 'b8a69517d805ee7a36f9dc2a6924d9eb', '2021-03-30 22:04:53', NULL, 'image/jpeg', NULL),
('444b10a9-0eda-44e8-80f5-b7ffd3253711', 'Image 1', 'uploads/medias/809111985_girlxinh600x600.jpg', NULL, 0, 'Default', NULL, NULL, NULL, 'bb092204-445e-47af-9bff-812537020136', '74296420bc02e82571a0f8ca009eacca', '2021-03-26 01:42:14', NULL, 'image/jpeg', NULL),
('4c1366d2-2ecd-4cd0-90bd-bffe061c7eae', 'TTC', 'https://www.youtube.com/watch?v=XGzneKVjN-4', NULL, 0, 'Link', 'TTC', NULL, NULL, '223cfe4e-be4e-4607-bd42-4844f3257861', NULL, '2021-03-26 05:34:44', NULL, 'link', NULL),
('4ece4b1f-0658-49b5-ac65-a14473118825', '[FE]_test', 'uploads/medias/709201203_677276.jpg', NULL, 1, 'Default', '[FE]_test', NULL, NULL, 'a2c51c65-fd5c-45f2-a643-e841de5f7729', '2229f07f6d8cd52674dc65a92c8e05a7', '2021-03-26 00:34:11', '2021-03-26 03:50:50', 'image/jpeg', NULL),
('5b2a8f1c-944a-4372-ab8f-83bad87e9a7b', ' ANH NHÀ Ở ĐÂU THẾ', 'uploads/medias/1831177625_17.jpg', NULL, 0, 'Default', 'https://mp3.zing.vn/bai-hat/Anh-Nha-O...​\n\n#ANODT​ #AMEE​ #BRAY​\n#dreAMEE​ #SpringAMEE​ #AnhNhaODauThe​\n#MV​ #MUSIC', NULL, NULL, '15daba4b-8026-48e4-8fa6-07d2940e0243', '9323642955fabaea8b91f86f34da64b3', '2021-03-29 01:59:39', NULL, 'image/jpeg', NULL),
('629d5a56-ffca-4940-a836-8733081d1221', 'ádfasdf', 'uploads/medias/1945092305_84152689_1028836904155213_5658492929988100096_o.jpg', 'uploads/mediasOption/703626344_84152689_1028836904155213_5658492929988100096_o.jpg', 0, 'Default', NULL, NULL, NULL, '15daba4b-8026-48e4-8fa6-07d2940e0243', 'a3e44dddea1cc0407fef86f9d25e74f8', '2021-03-29 06:25:20', NULL, 'image/jpeg', NULL),
('699585ee-343b-4a3b-93ec-85d6bc7ca476', 'Video 1', 'uploads/medias/1794037042_samplemp4file.mp4', NULL, 0, 'Default', NULL, NULL, NULL, 'bb092204-445e-47af-9bff-812537020136', '5021b3b7c402468d5b018a8b4a2b448a', '2021-03-26 01:39:33', NULL, 'video/mp4', NULL),
('6b8f057f-4f6f-4b9b-b290-02bee78abc65', '[FE] TEST DEV CÔNG', 'uploads/medias/1081832700_bandicam20210312144343576.mp4', NULL, 0, 'default', NULL, NULL, NULL, '008632fe-c279-48c1-b89e-882fdcb99e8f', '7efc44be963a4e8571664d85ef610acf', '2021-03-30 20:46:18', NULL, 'video/mp4', '{}'),
('6ec3f8a3-5e95-4a1f-8bda-29fa17d89d9e', 'Hung test1', 'uploads/medias/1447154948_cuong.jpg', NULL, 0, 'Default', NULL, NULL, NULL, 'bb092204-445e-47af-9bff-812537020136', 'b8a69517d805ee7a36f9dc2a6924d9eb', '2021-03-30 19:56:03', '2021-03-30 20:02:30', 'image/jpeg', NULL),
('7729c9a9-3f35-4698-8b9d-29d973ea0b15', 'Test2', 'uploads/medias/786871481_Screenshot_1.png', NULL, 0, 'Default', NULL, NULL, NULL, '64a993db-8dbc-4995-9259-aacb6a138b28', 'b1d683d76f8f0f35d66fb6d3451858f8', '2021-03-31 00:51:33', NULL, 'image/png', NULL),
('8ccd0403-3085-4c4e-9b57-fa8c55d4aedb', 'test ủy quyền 01', 'uploads/medias/430476327_thongtintieusuhohoaianh2.jpg', NULL, 1, 'Default', NULL, NULL, NULL, '15daba4b-8026-48e4-8fa6-07d2940e0243', 'c948cbfea3808501b379e97d8bddd63d', '2021-03-30 21:32:51', '2021-03-30 21:41:40', 'image/jpeg', NULL),
('8cd36e29-181b-4be7-93c6-3f1f1bfdc236', 'Video 2', 'uploads/medias/68578283_file_example_MP4_1920_18MG.mp4', NULL, 0, 'Default', NULL, NULL, NULL, 'bb092204-445e-47af-9bff-812537020136', 'd7a3decdb6280eb0ef3a059ac35ea0ee', '2021-03-26 01:39:52', '2021-03-31 00:58:48', 'video/mp4', NULL),
('8fd93ca2-62e3-4ccf-8a12-a6790435ceb8', 'Test', 'uploads/medias/1929906541_Screenshot_1.png', NULL, 0, 'Default', NULL, NULL, NULL, '64a993db-8dbc-4995-9259-aacb6a138b28', 'b1d683d76f8f0f35d66fb6d3451858f8', '2021-03-31 00:51:25', NULL, 'image/png', NULL),
('9e9c4531-be9d-477c-bcbe-167040ae496b', 'sfsdfe3w', 'uploads/medias/2001573403_84152689_1028836904155213_5658492929988100096_o.jpg', 'uploads/mediasOption/2027605886_84152689_1028836904155213_5658492929988100096_o.jpg', 0, 'Default', NULL, NULL, NULL, '15daba4b-8026-48e4-8fa6-07d2940e0243', 'a3e44dddea1cc0407fef86f9d25e74f8', '2021-03-29 09:08:46', NULL, 'image/jpeg', NULL),
('a4b2df04-b45c-453f-aed2-625979b3e764', 'Image 2', 'uploads/medias/519727321_anhgaixinh2000dethuong.jpg', NULL, 0, 'Default', NULL, NULL, NULL, 'bb092204-445e-47af-9bff-812537020136', '93d699758916cda043bace76435b72f9', '2021-03-26 01:42:22', NULL, 'image/jpeg', NULL),
('b06972b7-c00e-4e72-9723-e3a0a6dd280d', 'DA NANG CITY', 'uploads/medias/1718985387_Screenshot_4.png', NULL, 0, 'Default', 'tesst khoong share', NULL, NULL, 'a2c51c65-fd5c-45f2-a643-e841de5f7729', 'a12b43bb74e21ace01481b2d05081e46', '2021-03-26 03:29:16', NULL, 'image/png', NULL),
('b73e8ad6-a790-4a5e-b6e4-2457fec893ef', 'asdfasdf', 'uploads/medias/1260238932_84152689_1028836904155213_5658492929988100096_o.jpg', NULL, 0, 'Default', NULL, NULL, NULL, '15daba4b-8026-48e4-8fa6-07d2940e0243', 'a3e44dddea1cc0407fef86f9d25e74f8', '2021-03-28 22:08:46', NULL, 'image/jpeg', NULL),
('c40a1f41-2f3b-444d-a72d-ef401da490a5', 'Gặp Rồi Đi Mất', 'uploads/medias/1026127090_GapNhungKhongOLaiKNVVinahouseRemixCoverUyenPu6940724.mp3', 'uploads/mediasOption/1912987305_LoiBaiHat.docx', 0, 'default', NULL, NULL, NULL, '008632fe-c279-48c1-b89e-882fdcb99e8f', '42d1a1f17f6e52f473f3929da644c9a3', '2021-03-30 03:01:09', NULL, 'audio/mpeg', '{\"artist\":\"HH\",\"category\":\"remix\",\"datePublish\":\"2020-12-08 00:00:00\",\"dateRelease\":\"2020-12-08 00:00:00\",\"lyric\":\"Anh Tú Vương \",\"mix\":\"Anh Tú Vương \",\"mixesRemixes\":\"Ngọc Lệ\",\"recorders\":\"Anh Tú Vương \",\"writers\":\"Anh Tú Vương \"}'),
('d1c83f1c-0cd4-4fe8-af5f-30de61da414e', 'Đừng Yêu Em Nữa Em Mệt Rồi', 'uploads/medias/1490445065_cat_2.jpg', NULL, 1, 'Default', 'Link Mv gốc: MIN - ĐỪNG YÊU NỮA, EM MỆT RỒI\nhttps://www.youtube.com/watch?v=2sIC1sh-yc0&ab_channel=MINOFFICIAL', NULL, NULL, 'a2c51c65-fd5c-45f2-a643-e841de5f7729', '4b790f14e69a785bd3f958a51c4a5921', '2021-03-28 21:52:36', NULL, 'image/jpeg', NULL),
('e2ef52b7-5b07-415b-8589-375fa25e14aa', 'test ủy quyền 003', 'uploads/medias/1509478301_photo515262830956361308060680.jpg', NULL, 1, 'Default', NULL, NULL, NULL, '15daba4b-8026-48e4-8fa6-07d2940e0243', '62094bf021b805660eec8dacac0f5037', '2021-03-30 21:52:52', '2021-03-30 21:53:12', 'image/jpeg', NULL),
('e909ed30-757e-4aca-8c82-88cccdf827f7', 'Gặp Rồi Không Ở Lại', 'uploads/medias/933627715_GapNhungKhongOLaiKNVVinahouseRemixCoverUyenPu6940724.mp3', 'uploads/mediasOption/1379856057_LoiBaiHat.docx', 0, 'default', NULL, NULL, NULL, '008632fe-c279-48c1-b89e-882fdcb99e8f', '42d1a1f17f6e52f473f3929da644c9a3', '2021-03-30 02:58:04', NULL, 'audio/mpeg', '{\"artist\":\"HHH\",\"category\":\"V-pop\",\"datePublish\":\"2020-12-08 00:00:00\",\"dateRelease\":\"2020-12-08 00:00:00\",\"lyric\":\"Vương A Tú\",\"mix\":\"Vương A Tú\",\"mixesRemixes\":\"Vương A Tú\",\"writers\":\"Vương A Tú\"}'),
('ed45a3ba-16b6-45af-af2e-dcee99e32b85', 'Hoa Nở Bay Màu', 'uploads/medias/86899321_HoaNoKhongMauBDRemixHoaiLam6330613.mp3', 'uploads/mediasOption/2050436836_HoaNoBayMau.docx', 0, 'default', NULL, NULL, NULL, '008632fe-c279-48c1-b89e-882fdcb99e8f', '1a4daa06649c5592185f90ee23d5d5d3', '2021-03-30 03:07:11', NULL, 'audio/mpeg', '{\"artist\":\"Hoài Lâm Tâm\",\"category\":\"V-pop\",\"datePublish\":\"2020-06-26 00:00:00\",\"dateRelease\":\"2020-06-26 00:00:00\",\"lyric\":\"Nguyễn Minh Cường\",\"mix\":\"Trần Việt Dương \",\"mixesRemixes\":\"Trần Việt Dương \",\"recorders\":\"Nguyễn Minh Cường\",\"writers\":\"Nguyễn Minh Cường\"}'),
('f061a1dd-63d1-4ac1-8efe-73d9e28684a0', 'MP3 1', 'uploads/medias/210388836_file_example_MP3_5MG.mp3', NULL, 0, 'Default', NULL, NULL, NULL, 'bb092204-445e-47af-9bff-812537020136', '2688ed914ed6315229fb89e1e916cdee', '2021-03-26 01:42:34', NULL, 'audio/mpeg', NULL),
('fcb215c9-aaed-4920-9ea4-a1e647559b56', 'sfsdfe3w', 'uploads/medias/1445769315_84152689_1028836904155213_5658492929988100096_o.jpg', 'uploads/mediasOption/2094472420_84152689_1028836904155213_5658492929988100096_o.jpg', 0, 'Default', NULL, NULL, NULL, '15daba4b-8026-48e4-8fa6-07d2940e0243', 'a3e44dddea1cc0407fef86f9d25e74f8', '2021-03-29 09:08:46', NULL, 'image/jpeg', NULL);

-- --------------------------------------------------------

--
-- Cấu trúc bảng cho bảng `mtc_media_type_tbl`
--

CREATE TABLE `mtc_media_type_tbl` (
  `type_id` varchar(255) COLLATE utf8_unicode_ci NOT NULL,
  `type_name` varchar(100) COLLATE utf8_unicode_ci NOT NULL,
  `type_code` varchar(5) COLLATE utf8_unicode_ci NOT NULL,
  `type_icon` varchar(256) COLLATE utf8_unicode_ci DEFAULT NULL,
  `type_comment` text COLLATE utf8_unicode_ci DEFAULT NULL,
  `created_at` timestamp NOT NULL DEFAULT current_timestamp() ON UPDATE current_timestamp(),
  `type_status` int(11) NOT NULL DEFAULT 1,
  `updated_at` timestamp NULL DEFAULT NULL
) ENGINE=InnoDB DEFAULT CHARSET=utf8 COLLATE=utf8_unicode_ci ROW_FORMAT=COMPACT;

--
-- Đang đổ dữ liệu cho bảng `mtc_media_type_tbl`
--

INSERT INTO `mtc_media_type_tbl` (`type_id`, `type_name`, `type_code`, `type_icon`, `type_comment`, `created_at`, `type_status`, `updated_at`) VALUES
('Default', 'Default', 'S8NQ4', 'uploads/icons/1926947848_icon_video.jpg', 'Default', '2019-11-26 05:43:54', 1, NULL),
('Link', 'Link', 'S8NQ4', 'uploads/icons/1926947848_icon_video.jpg', 'Link', '2019-11-26 05:43:54', 1, NULL);

--
-- Bẫy `mtc_media_type_tbl`
--
DELIMITER $$
CREATE TRIGGER `tg_delete_media_type_default` BEFORE DELETE ON `mtc_media_type_tbl` FOR EACH ROW BEGIN
	IF old.type_id = 'Default' THEN
    	signal sqlstate '45000'  SET MESSAGE_TEXT = "Default media type cannot be deleted";
    END IF;

END
$$
DELIMITER ;

-- --------------------------------------------------------

--
-- Cấu trúc bảng cho bảng `mtc_permission`
--

CREATE TABLE `mtc_permission` (
  `permission_code` varchar(255) COLLATE utf8_unicode_ci NOT NULL,
  `permission_name` varchar(255) COLLATE utf8_unicode_ci NOT NULL,
  `module_name` varchar(100) COLLATE utf8_unicode_ci DEFAULT NULL,
  `permission_level` int(11) NOT NULL COMMENT '0 = user, 1 = superAdmin, 2 = admin',
  `created_at` timestamp NOT NULL DEFAULT current_timestamp()
) ENGINE=InnoDB DEFAULT CHARSET=utf8 COLLATE=utf8_unicode_ci ROW_FORMAT=COMPACT;

--
-- Đang đổ dữ liệu cho bảng `mtc_permission`
--

INSERT INTO `mtc_permission` (`permission_code`, `permission_name`, `module_name`, `permission_level`, `created_at`) VALUES
('DEVICE_CREATE', 'Create device', 'Device', 0, '2021-03-05 07:26:29'),
('DEVICE_DELETE', 'Delete device', 'Device', 0, '2020-05-05 08:36:17'),
('DEVICE_SHOW', 'Show device', 'Device', 0, '2021-03-05 07:26:47'),
('DEVICE_UPDATE', 'Update device', 'Device', 0, '2020-05-05 08:35:38'),
('MEDIA_APPROVE', 'Approve media', 'Media', 0, '2021-03-26 04:22:44'),
('MEDIA_CREATE', 'Create media', 'Media', 0, '2021-03-05 07:26:29'),
('MEDIA_DELETE', 'Delete media', 'Media', 0, '2020-05-05 08:36:17'),
('MEDIA_SHARE', 'Share media', 'Media', 0, '2020-05-05 08:32:39'),
('MEDIA_UPDATE', 'Update media', 'Media', 0, '2020-05-05 08:36:04'),
('PLAYLIST_CREATE', 'Create playlist', 'Playlist', 0, '2021-03-05 07:26:29'),
('PLAYLIST_DELETE', 'Delete playlist', 'Playlist', 0, '2020-05-05 08:36:17'),
('PLAYLIST_UPDATE', 'Update playlist', 'Playlist', 0, '2020-05-05 08:35:38'),
('ROLE_CREATE', 'Create role', 'Role', 0, '2021-03-26 03:58:13'),
('ROLE_DELETE', 'Delete role', 'Role', 0, '2021-03-26 03:58:13'),
('ROLE_SHOW', 'Show role', 'Role', 0, '2021-03-26 03:58:13'),
('ROLE_UPDATE', 'Update role', 'Role', 0, '2021-03-26 03:58:13'),
('SCH_CREATE', 'Create schedule', 'Schedule', 0, '2021-03-05 07:26:29'),
('SCH_DELETE', 'Delete schedule', 'Schedule', 0, '2020-05-05 08:36:17'),
('SCH_SHOW', 'Show schedule', 'Schedule', 0, '2021-03-05 07:26:47'),
('SCH_UPDATE', 'Update schedule', 'Schedule', 0, '2020-05-05 08:35:38'),
('SP_DEVICE_CREATE', 'Create device', 'Device', 1, '2021-03-05 07:26:29'),
('SP_DEVICE_DELETE', 'Delete device', 'Device', 1, '2020-05-05 08:36:17'),
('SP_DEVICE_SHOW', 'Show device', 'Device', 1, '2021-03-05 07:26:47'),
('SP_DEVICE_UPDATE', 'Update device', 'Device', 1, '2020-05-05 08:35:38'),
('SP_GROUP_CREATE', 'Create group', 'Group', 1, '2021-03-05 07:26:29'),
('SP_GROUP_DELETE', 'Delete group', 'Group', 1, '2020-05-05 08:36:17'),
('SP_GROUP_SHOW', 'Show group', 'Group', 1, '2021-03-05 07:26:47'),
('SP_GROUP_UPDATE', 'Update group', 'Group', 1, '2020-05-05 08:35:38'),
('SP_ROLE_CREATE', 'Create role', 'Role', 1, '2021-03-26 03:58:13'),
('SP_ROLE_DELETE', 'Delete role', 'Role', 1, '2021-03-26 03:58:13'),
('SP_ROLE_SHOW', 'Show role', 'Role', 1, '2021-03-26 03:58:13'),
('SP_ROLE_UPDATE', 'Update role', 'Role', 1, '2021-03-26 03:58:13'),
('SP_USER_CREATE', 'Create user', 'User', 1, '2020-05-05 08:32:15'),
('SP_USER_DELETE', 'Delete user', 'User', 1, '2020-05-05 08:32:53'),
('SP_USER_SHOW', 'Show user', 'User', 1, '2020-05-05 08:34:58'),
('SP_USER_UPDATE', 'Update user', 'User', 1, '2020-05-05 08:32:39'),
('TEMPLATE_CREATE', 'Create template', 'Template', 0, '2021-03-05 07:26:29'),
('TEMPLATE_DELETE', 'Delete template', 'Template', 0, '2020-05-05 08:36:17'),
('TEMPLATE_SHARE', 'Share template', 'Template', 0, '2021-03-05 07:26:47'),
('TEMPLATE_SHOW', 'Show template', 'Template', 0, '2021-03-05 07:26:47'),
('TEMPLATE_UPDATE', 'Update template', 'Template', 0, '2020-05-05 08:35:38'),
('USER_CREATE', 'Create user', 'User', 0, '2020-05-05 08:32:15'),
('USER_DELETE', 'Delete user', 'User', 0, '2020-05-05 08:32:53'),
('USER_SHOW', 'View user', 'User', 0, '2020-05-05 08:34:58'),
('USER_UPDATE', 'Update user', 'User', 0, '2020-05-05 08:32:39');

-- --------------------------------------------------------

--
-- Cấu trúc bảng cho bảng `mtc_playlist`
--

CREATE TABLE `mtc_playlist` (
  `playlist_id` varchar(255) COLLATE utf8_unicode_ci NOT NULL,
  `playlist_name` varchar(100) CHARACTER SET utf8 NOT NULL,
  `user_id` varchar(255) COLLATE utf8_unicode_ci NOT NULL,
  `playlist_comment` text CHARACTER SET utf8 DEFAULT NULL,
  `playlist_assign_user_id` varchar(255) COLLATE utf8_unicode_ci DEFAULT NULL,
  `created_at` timestamp NOT NULL DEFAULT current_timestamp(),
  `playlist_loop` tinyint(4) NOT NULL DEFAULT 0,
  `playlist_status` tinyint(2) NOT NULL DEFAULT 2,
  `updated_at` date DEFAULT NULL
) ENGINE=InnoDB DEFAULT CHARSET=utf8 COLLATE=utf8_unicode_ci;

--
-- Đang đổ dữ liệu cho bảng `mtc_playlist`
--

INSERT INTO `mtc_playlist` (`playlist_id`, `playlist_name`, `user_id`, `playlist_comment`, `playlist_assign_user_id`, `created_at`, `playlist_loop`, `playlist_status`, `updated_at`) VALUES
('3eabfc9e-501a-4e51-8db8-30e70f6d2a80', 'Playlist test Giang 2', 'f55d37fa-51dd-4ea6-b70c-6065410de2b3', NULL, 'f55d37fa-51dd-4ea6-b70c-6065410de2b3', '2021-03-30 21:18:10', 1, 0, NULL),
('457e6fe4-1410-4985-adad-eaaeb74486b5', 'thien.test', '223cfe4e-be4e-4607-bd42-4844f3257861', 'thien.test', NULL, '2021-03-31 00:49:54', 0, 0, NULL),
('66a5de92-2188-4916-a5bd-13eb6b3e4ce7', 'Playlist 2', 'bb092204-445e-47af-9bff-812537020136', '', 'bb092204-445e-47af-9bff-812537020136', '2021-03-30 01:20:30', 1, 2, NULL),
('7710f956-2ac8-403c-a04e-b9de63bf71fb', 'BL ABC', '223cfe4e-be4e-4607-bd42-4844f3257861', 'string', '', '2021-03-26 06:07:27', 1, 1, NULL),
('8695ccd6-9a72-49f5-833e-90204c5f7a27', 'cxvxcv', '008632fe-c279-48c1-b89e-882fdcb99e8f', 'xcvxcv', '223cfe4e-be4e-4607-bd42-4844f3257861', '2021-03-30 20:48:00', 0, 0, NULL),
('9c4c7620-68fd-4338-8eb4-b8618d70e147', 'test hoa', 'a2c51c65-fd5c-45f2-a643-e841de5f7729', NULL, NULL, '2021-03-26 01:59:35', 0, 2, NULL),
('a3a14acd-7515-4d22-9ac6-8cb3ad7aa25e', 'Playlist 1', 'bb092204-445e-47af-9bff-812537020136', '', 'bb092204-445e-47af-9bff-812537020136', '2021-03-26 01:47:25', 1, 2, NULL),
('b278afc5-ee80-42dd-86e9-cdf53c4e98b8', 'test hoa', 'a2c51c65-fd5c-45f2-a643-e841de5f7729', NULL, NULL, '2021-03-29 02:22:16', 0, 2, NULL),
('b5b49dad-178e-4f24-a21a-5f3a3f83bb3c', 'Test', 'a2c51c65-fd5c-45f2-a643-e841de5f7729', 'Test', NULL, '2021-03-29 20:32:07', 0, 2, NULL),
('ca1610bf-961c-4999-a77f-6dcfd28a77c5', 'new play list', '15daba4b-8026-48e4-8fa6-07d2940e0243', 'thu sua giao dien', '223cfe4e-be4e-4607-bd42-4844f3257861', '2021-03-29 19:23:47', 1, 2, NULL),
('cc0718c7-8fb1-4a57-9e1b-ab36d1b9f563', 'Playlist test Giang', 'f55d37fa-51dd-4ea6-b70c-6065410de2b3', '', 'f55d37fa-51dd-4ea6-b70c-6065410de2b3', '2021-03-30 00:12:47', 1, 2, NULL),
('eaebd167-8877-4dc6-bb74-f35312538f01', 'thienTest', '223cfe4e-be4e-4607-bd42-4844f3257861', 'string', '', '2021-03-30 10:21:56', 0, 0, NULL),
('f51036a7-6a67-4066-aa15-8c605804d612', 'Test', '64a993db-8dbc-4995-9259-aacb6a138b28', NULL, NULL, '2021-03-26 03:42:02', 0, 2, NULL),
('fd278dde-baea-406a-a25a-11df84f5c183', 'Advertisement iPhone 12 Pro Max 128GB', '223cfe4e-be4e-4607-bd42-4844f3257861', 'Advertisement iPhone 12 Pro Max 128GB', '223cfe4e-be4e-4607-bd42-4844f3257861', '2021-03-26 01:47:47', 1, 2, NULL);

-- --------------------------------------------------------

--
-- Cấu trúc bảng cho bảng `mtc_playlist_details`
--

CREATE TABLE `mtc_playlist_details` (
  `playlistdetail_id` varchar(255) COLLATE utf8_unicode_ci NOT NULL,
  `playlist_id` varchar(255) COLLATE utf8_unicode_ci NOT NULL,
  `template_id` varchar(255) COLLATE utf8_unicode_ci NOT NULL,
  `time_begin` time NOT NULL,
  `time_end` time NOT NULL,
  `created_at` timestamp NOT NULL DEFAULT current_timestamp(),
  `order_media` int(11) DEFAULT NULL,
  `template_duration` time DEFAULT NULL,
  `playlist_detail_status` int(1) NOT NULL DEFAULT 1,
  `updated_at` timestamp NULL DEFAULT NULL
) ENGINE=InnoDB DEFAULT CHARSET=utf8 COLLATE=utf8_unicode_ci;

--
-- Đang đổ dữ liệu cho bảng `mtc_playlist_details`
--

INSERT INTO `mtc_playlist_details` (`playlistdetail_id`, `playlist_id`, `template_id`, `time_begin`, `time_end`, `created_at`, `order_media`, `template_duration`, `playlist_detail_status`, `updated_at`) VALUES
('111c5fae-58fb-4f0e-ab5e-dea40e7a2165', '66a5de92-2188-4916-a5bd-13eb6b3e4ce7', '2b69378c-f199-44ff-b265-9b97956a8abe', '14:00:00', '15:00:00', '2021-03-30 03:05:56', 0, '00:00:15', 1, NULL),
('17b766f9-c669-4d11-a120-e9f111d7c8db', '66a5de92-2188-4916-a5bd-13eb6b3e4ce7', '3ffbd574-a173-47ba-ad80-73dcf4c22af1', '04:00:00', '05:00:00', '2021-03-30 01:22:17', 0, '00:00:20', 1, NULL),
('19d0af73-6002-41d0-b59a-5b830fd2de8f', 'cc0718c7-8fb1-4a57-9e1b-ab36d1b9f563', '63b92d84-7118-43b0-ba88-c674c680f40d', '15:32:00', '15:32:20', '2021-03-31 01:30:57', 0, '00:00:15', 1, NULL),
('1c73d118-16b2-41a5-b959-5649a8c16f55', '66a5de92-2188-4916-a5bd-13eb6b3e4ce7', '55c4ab38-1167-46ec-bde3-1b8e12a50838', '06:00:00', '07:00:00', '2021-03-30 03:00:42', 0, '00:00:30', 1, NULL),
('33911d65-b73a-4bee-8f84-efd1cb932dd0', '66a5de92-2188-4916-a5bd-13eb6b3e4ce7', '55c4ab38-1167-46ec-bde3-1b8e12a50838', '11:01:00', '12:00:00', '2021-03-30 03:04:26', 0, '00:00:15', 1, NULL),
('44d19878-3300-48a5-82a0-38db4f0cf01a', 'a3a14acd-7515-4d22-9ac6-8cb3ad7aa25e', '2b69378c-f199-44ff-b265-9b97956a8abe', '13:10:00', '13:10:30', '2021-03-26 01:49:40', 0, '00:00:02', 1, NULL),
('496be351-febb-4bb5-819f-2aa9f2f164bc', 'eaebd167-8877-4dc6-bb74-f35312538f01', '395ee5c4-3c75-473f-8e38-fa2c1936d888', '01:08:43', '23:07:43', '2021-03-26 06:08:00', 1, '01:00:00', 1, NULL),
('4d1d64d5-5214-4cc5-99b4-d23a78af94ec', 'eaebd167-8877-4dc6-bb74-f35312538f01', '395ee5c4-3c75-473f-8e38-fa2c1936d888', '23:11:04', '23:13:05', '2021-03-30 21:51:21', 0, '00:01:00', 1, NULL),
('4d8df21b-a97d-46f6-9088-8d708f53fbeb', '66a5de92-2188-4916-a5bd-13eb6b3e4ce7', '3ffbd574-a173-47ba-ad80-73dcf4c22af1', '10:00:00', '11:00:00', '2021-03-30 03:03:37', 0, '00:00:20', 1, NULL),
('61ccf7df-7453-454c-81e8-7077688e09cb', '66a5de92-2188-4916-a5bd-13eb6b3e4ce7', '55c4ab38-1167-46ec-bde3-1b8e12a50838', '00:00:00', '01:00:00', '2021-03-30 01:21:09', 0, '00:00:30', 1, NULL),
('795b34ac-a60c-4ecf-a289-1b00f9fca091', '9c4c7620-68fd-4338-8eb4-b8618d70e147', '8e3b4b42-7a46-4f55-ba5c-3dabcc1c1522', '02:03:00', '04:00:00', '2021-03-26 02:47:52', 0, '00:03:00', 1, NULL),
('7965574b-33eb-4d01-807c-03dc20258d75', '66a5de92-2188-4916-a5bd-13eb6b3e4ce7', '2b69378c-f199-44ff-b265-9b97956a8abe', '16:00:00', '17:00:00', '2021-03-30 03:06:17', 0, '00:00:10', 1, NULL),
('7a9b55cc-fe3d-4335-8451-c15e566678ed', 'fd278dde-baea-406a-a25a-11df84f5c183', '395ee5c4-3c75-473f-8e38-fa2c1936d888', '00:00:00', '00:00:01', '2021-03-26 06:09:57', 0, '00:00:01', 1, NULL),
('8274b10d-9131-49aa-95fb-e6546f8dde29', '9c4c7620-68fd-4338-8eb4-b8618d70e147', '8e3b4b42-7a46-4f55-ba5c-3dabcc1c1522', '00:00:00', '01:00:00', '2021-03-26 02:23:59', 2, '00:05:00', 1, NULL),
('8f9cbc78-eb3a-43e9-8a44-3428c15f3e00', '66a5de92-2188-4916-a5bd-13eb6b3e4ce7', '2b69378c-f199-44ff-b265-9b97956a8abe', '01:01:00', '03:00:00', '2021-03-30 01:21:49', 7, '00:00:30', 1, NULL),
('92d0ae29-4d5e-47f6-9ca0-16b6ca2bd0a0', 'f51036a7-6a67-4066-aa15-8c605804d612', '9e5ff841-c7b9-4965-bd8b-320967df1c4d', '00:00:00', '23:59:00', '2021-03-26 03:42:36', 1, '01:00:00', 1, NULL),
('94cd1a0e-fc75-4fff-af2d-4aa9bf02b9c7', '457e6fe4-1410-4985-adad-eaaeb74486b5', '201c6f47-d4f7-42c8-8013-374908c01249', '01:01:01', '03:03:03', '2021-03-31 00:50:34', 1, '02:02:02', 1, NULL),
('9c85802a-6f09-471e-85b3-850cdcf16c3f', '7710f956-2ac8-403c-a04e-b9de63bf71fb', '395ee5c4-3c75-473f-8e38-fa2c1936d888', '01:08:43', '23:07:43', '2021-03-26 06:08:00', 0, '01:00:00', 1, NULL),
('a6612f97-c7e8-4b34-bd04-566a060acbc3', '66a5de92-2188-4916-a5bd-13eb6b3e4ce7', '2b69378c-f199-44ff-b265-9b97956a8abe', '08:00:00', '09:00:00', '2021-03-30 03:02:58', 0, '00:00:20', 1, NULL),
('a7271423-d8bc-4d30-9309-263387633f71', 'cc0718c7-8fb1-4a57-9e1b-ab36d1b9f563', '8fa5d698-e398-4dd8-8031-817bb2bf9bbb', '15:00:00', '15:00:30', '2021-03-31 00:58:23', 0, '00:00:30', 1, NULL),
('c82aedcb-da4b-4635-b36b-e9e9c5fa0fc3', 'cc0718c7-8fb1-4a57-9e1b-ab36d1b9f563', '63b92d84-7118-43b0-ba88-c674c680f40d', '14:56:00', '14:56:50', '2021-03-31 00:54:45', 4, '00:00:10', 1, NULL),
('cb0962dd-e62d-41ba-88c8-2b5884e1c467', 'a3a14acd-7515-4d22-9ac6-8cb3ad7aa25e', '3ffbd574-a173-47ba-ad80-73dcf4c22af1', '13:10:31', '13:11:00', '2021-03-29 21:15:17', 0, '00:00:03', 1, NULL),
('e1c64bd0-7da8-4198-aeba-b1a866b480ae', '66a5de92-2188-4916-a5bd-13eb6b3e4ce7', '2b69378c-f199-44ff-b265-9b97956a8abe', '12:01:00', '13:00:00', '2021-03-30 03:05:15', 0, '00:00:20', 1, NULL),
('e206d605-060f-476c-83d6-03b9d024a9ce', 'cc0718c7-8fb1-4a57-9e1b-ab36d1b9f563', '63b92d84-7118-43b0-ba88-c674c680f40d', '15:30:00', '15:30:40', '2021-03-31 01:27:48', 0, '00:00:20', 1, NULL),
('f6f71148-2848-424a-a8b6-5391d7deee39', 'fd278dde-baea-406a-a25a-11df84f5c183', '395ee5c4-3c75-473f-8e38-fa2c1936d888', '20:04:19', '23:04:28', '2021-03-26 06:05:15', 2, '01:00:00', 1, NULL);

--
-- Bẫy `mtc_playlist_details`
--
DELIMITER $$
CREATE TRIGGER `tg_check_update_time` BEFORE UPDATE ON `mtc_playlist_details` FOR EACH ROW BEGIN


DECLARE count_id INT;
    
    
    SET count_id = 0;
   
    IF DATE_FORMAT(new.time_begin,"%T") >= DATE_FORMAT(new.time_end,"%T") THEN
    signal sqlstate '45000'  SET MESSAGE_TEXT = "The start time or the end time is incorrect!";
    ELSE
    SELECT COUNT(*) INTO count_id FROM mtc_playlist_details as pd WHERE
    pd.playlistdetail_id <> new.playlistdetail_id AND
   ( DATE_FORMAT(new.time_begin,"%T") BETWEEN DATE_FORMAT(pd.time_begin,"%T") AND DATE_FORMAT(pd.time_end,"%T") OR
     DATE_FORMAT(new.time_end,"%T") BETWEEN DATE_FORMAT(pd.time_begin,"%T") AND DATE_FORMAT(pd.time_end,"%T")
    OR DATE_FORMAT(pd.time_begin,"%T") BETWEEN DATE_FORMAT(new.time_begin,"%T") AND DATE_FORMAT(new.time_end,"%T") OR
    DATE_FORMAT(pd.time_end,"%T") BETWEEN DATE_FORMAT(new.time_begin,"%T") AND DATE_FORMAT(new.time_end,"%T")) AND new.playlist_id = pd.playlist_id AND pd.playlistdetail_id <> new.playlistdetail_id AND new.time_begin < new.time_end ;
	IF count_id > 0 THEN
    signal sqlstate '45000'  SET MESSAGE_TEXT = "The start time or the end time is incorrect!";
    END IF;
    END IF;

END
$$
DELIMITER ;
DELIMITER $$
CREATE TRIGGER `tg_insert_check_time` BEFORE INSERT ON `mtc_playlist_details` FOR EACH ROW BEGIN
	DECLARE count_id INT;
   
    SET count_id = 0;
    IF DATE_FORMAT(new.time_begin,"%T") >= DATE_FORMAT(new.time_end,"%T") THEN
    signal sqlstate '45000'  SET MESSAGE_TEXT = "The start time or the end time is incorrect123!";
    ELSE
    SELECT COUNT(*) INTO count_id FROM mtc_playlist_details as pd WHERE
    pd.playlist_detail_status = 1 AND
    
   ( DATE_FORMAT(new.time_begin,"%T") BETWEEN DATE_FORMAT(pd.time_begin,"%T") AND DATE_FORMAT(pd.time_end,"%T") OR
     DATE_FORMAT(new.time_end,"%T") BETWEEN DATE_FORMAT(pd.time_begin,"%T") AND DATE_FORMAT(pd.time_end,"%T")
    OR DATE_FORMAT(pd.time_begin,"%T") BETWEEN DATE_FORMAT(new.time_begin,"%T") AND DATE_FORMAT(new.time_end,"%T") OR
    DATE_FORMAT(pd.time_end,"%T") BETWEEN DATE_FORMAT(new.time_begin,"%T") AND DATE_FORMAT(new.time_end,"%T")) AND new.playlist_id = pd.playlist_id AND new.time_begin < new.time_end;
	IF count_id > 0 THEN
    signal sqlstate '45000' SET MESSAGE_TEXT = "The start time or the end time duplicate!";
    END IF;
    END IF;
END
$$
DELIMITER ;

-- --------------------------------------------------------

--
-- Cấu trúc bảng cho bảng `mtc_role_permission_tbl`
--

CREATE TABLE `mtc_role_permission_tbl` (
  `role_permission_id` varchar(255) COLLATE utf8_unicode_ci NOT NULL,
  `role_id` varchar(255) COLLATE utf8_unicode_ci NOT NULL,
  `permission_code` varchar(255) COLLATE utf8_unicode_ci NOT NULL,
  `created_at` datetime DEFAULT current_timestamp()
) ENGINE=InnoDB DEFAULT CHARSET=utf8 COLLATE=utf8_unicode_ci ROW_FORMAT=COMPACT;

--
-- Đang đổ dữ liệu cho bảng `mtc_role_permission_tbl`
--

INSERT INTO `mtc_role_permission_tbl` (`role_permission_id`, `role_id`, `permission_code`, `created_at`) VALUES
('023d665b-a628-410a-a3a4-929a3b3aca19', '2dd3b916-c053-442f-870b-18d7ffd8e74d', 'SP_USER_CREATE', '2021-03-26 08:14:47'),
('032414b8-a5c7-47fd-b96a-d64997e8836e', 'eb37145b-da45-4345-aa6a-9bef964586ea', 'USER_SHOW', '2021-03-26 09:10:26'),
('0539afce-951d-4a2f-80e3-e720b67eb7c3', '87824a35-bafb-438b-aee0-88b4b2ae2b29', 'USER_SHOW', '2021-03-26 08:34:44'),
('0646698a-5da2-4d15-94ed-1fc45a0399d2', '35d783b0-3a10-476b-a677-2b21edd735eb', 'SCH_CREATE', '2021-03-26 09:12:50'),
('077d885f-1d51-48ec-ae79-a037cdba54a6', '7f4ad3a8-b9ff-4712-8091-b13df4d59cf4', 'PLAYLIST_CREATE', '2021-03-29 06:46:48'),
('089cfcbc-b79e-4d7e-b4d7-33aac696b480', 'd4d30cfa-32fd-4ae5-b66e-b04001bd8aa2', 'TEMPLATE_UPDATE', '2021-03-26 06:26:56'),
('090f464c-179b-4272-b361-c4758a5461d7', '35d783b0-3a10-476b-a677-2b21edd735eb', 'SCH_DELETE', '2021-03-26 09:12:50'),
('0a83ea0c-aaa8-4f14-ae0d-e02a8d43eeae', '7f4ad3a8-b9ff-4712-8091-b13df4d59cf4', 'MEDIA_DELETE', '2021-03-29 06:46:48'),
('0b8e0268-2031-423e-989b-148252de55e2', 'd4d30cfa-32fd-4ae5-b66e-b04001bd8aa2', 'MEDIA_UPDATE', '2021-03-26 06:26:56'),
('0c96982e-1a9a-4707-bae5-054e3e72f7d6', 'd4d30cfa-32fd-4ae5-b66e-b04001bd8aa2', 'SCH_UPDATE', '2021-03-26 06:26:56'),
('0ce95c95-f077-4388-bd00-a3454b1eadbe', 'd4d30cfa-32fd-4ae5-b66e-b04001bd8aa2', 'TEMPLATE_CREATE', '2021-03-26 06:26:56'),
('0dfab30b-d09f-45b6-a891-1687763a0151', '87824a35-bafb-438b-aee0-88b4b2ae2b29', 'MEDIA_UPDATE', '2021-03-26 08:34:44'),
('0e253873-61b1-4606-a6c5-cf2c87d669a3', 'ee1691e1-d83a-4654-9af8-7f0cce12f69d', 'USER_CREATE', '2021-03-26 10:39:53'),
('10111991-0d30-4b96-82b4-127ceab8e90f', '87824a35-bafb-438b-aee0-88b4b2ae2b29', 'SCH_UPDATE', '2021-03-26 08:34:44'),
('10b62792-04cc-44d2-acc0-74a206ba03b6', '2dd3b916-c053-442f-870b-18d7ffd8e74d', 'SP_GROUP_CREATE', '2021-03-26 08:14:47'),
('1187e73a-6ebe-4171-9f89-d56d63280b48', '87824a35-bafb-438b-aee0-88b4b2ae2b29', 'TEMPLATE_CREATE', '2021-03-26 08:34:44'),
('13337b36-4fc7-4016-a827-19712505290b', 'd6292cd0-d5e6-46b4-9a3c-1ca257d68e00', 'SP_GROUP_CREATE', '2021-03-26 06:28:28'),
('15cb7742-fffc-4519-b0a6-ba6f90e56893', '35d783b0-3a10-476b-a677-2b21edd735eb', 'MEDIA_CREATE', '2021-03-26 09:12:50'),
('163bb3fc-3222-44ab-9254-e917278a35f4', 'eb37145b-da45-4345-aa6a-9bef964586ea', 'USER_CREATE', '2021-03-26 09:10:26'),
('175342fc-a53e-45a2-a41e-940fa4bb29e8', '87824a35-bafb-438b-aee0-88b4b2ae2b29', 'PLAYLIST_DELETE', '2021-03-26 08:34:44'),
('18620f27-0098-4dd8-99b6-42c4da5b3340', '35d783b0-3a10-476b-a677-2b21edd735eb', 'ROLE_SHOW', '2021-03-26 09:12:50'),
('194b22ac-efaf-40e4-b648-dacc50b35d22', '87824a35-bafb-438b-aee0-88b4b2ae2b29', 'DEVICE_UPDATE', '2021-03-26 08:34:44'),
('1951476e-c1d6-44a1-bda3-359ebf1b9b8c', '7f4ad3a8-b9ff-4712-8091-b13df4d59cf4', 'DEVICE_UPDATE', '2021-03-29 06:46:48'),
('1a5ae328-a716-42e5-b0d0-0aa9edf155bd', 'ee1691e1-d83a-4654-9af8-7f0cce12f69d', 'USER_SHOW', '2021-03-26 10:39:53'),
('1ace85b0-a288-4dfa-a253-12f34381b205', '2dd3b916-c053-442f-870b-18d7ffd8e74d', 'SP_DEVICE_CREATE', '2021-03-26 08:14:47'),
('1d6d5f98-ef3e-4c7e-b43e-19fc3ed1a701', 'd4d30cfa-32fd-4ae5-b66e-b04001bd8aa2', 'ROLE_SHOW', '2021-03-26 06:26:56'),
('1e944d8d-4b63-4503-9ab9-3e61614dae57', '87824a35-bafb-438b-aee0-88b4b2ae2b29', 'USER_DELETE', '2021-03-26 08:34:44'),
('1f9bed17-7607-426c-a861-5d7be0a608bf', '8096c887-bf33-4027-8bec-0e58ae9a14c8', 'ROLE_DELETE', '2021-03-26 07:03:59'),
('2233f36f-b1a6-4347-8dab-8f4a4f0f6b5a', 'd4d30cfa-32fd-4ae5-b66e-b04001bd8aa2', 'SCH_SHOW', '2021-03-26 06:26:56'),
('23110cea-b1bc-4325-b473-8ccf3c1a4974', '7f4ad3a8-b9ff-4712-8091-b13df4d59cf4', 'USER_SHOW', '2021-03-29 06:46:48'),
('23943cad-12f5-4891-b851-952ed28da382', 'd4d30cfa-32fd-4ae5-b66e-b04001bd8aa2', 'SCH_DELETE', '2021-03-26 06:26:56'),
('24217e9d-b754-4749-8142-8b6876dce957', '8096c887-bf33-4027-8bec-0e58ae9a14c8', 'SCH_CREATE', '2021-03-26 07:03:59'),
('28a2cf7a-a893-43b9-935e-b6770dfb4ea6', 'd6292cd0-d5e6-46b4-9a3c-1ca257d68e00', 'SP_DEVICE_DELETE', '2021-03-26 06:28:28'),
('2c548177-2a03-4d29-8b4b-843ccc4b6c16', '8096c887-bf33-4027-8bec-0e58ae9a14c8', 'TEMPLATE_SHOW', '2021-03-26 07:03:59'),
('2d8110f8-061c-432b-927e-58126c04ac3a', '5f97339c-9083-4e78-9e64-6b5dd7cda5c0', 'SP_ROLE_CREATE', '2021-03-26 07:00:25'),
('2d9aa1bb-0d76-4592-bdcd-0551c333b17d', '7f4ad3a8-b9ff-4712-8091-b13df4d59cf4', 'MEDIA_CREATE', '2021-03-29 06:46:48'),
('2de3c572-9992-4323-a09e-c67c25617596', '8096c887-bf33-4027-8bec-0e58ae9a14c8', 'PLAYLIST_DELETE', '2021-03-26 07:03:59'),
('2edf10e9-a90f-4523-91d8-92891cf450c5', '7f4ad3a8-b9ff-4712-8091-b13df4d59cf4', 'SCH_DELETE', '2021-03-29 06:46:48'),
('3062115f-146d-4d9f-8bac-06711a01e80c', '87824a35-bafb-438b-aee0-88b4b2ae2b29', 'MEDIA_APPROVE', '2021-03-26 08:34:44'),
('30eebea5-8f90-486e-a3ee-d42cf23c20b2', '2dd3b916-c053-442f-870b-18d7ffd8e74d', 'SP_DEVICE_SHOW', '2021-03-26 08:14:47'),
('315227ed-2687-41f1-a370-b6401100bf62', '87824a35-bafb-438b-aee0-88b4b2ae2b29', 'ROLE_CREATE', '2021-03-26 08:34:44'),
('335b59ba-0649-4bdc-a6fb-e4fad44a31f1', '35d783b0-3a10-476b-a677-2b21edd735eb', 'DEVICE_CREATE', '2021-03-26 09:12:50'),
('339a70b2-df3d-46c7-bcb6-50c2d7e2d6a3', '35d783b0-3a10-476b-a677-2b21edd735eb', 'DEVICE_DELETE', '2021-03-26 09:12:50'),
('35a0f3bd-7d0f-4878-a9dc-e2944f3951f2', 'd4d30cfa-32fd-4ae5-b66e-b04001bd8aa2', 'DEVICE_DELETE', '2021-03-26 06:26:56'),
('35c9cf93-3c7f-49d7-a1e7-b4fdc8976fdb', '35d783b0-3a10-476b-a677-2b21edd735eb', 'TEMPLATE_CREATE', '2021-03-26 09:12:50'),
('36357c83-617a-4b57-80d1-bf8a07ebe2c7', 'ee1691e1-d83a-4654-9af8-7f0cce12f69d', 'PLAYLIST_CREATE', '2021-03-26 10:39:53'),
('37fd9ec6-9f9b-46e9-8612-8d54ca9b6c0e', '35d783b0-3a10-476b-a677-2b21edd735eb', 'DEVICE_SHOW', '2021-03-26 09:12:50'),
('38c2cb9c-5c3e-4985-987c-64d9e82ea9cc', '35d783b0-3a10-476b-a677-2b21edd735eb', 'PLAYLIST_DELETE', '2021-03-26 09:12:50'),
('3bb55b7c-9ac3-4c35-84a9-f5b8716b6aef', '87824a35-bafb-438b-aee0-88b4b2ae2b29', 'TEMPLATE_DELETE', '2021-03-26 08:34:44'),
('3cca2880-a3f4-46f0-817c-885c19acbba3', '87824a35-bafb-438b-aee0-88b4b2ae2b29', 'ROLE_DELETE', '2021-03-26 08:34:44'),
('40134c0a-aa3f-4419-a3c6-c52a750396a2', '35d783b0-3a10-476b-a677-2b21edd735eb', 'USER_CREATE', '2021-03-26 09:12:50'),
('41a4a571-7918-4d89-a698-628a0169b28b', '87824a35-bafb-438b-aee0-88b4b2ae2b29', 'DEVICE_DELETE', '2021-03-26 08:34:44'),
('42ac5719-9bcd-4634-83af-41cf1c7ce79c', '8096c887-bf33-4027-8bec-0e58ae9a14c8', 'SCH_UPDATE', '2021-03-26 07:03:59'),
('4328b1a4-cbc2-4fb7-8d5b-94e89f7d2f0a', 'd4d30cfa-32fd-4ae5-b66e-b04001bd8aa2', 'ROLE_CREATE', '2021-03-26 06:26:56'),
('43d07dab-d8ed-4903-a739-e52e7e7f198c', '35d783b0-3a10-476b-a677-2b21edd735eb', 'SCH_UPDATE', '2021-03-26 09:12:50'),
('443ad746-7efc-4ec7-9ca0-36dadfba1279', 'd4d30cfa-32fd-4ae5-b66e-b04001bd8aa2', 'USER_CREATE', '2021-03-26 06:26:56'),
('447feed3-6135-43f3-8b26-d7871e510f4f', '35d783b0-3a10-476b-a677-2b21edd735eb', 'USER_SHOW', '2021-03-26 09:12:50'),
('44e0981b-ec5e-4203-941c-7fc8ce17b05b', '7f4ad3a8-b9ff-4712-8091-b13df4d59cf4', 'TEMPLATE_DELETE', '2021-03-29 06:46:48'),
('469b6afe-d76c-4edf-b1ba-4239ba4aa431', '87824a35-bafb-438b-aee0-88b4b2ae2b29', 'MEDIA_CREATE', '2021-03-26 08:34:44'),
('46c43401-b137-4936-af2c-1d1372f80f6b', '5f97339c-9083-4e78-9e64-6b5dd7cda5c0', 'SP_USER_SHOW', '2021-03-26 07:00:25'),
('4838e9a1-8817-466d-95c4-65488226dbeb', '87824a35-bafb-438b-aee0-88b4b2ae2b29', 'DEVICE_SHOW', '2021-03-26 08:34:44'),
('49ad9ea4-c527-4a30-b7b8-a7c62a5c1997', 'd4d30cfa-32fd-4ae5-b66e-b04001bd8aa2', 'MEDIA_CREATE', '2021-03-26 06:26:56'),
('4bff2b64-09e8-4055-8583-39c4d3a40ff2', '7f4ad3a8-b9ff-4712-8091-b13df4d59cf4', 'ROLE_DELETE', '2021-03-29 06:46:48'),
('4df6e4d9-c93f-4959-be82-00e4abdfc3ce', '7f4ad3a8-b9ff-4712-8091-b13df4d59cf4', 'ROLE_SHOW', '2021-03-29 06:46:48'),
('4f1d8018-f2e2-4f4c-85a6-8f5b53bcddb7', 'ee1691e1-d83a-4654-9af8-7f0cce12f69d', 'SCH_SHOW', '2021-03-26 10:39:53'),
('4f9b39ce-6357-46d1-b7f0-ca81e598660b', '5f97339c-9083-4e78-9e64-6b5dd7cda5c0', 'SP_ROLE_SHOW', '2021-03-26 07:00:25'),
('569f033d-c51d-4282-84a6-efcd73c1cf31', 'd4d30cfa-32fd-4ae5-b66e-b04001bd8aa2', 'PLAYLIST_DELETE', '2021-03-26 06:26:56'),
('59232186-7d51-49b9-9af6-1e7bd7c8c5ae', '2dd3b916-c053-442f-870b-18d7ffd8e74d', 'SP_ROLE_DELETE', '2021-03-26 08:14:47'),
('5a74a0bf-22c7-4053-b6bd-a75ff896713a', '7f4ad3a8-b9ff-4712-8091-b13df4d59cf4', 'TEMPLATE_SHOW', '2021-03-29 06:46:48'),
('5e523e06-d419-4edf-a892-1a1334209835', '2dd3b916-c053-442f-870b-18d7ffd8e74d', 'SP_ROLE_CREATE', '2021-03-26 08:14:47'),
('5e6f1b02-549b-4ad8-beb6-2dbfb936e727', '87824a35-bafb-438b-aee0-88b4b2ae2b29', 'PLAYLIST_UPDATE', '2021-03-26 08:34:44'),
('5eab05d4-defb-4820-bdfb-489cbbf357e9', '35d783b0-3a10-476b-a677-2b21edd735eb', 'ROLE_CREATE', '2021-03-26 09:12:50'),
('60ffa854-c648-42bc-8ff6-5ef4a6bc58cb', '87824a35-bafb-438b-aee0-88b4b2ae2b29', 'ROLE_UPDATE', '2021-03-26 08:34:44'),
('6193fb7d-736a-4a87-a508-b16d09c49eee', 'd4d30cfa-32fd-4ae5-b66e-b04001bd8aa2', 'DEVICE_SHOW', '2021-03-26 06:26:56'),
('61ef8495-73eb-489e-8089-a2ec7c134d84', 'ee1691e1-d83a-4654-9af8-7f0cce12f69d', 'ROLE_DELETE', '2021-03-26 10:39:53'),
('63151f0a-5162-40f4-8a18-5ed85ad5faf6', '7f4ad3a8-b9ff-4712-8091-b13df4d59cf4', 'SCH_UPDATE', '2021-03-29 06:46:48'),
('63412f26-02ef-404a-aebe-f242517b48c8', 'ee1691e1-d83a-4654-9af8-7f0cce12f69d', 'MEDIA_CREATE', '2021-03-26 10:39:53'),
('67a68aaf-aee4-49f4-845b-5441fedb5e1d', '35d783b0-3a10-476b-a677-2b21edd735eb', 'MEDIA_UPDATE', '2021-03-26 09:12:50'),
('6b196d28-7adb-498d-9e3f-0bb0644ae1ed', 'ee1691e1-d83a-4654-9af8-7f0cce12f69d', 'DEVICE_UPDATE', '2021-03-26 10:39:53'),
('6b1dde22-28fa-4d90-b235-d7562f2a49aa', '8096c887-bf33-4027-8bec-0e58ae9a14c8', 'MEDIA_DELETE', '2021-03-26 07:03:59'),
('6be8b6f0-2d2c-414a-a0f1-73693a65d051', 'd4d30cfa-32fd-4ae5-b66e-b04001bd8aa2', 'PLAYLIST_CREATE', '2021-03-26 06:26:56'),
('6c57924c-46c9-476f-94b7-2d0b12c08801', '7f4ad3a8-b9ff-4712-8091-b13df4d59cf4', 'DEVICE_SHOW', '2021-03-29 06:46:48'),
('6c9124b5-7b43-4ccb-bf0c-2d7f7b5717c8', 'ee1691e1-d83a-4654-9af8-7f0cce12f69d', 'MEDIA_DELETE', '2021-03-26 10:39:53'),
('6d0d93f0-c063-462c-acb0-fdd1cb49b6a1', 'd4d30cfa-32fd-4ae5-b66e-b04001bd8aa2', 'ROLE_DELETE', '2021-03-26 06:26:56'),
('6e188dac-422a-4e2a-8ae3-2f841a95c15e', 'd4d30cfa-32fd-4ae5-b66e-b04001bd8aa2', 'MEDIA_APPROVE', '2021-03-26 06:26:56'),
('6fb2ed2f-c11d-4c13-ad22-e4a0493cbdbe', 'd4d30cfa-32fd-4ae5-b66e-b04001bd8aa2', 'TEMPLATE_DELETE', '2021-03-26 06:26:56'),
('712979d6-7133-4898-b242-fae9d6b3f2b6', '35d783b0-3a10-476b-a677-2b21edd735eb', 'TEMPLATE_UPDATE', '2021-03-26 09:12:50'),
('71f852a4-9ad7-4b71-b072-8f60c4e0c1b6', '87824a35-bafb-438b-aee0-88b4b2ae2b29', 'USER_UPDATE', '2021-03-26 08:34:44'),
('722ce1db-5619-4d3a-b582-a584027ed954', 'ee1691e1-d83a-4654-9af8-7f0cce12f69d', 'MEDIA_UPDATE', '2021-03-26 10:39:53'),
('7264c230-b777-40f4-82cb-c6d939babcfa', '87824a35-bafb-438b-aee0-88b4b2ae2b29', 'TEMPLATE_SHOW', '2021-03-26 08:34:44'),
('73f690d0-5406-4375-b9b2-0226267a64fa', '8096c887-bf33-4027-8bec-0e58ae9a14c8', 'USER_DELETE', '2021-03-26 07:03:59'),
('754df5aa-e006-4d9c-a608-92fdc44d3b50', '7f4ad3a8-b9ff-4712-8091-b13df4d59cf4', 'USER_CREATE', '2021-03-29 06:46:48'),
('75c0eaf6-5b75-487c-965c-2fdcc6c28f7f', 'ee1691e1-d83a-4654-9af8-7f0cce12f69d', 'ROLE_SHOW', '2021-03-26 10:39:53'),
('76c792b9-8466-4f95-9b66-039e3e085136', '87824a35-bafb-438b-aee0-88b4b2ae2b29', 'DEVICE_CREATE', '2021-03-26 08:34:44'),
('7717650d-bcfe-4ee6-aa33-2bb0b690fa5e', 'd4d30cfa-32fd-4ae5-b66e-b04001bd8aa2', 'SCH_CREATE', '2021-03-26 06:26:56'),
('773b73ff-85a0-4339-a27f-e3c9ce0b3d03', 'd4d30cfa-32fd-4ae5-b66e-b04001bd8aa2', 'USER_SHOW', '2021-03-26 06:26:56'),
('77b2cc9e-8dd9-42ff-aaee-b13706bac6e9', '35d783b0-3a10-476b-a677-2b21edd735eb', 'USER_DELETE', '2021-03-26 09:12:50'),
('7907ab9f-30c5-4d82-9a59-dbb69bf3844e', '5f97339c-9083-4e78-9e64-6b5dd7cda5c0', 'SP_USER_DELETE', '2021-03-26 07:00:25'),
('799f037b-f68b-4cf4-b287-00fe127a7996', '5f97339c-9083-4e78-9e64-6b5dd7cda5c0', 'SP_ROLE_DELETE', '2021-03-26 07:00:25'),
('7a3bb032-3ddd-49ae-8764-2a5d3e59cc56', '2dd3b916-c053-442f-870b-18d7ffd8e74d', 'SP_USER_SHOW', '2021-03-26 08:14:47'),
('7ab4ae26-5b92-4c4f-9ac0-679115183cc0', '2dd3b916-c053-442f-870b-18d7ffd8e74d', 'SP_DEVICE_UPDATE', '2021-03-26 08:14:47'),
('7bbe0794-3742-44a6-94c2-59278785d12f', 'd4d30cfa-32fd-4ae5-b66e-b04001bd8aa2', 'USER_UPDATE', '2021-03-26 06:26:56'),
('7d5ef15e-d433-4bbe-aacb-f2c6bfea9496', '7f4ad3a8-b9ff-4712-8091-b13df4d59cf4', 'DEVICE_DELETE', '2021-03-29 06:46:48'),
('7d742037-8fab-4b72-8d13-f0ac75e4a5ad', 'ee1691e1-d83a-4654-9af8-7f0cce12f69d', 'DEVICE_DELETE', '2021-03-26 10:39:53'),
('7da4e988-55cd-4bf8-ac85-06065fade8f3', '7f4ad3a8-b9ff-4712-8091-b13df4d59cf4', 'USER_UPDATE', '2021-03-29 06:46:48'),
('7f36776c-bcc8-4ab4-85b7-b0a5c0b7535e', 'ee1691e1-d83a-4654-9af8-7f0cce12f69d', 'PLAYLIST_DELETE', '2021-03-26 10:39:53'),
('83fc0be9-3533-4c2e-ab65-48208694b51e', 'd4d30cfa-32fd-4ae5-b66e-b04001bd8aa2', 'USER_DELETE', '2021-03-26 06:26:56'),
('844a581e-7869-452d-89b3-a876c2a74426', 'ee1691e1-d83a-4654-9af8-7f0cce12f69d', 'TEMPLATE_DELETE', '2021-03-26 10:39:53'),
('84a7f09e-3bb4-4f49-a1c6-3b8e4a6fd676', '5f97339c-9083-4e78-9e64-6b5dd7cda5c0', 'SP_USER_UPDATE', '2021-03-26 07:00:25'),
('86627512-9d20-4949-a61c-a0efa066bb81', 'ee1691e1-d83a-4654-9af8-7f0cce12f69d', 'ROLE_UPDATE', '2021-03-26 10:39:53'),
('89002b0c-30d8-410e-8145-6c04e8069d01', 'ee1691e1-d83a-4654-9af8-7f0cce12f69d', 'DEVICE_CREATE', '2021-03-26 10:39:53'),
('8cbcdbbd-127c-4171-a0d6-94425624237f', 'ee1691e1-d83a-4654-9af8-7f0cce12f69d', 'PLAYLIST_UPDATE', '2021-03-26 10:39:53'),
('8e8f77b1-5c05-468d-b222-6292ff176c24', '7f4ad3a8-b9ff-4712-8091-b13df4d59cf4', 'PLAYLIST_UPDATE', '2021-03-29 06:46:48'),
('8e9a7f2c-c7fc-4f5e-81bc-171261740cc4', 'ee1691e1-d83a-4654-9af8-7f0cce12f69d', 'USER_UPDATE', '2021-03-26 10:39:53'),
('8ea7bb3a-b8ce-4105-b54e-7f74188f27d9', '7f4ad3a8-b9ff-4712-8091-b13df4d59cf4', 'MEDIA_APPROVE', '2021-03-29 06:46:48'),
('8f439754-3255-48ac-8e67-f6d3aea2643d', 'ee1691e1-d83a-4654-9af8-7f0cce12f69d', 'SCH_CREATE', '2021-03-26 10:39:53'),
('90077916-e8ae-40b8-bba4-9c8fd2c4cc30', '7f4ad3a8-b9ff-4712-8091-b13df4d59cf4', 'SCH_SHOW', '2021-03-29 06:46:48'),
('90b1ee38-c294-461d-94e8-b11bf42acd48', '2dd3b916-c053-442f-870b-18d7ffd8e74d', 'SP_DEVICE_DELETE', '2021-03-26 08:14:47'),
('91849ea1-46fd-43d6-bc5c-a7bfd0f3208c', '35d783b0-3a10-476b-a677-2b21edd735eb', 'TEMPLATE_DELETE', '2021-03-26 09:12:50'),
('932f24d7-ff4a-414c-9949-e151fa6ef01d', '35d783b0-3a10-476b-a677-2b21edd735eb', 'TEMPLATE_SHOW', '2021-03-26 09:12:50'),
('9431ecc1-ccb0-4707-8210-9d84a8accce9', '87824a35-bafb-438b-aee0-88b4b2ae2b29', 'MEDIA_DELETE', '2021-03-26 08:34:44'),
('9453ea09-d9a1-4df0-87f4-662572c23207', '2dd3b916-c053-442f-870b-18d7ffd8e74d', 'SP_ROLE_SHOW', '2021-03-26 08:14:47'),
('974a7dc0-f746-4a86-90cc-7ccec2c76816', '87824a35-bafb-438b-aee0-88b4b2ae2b29', 'SCH_DELETE', '2021-03-26 08:34:44'),
('9a7f15d8-8e6c-4be8-910b-412bc6a8ec08', '35d783b0-3a10-476b-a677-2b21edd735eb', 'MEDIA_APPROVE', '2021-03-26 09:12:50'),
('9afcfa72-6b39-4c64-8d01-d36b48e064d7', '7f4ad3a8-b9ff-4712-8091-b13df4d59cf4', 'ROLE_CREATE', '2021-03-29 06:46:48'),
('9b1379f8-9f62-4d47-9298-e478bf4b280f', 'd4d30cfa-32fd-4ae5-b66e-b04001bd8aa2', 'DEVICE_CREATE', '2021-03-26 06:26:56'),
('a01527b8-552a-4577-b909-2decf09080b8', '2dd3b916-c053-442f-870b-18d7ffd8e74d', 'SP_ROLE_UPDATE', '2021-03-26 08:14:47'),
('a0c647ca-160f-42ea-bddb-6007651baeee', '87824a35-bafb-438b-aee0-88b4b2ae2b29', 'TEMPLATE_UPDATE', '2021-03-26 08:34:44'),
('a26540b0-943c-4f4d-9477-3f54fb87b63c', '8096c887-bf33-4027-8bec-0e58ae9a14c8', 'DEVICE_UPDATE', '2021-03-26 07:03:59'),
('a4125144-4fdd-4759-9019-b20240a845ba', '87824a35-bafb-438b-aee0-88b4b2ae2b29', 'SCH_SHOW', '2021-03-26 08:34:44'),
('a581a1a1-6f76-49d9-ba4e-805aa13213eb', '35d783b0-3a10-476b-a677-2b21edd735eb', 'ROLE_DELETE', '2021-03-26 09:12:50'),
('a7146aac-611c-49dc-b96d-32ae71cdd729', '5f97339c-9083-4e78-9e64-6b5dd7cda5c0', 'SP_USER_CREATE', '2021-03-26 07:00:25'),
('a7e2e448-2807-480b-9c84-d65936fe5c08', '87824a35-bafb-438b-aee0-88b4b2ae2b29', 'PLAYLIST_CREATE', '2021-03-26 08:34:44'),
('a8d3aef7-6e12-4618-a04f-56ed1c4f07ff', '87824a35-bafb-438b-aee0-88b4b2ae2b29', 'ROLE_SHOW', '2021-03-26 08:34:44'),
('abcff2bf-5f82-4d31-9c07-d5b9fd6b29fb', 'ee1691e1-d83a-4654-9af8-7f0cce12f69d', 'TEMPLATE_SHOW', '2021-03-26 10:39:53'),
('ad480195-bb26-4410-8f30-97ec4bd8da4b', 'eb37145b-da45-4345-aa6a-9bef964586ea', 'USER_DELETE', '2021-03-26 09:10:26'),
('ae4fa732-bd0e-4e9b-8b36-1cb6074ff218', 'ee1691e1-d83a-4654-9af8-7f0cce12f69d', 'SCH_UPDATE', '2021-03-26 10:39:53'),
('b0f2993d-76fe-466b-8028-6348f3c479dc', '35d783b0-3a10-476b-a677-2b21edd735eb', 'USER_UPDATE', '2021-03-26 09:12:50'),
('b1e3141d-3f88-4e3d-860c-c9d3b744643f', 'ee1691e1-d83a-4654-9af8-7f0cce12f69d', 'TEMPLATE_CREATE', '2021-03-26 10:39:53'),
('b2c16c34-8f51-4438-a837-9eabc0b6f5d6', '7f4ad3a8-b9ff-4712-8091-b13df4d59cf4', 'MEDIA_UPDATE', '2021-03-29 06:46:48'),
('b464b207-e905-4326-9694-897ad358627c', '7f4ad3a8-b9ff-4712-8091-b13df4d59cf4', 'TEMPLATE_UPDATE', '2021-03-29 06:46:48'),
('b865658d-0a51-4649-b335-33e251b10fd8', '35d783b0-3a10-476b-a677-2b21edd735eb', 'PLAYLIST_CREATE', '2021-03-26 09:12:50'),
('bce4b694-7092-4d7d-a6cd-21d1847afab6', '2dd3b916-c053-442f-870b-18d7ffd8e74d', 'SP_USER_DELETE', '2021-03-26 08:14:47'),
('bd4765ad-c25b-48b8-8e2c-21278a04e711', '7f4ad3a8-b9ff-4712-8091-b13df4d59cf4', 'DEVICE_CREATE', '2021-03-29 06:46:48'),
('bd98a4ae-30a4-4fc0-9d36-5f7405f0b095', 'ee1691e1-d83a-4654-9af8-7f0cce12f69d', 'ROLE_CREATE', '2021-03-26 10:39:53'),
('be53b5cf-26a0-4826-a7b8-81ec23f0ce63', 'd4d30cfa-32fd-4ae5-b66e-b04001bd8aa2', 'PLAYLIST_UPDATE', '2021-03-26 06:26:56'),
('bed2073a-eaa3-4a97-8726-880ddc87ddc5', 'ee1691e1-d83a-4654-9af8-7f0cce12f69d', 'TEMPLATE_UPDATE', '2021-03-26 10:39:53'),
('c8236571-d832-4ae3-829d-4eb6debf1753', '2dd3b916-c053-442f-870b-18d7ffd8e74d', 'SP_GROUP_DELETE', '2021-03-26 08:14:47'),
('c8de0158-3da4-4499-8e6d-32017389549d', '2dd3b916-c053-442f-870b-18d7ffd8e74d', 'SP_GROUP_UPDATE', '2021-03-26 08:14:47'),
('c8e1a65d-cdcb-4c4c-8232-7197b38aa2f9', '7f4ad3a8-b9ff-4712-8091-b13df4d59cf4', 'SCH_CREATE', '2021-03-29 06:46:48'),
('cb2364c4-5999-4337-99f3-c4bf8fc2bdd9', '2dd3b916-c053-442f-870b-18d7ffd8e74d', 'SP_USER_UPDATE', '2021-03-26 08:14:47'),
('cdd34b05-93be-4b05-98c2-3dc2c7313b6a', '2dd3b916-c053-442f-870b-18d7ffd8e74d', 'SP_GROUP_SHOW', '2021-03-26 08:14:47'),
('cf1d6b96-2044-4a1e-8e5d-9ad16040c37f', '35d783b0-3a10-476b-a677-2b21edd735eb', 'MEDIA_DELETE', '2021-03-26 09:12:50'),
('d113ce0f-826e-4d22-99f9-6f7d4c350132', '35d783b0-3a10-476b-a677-2b21edd735eb', 'PLAYLIST_UPDATE', '2021-03-26 09:12:50'),
('d44fa6a1-e25e-4ca7-b7da-d9fb4eb0d8b4', '8096c887-bf33-4027-8bec-0e58ae9a14c8', 'DEVICE_CREATE', '2021-03-26 07:03:59'),
('d576067f-6f9f-4143-9de7-e859321173bb', 'd4d30cfa-32fd-4ae5-b66e-b04001bd8aa2', 'ROLE_UPDATE', '2021-03-26 06:26:56'),
('d6b1e742-7e0c-4941-912c-3c90f2a6b881', '35d783b0-3a10-476b-a677-2b21edd735eb', 'ROLE_UPDATE', '2021-03-26 09:12:50'),
('d750ba18-c484-4a53-b30a-7bcfc5fdcab5', 'ee1691e1-d83a-4654-9af8-7f0cce12f69d', 'DEVICE_SHOW', '2021-03-26 10:39:53'),
('d9472901-7eda-4500-bff2-b99ccc120351', 'd4d30cfa-32fd-4ae5-b66e-b04001bd8aa2', 'MEDIA_DELETE', '2021-03-26 06:26:56'),
('e1494f48-2a9f-46a9-9db1-765babf3f46d', 'd4d30cfa-32fd-4ae5-b66e-b04001bd8aa2', 'DEVICE_UPDATE', '2021-03-26 06:26:56'),
('e2a10b9b-de12-4f46-8d08-1458411db6d1', '7f4ad3a8-b9ff-4712-8091-b13df4d59cf4', 'USER_DELETE', '2021-03-29 06:46:48'),
('e2ffa66c-ef58-4f58-ad53-9318cee360a1', 'd6292cd0-d5e6-46b4-9a3c-1ca257d68e00', 'SP_GROUP_UPDATE', '2021-03-26 06:28:28'),
('e40ddfd8-3475-4004-ba42-5b2ef4be45d5', '35d783b0-3a10-476b-a677-2b21edd735eb', 'SCH_SHOW', '2021-03-26 09:12:50'),
('e5d6388e-20ee-422c-865b-c4bfe7c39941', '35d783b0-3a10-476b-a677-2b21edd735eb', 'DEVICE_UPDATE', '2021-03-26 09:12:50'),
('e6c86eeb-b6fe-4aad-b4b5-f2fa6dd19238', 'd4d30cfa-32fd-4ae5-b66e-b04001bd8aa2', 'TEMPLATE_SHOW', '2021-03-26 06:26:56'),
('f2a69fce-5ae5-4d4f-905f-f4ceb4cc7a67', 'ee1691e1-d83a-4654-9af8-7f0cce12f69d', 'SCH_DELETE', '2021-03-26 10:39:53'),
('f2ff4b6a-b2d9-4a36-bc35-2c6342118292', '5f97339c-9083-4e78-9e64-6b5dd7cda5c0', 'SP_ROLE_UPDATE', '2021-03-26 07:00:25'),
('f494857c-0e98-4024-9da8-553f27517f49', 'eb37145b-da45-4345-aa6a-9bef964586ea', 'USER_UPDATE', '2021-03-26 09:10:26'),
('f4efbc4b-f8fa-47de-a277-263c5f0076fb', '7f4ad3a8-b9ff-4712-8091-b13df4d59cf4', 'TEMPLATE_CREATE', '2021-03-29 06:46:48'),
('f5fa5af0-ac83-44ad-9117-3b4bf1f73088', '87824a35-bafb-438b-aee0-88b4b2ae2b29', 'SCH_CREATE', '2021-03-26 08:34:44'),
('f7e20e8f-5151-4a18-9fe9-90aa63186862', '87824a35-bafb-438b-aee0-88b4b2ae2b29', 'USER_CREATE', '2021-03-26 08:34:44'),
('f80281d9-0753-4ad3-ae32-b4e9f31fa505', 'ee1691e1-d83a-4654-9af8-7f0cce12f69d', 'USER_DELETE', '2021-03-26 10:39:53'),
('fb769c36-9e98-42c7-877e-040db5ffa9cb', '7f4ad3a8-b9ff-4712-8091-b13df4d59cf4', 'PLAYLIST_DELETE', '2021-03-29 06:46:48'),
('fc1efa55-17b8-4160-a84c-3ab0b7175367', '7f4ad3a8-b9ff-4712-8091-b13df4d59cf4', 'ROLE_UPDATE', '2021-03-29 06:46:48'),
('fdfdf86c-a4a5-4cda-bc36-2209b6901308', 'ee1691e1-d83a-4654-9af8-7f0cce12f69d', 'MEDIA_APPROVE', '2021-03-26 10:39:53');

-- --------------------------------------------------------

--
-- Cấu trúc bảng cho bảng `mtc_role_tbl`
--

CREATE TABLE `mtc_role_tbl` (
  `role_id` varchar(255) COLLATE utf8_unicode_ci NOT NULL,
  `role_name` varchar(255) COLLATE utf8_unicode_ci NOT NULL,
  `role_code` varchar(255) COLLATE utf8_unicode_ci NOT NULL,
  `role_level` tinyint(4) NOT NULL,
  `group_id` varchar(255) COLLATE utf8_unicode_ci DEFAULT '',
  `created_at` timestamp NOT NULL DEFAULT current_timestamp()
) ENGINE=InnoDB DEFAULT CHARSET=utf8 COLLATE=utf8_unicode_ci ROW_FORMAT=COMPACT;

--
-- Đang đổ dữ liệu cho bảng `mtc_role_tbl`
--

INSERT INTO `mtc_role_tbl` (`role_id`, `role_name`, `role_code`, `role_level`, `group_id`, `created_at`) VALUES
('2dd3b916-c053-442f-870b-18d7ffd8e74d', 'Administrator', 'Administrator', 1, NULL, '2021-03-26 06:47:56'),
('35d783b0-3a10-476b-a677-2b21edd735eb', 'Admin', 'ADMIN_Alta-Software', 0, '17262ec1-424c-46bb-90d1-8e29aae2c20f', '2021-03-26 05:07:04'),
('5f97339c-9083-4e78-9e64-6b5dd7cda5c0', 'USER MANAGER', 'USERMANAGER', 1, NULL, '2021-03-26 07:00:25'),
('7f4ad3a8-b9ff-4712-8091-b13df4d59cf4', 'Admin', 'ADMIN_THEM_IMAGE', 0, 'f3665013-4d9a-4e31-a149-640f7bf3dc0c', '2021-03-29 06:46:48'),
('8096c887-bf33-4027-8bec-0e58ae9a14c8', 'CONTENT MANAGER', 'CONTENTMANAGER', 0, 'a439e586-4aaa-4c00-857d-c9e0b760646d', '2021-03-26 07:03:59'),
('87824a35-bafb-438b-aee0-88b4b2ae2b29', 'Admin', 'ADMIN_[APP-TEST]NOTDELETE', 0, '7072788d-9a0e-4015-b4b2-561b441d9150', '2021-03-26 08:34:44'),
('d4d30cfa-32fd-4ae5-b66e-b04001bd8aa2', 'Admin', 'ADMIN_[FE]_TEST', 0, 'a439e586-4aaa-4c00-857d-c9e0b760646d', '2021-03-26 06:26:56'),
('d6292cd0-d5e6-46b4-9a3c-1ca257d68e00', 'FE Test', 'FE_TEST', 1, NULL, '2021-03-26 06:28:27'),
('eb37145b-da45-4345-aa6a-9bef964586ea', 'User Manage', 'User_Manage', 0, '17262ec1-424c-46bb-90d1-8e29aae2c20f', '2021-03-26 09:10:26'),
('ee1691e1-d83a-4654-9af8-7f0cce12f69d', 'Admin', 'ADMIN_HuyTest', 0, 'ecdedbc1-5b92-4b41-9931-0f2fed9e94ca', '2021-03-26 10:39:53');

-- --------------------------------------------------------

--
-- Cấu trúc bảng cho bảng `mtc_schedule_device`
--

CREATE TABLE `mtc_schedule_device` (
  `schedule_device_id` varchar(255) COLLATE utf8_unicode_ci NOT NULL,
  `device_id` varchar(255) COLLATE utf8_unicode_ci NOT NULL,
  `schedule_id` varchar(255) COLLATE utf8_unicode_ci NOT NULL,
  `schedule_device_created_at` timestamp NOT NULL DEFAULT current_timestamp()
) ENGINE=InnoDB DEFAULT CHARSET=utf8 COLLATE=utf8_unicode_ci ROW_FORMAT=COMPACT;

--
-- Đang đổ dữ liệu cho bảng `mtc_schedule_device`
--

INSERT INTO `mtc_schedule_device` (`schedule_device_id`, `device_id`, `schedule_id`, `schedule_device_created_at`) VALUES
('0d0a1e50-fa68-44b6-8ecf-e842529bb441', '886d1979-6332-40c7-b269-ab872cb59ed7', 'bb49651f-4126-4245-999e-21b6262ea1f9', '2021-03-30 21:49:25'),
('2b0ab272-f9fa-4417-9a20-ac174b34fdb2', '078aff4c-2d57-4751-9108-5475129e2f7e', '5d6561fb-1cb9-41a8-9a87-6b41ca2eed1c', '2021-03-28 21:00:33'),
('46b92f41-47f6-4f74-a4b5-f1e972698cee', '3a960cad-d8bd-417e-ad19-18d59fced0d2', '4d0050c6-800d-4f6f-b559-2184a028c352', '2021-03-30 21:05:47'),
('607107e7-62ae-4171-aa2b-08c2d037df9d', 'bb2c81ed-9623-4dc5-bc06-f8f0b46e4e19', 'dae23922-42af-4500-834a-cd66df8551e5', '2021-03-26 05:09:40'),
('9842e0a2-f47d-47bf-8083-86507e1d39e5', '25761545-42ba-40df-a298-4d6d6901181c', '2d5e4728-979d-473f-ae09-712ee9f13996', '2021-03-26 03:47:11'),
('ad9a1337-bfb7-4bf2-b763-b5544481d9b5', '44d21207-2407-4f3a-8864-c90d3fa45ccc', '9aed612f-2a2e-4670-ad1a-1b722f5ed570', '2021-03-27 03:42:12'),
('bad341be-96e9-45ad-a78d-7a15e3f19041', '0dff0ee9-b55e-4b98-b2f9-8abdb0607c7f', 'e773d7a2-125f-4bb8-a820-72b20a676a26', '2021-03-27 01:09:39');

-- --------------------------------------------------------

--
-- Cấu trúc bảng cho bảng `mtc_schedule_tbl`
--

CREATE TABLE `mtc_schedule_tbl` (
  `schedule_id` varchar(255) COLLATE utf8_unicode_ci NOT NULL,
  `user_id` varchar(255) COLLATE utf8_unicode_ci NOT NULL,
  `playlist_id` varchar(255) COLLATE utf8_unicode_ci NOT NULL,
  `schedule_name` varchar(255) COLLATE utf8_unicode_ci NOT NULL,
  `schedule_datetime_begin` datetime NOT NULL,
  `schedule_datetime_end` datetime NOT NULL,
  `schedule_time_begin` time NOT NULL,
  `schedule_time_end` time NOT NULL,
  `schedule_repeat` int(11) NOT NULL DEFAULT 0 COMMENT '-0 : Không lặp  -1 : Lặp theo ngày -2 : Lặp theo tuần -3 : Lặp theo tháng -4 : Lặp theo năm',
  `schedule_repeat_value` text COLLATE utf8_unicode_ci DEFAULT NULL COMMENT 'Giá trị tương ứng theo repeat (Weekly , Monthly, Yearly) sử dụng cho client',
  `schedule_repeat_value_detail` text COLLATE utf8_unicode_ci DEFAULT NULL COMMENT 'Giá trị tương ứng theo repeat quy ra ngày để server check ',
  `schedule_loop` tinyint(2) NOT NULL DEFAULT 0,
  `schedule_sequential` int(11) NOT NULL DEFAULT 0,
  `schedule_created_at` timestamp NOT NULL DEFAULT current_timestamp()
) ENGINE=InnoDB DEFAULT CHARSET=utf8 COLLATE=utf8_unicode_ci;

--
-- Đang đổ dữ liệu cho bảng `mtc_schedule_tbl`
--

INSERT INTO `mtc_schedule_tbl` (`schedule_id`, `user_id`, `playlist_id`, `schedule_name`, `schedule_datetime_begin`, `schedule_datetime_end`, `schedule_time_begin`, `schedule_time_end`, `schedule_repeat`, `schedule_repeat_value`, `schedule_repeat_value_detail`, `schedule_loop`, `schedule_sequential`, `schedule_created_at`) VALUES
('2d5e4728-979d-473f-ae09-712ee9f13996', '64a993db-8dbc-4995-9259-aacb6a138b28', 'f51036a7-6a67-4066-aa15-8c605804d612', 'TestHuy', '2021-03-26 00:00:00', '2021-05-29 23:59:59', '00:00:00', '23:59:59', 1, NULL, NULL, 0, 0, '2021-03-26 03:46:22'),
('4d0050c6-800d-4f6f-b559-2184a028c352', 'f55d37fa-51dd-4ea6-b70c-6065410de2b3', '66a5de92-2188-4916-a5bd-13eb6b3e4ce7', 'Schedule 2', '2021-03-30 00:00:00', '2022-03-10 23:59:59', '00:00:00', '23:00:00', 1, NULL, NULL, 0, 1, '2021-03-30 01:30:07'),
('5d6561fb-1cb9-41a8-9a87-6b41ca2eed1c', '223cfe4e-be4e-4607-bd42-4844f3257861', 'fd278dde-baea-406a-a25a-11df84f5c183', 'All Time 26-03-2021', '2021-03-26 00:00:00', '2021-03-31 23:59:59', '00:00:00', '20:59:59', 1, NULL, NULL, 0, 0, '2021-03-26 01:48:46'),
('97b1c7e5-39a1-43e8-9588-5c6d254fc945', 'f55d37fa-51dd-4ea6-b70c-6065410de2b3', 'a3a14acd-7515-4d22-9ac6-8cb3ad7aa25e', 'Schedule 1', '2021-03-26 00:00:00', '2022-03-31 23:59:59', '00:00:00', '23:59:59', 1, NULL, NULL, 0, 0, '2021-03-26 01:58:17'),
('9aed612f-2a2e-4670-ad1a-1b722f5ed570', 'a2c51c65-fd5c-45f2-a643-e841de5f7729', '9c4c7620-68fd-4338-8eb4-b8618d70e147', 'tesst', '2021-03-27 00:00:00', '2021-04-10 23:59:59', '22:00:00', '23:08:00', 2, '[\"Mon\",\"Wed\",\"Fri\"]', '[\"2021-03-29\",\"2021-04-05\",\"2021-03-31\",\"2021-04-07\",\"2021-04-02\",\"2021-04-09\"]', 0, 0, '2021-03-27 03:34:49'),
('bb49651f-4126-4245-999e-21b6262ea1f9', 'f55d37fa-51dd-4ea6-b70c-6065410de2b3', 'cc0718c7-8fb1-4a57-9e1b-ab36d1b9f563', 'Schedule Test Giang', '2021-03-31 00:00:00', '2021-04-10 23:59:59', '00:00:00', '23:00:00', 1, NULL, NULL, 0, 1, '2021-03-30 19:51:57'),
('dae23922-42af-4500-834a-cd66df8551e5', '223cfe4e-be4e-4607-bd42-4844f3257861', 'fd278dde-baea-406a-a25a-11df84f5c183', 'TTC', '2021-03-27 00:00:00', '2021-04-30 23:59:59', '00:00:00', '10:00:00', 2, '[\"Mon\",\"Thu\",\"Fri\",\"Sat\",\"Sun\"]', '[\"2021-03-29\",\"2021-04-05\",\"2021-04-12\",\"2021-04-19\",\"2021-04-26\",\"2021-04-01\",\"2021-04-08\",\"2021-04-15\",\"2021-04-22\",\"2021-04-29\",\"2021-04-02\",\"2021-04-09\",\"2021-04-16\",\"2021-04-23\",\"2021-04-30\",\"2021-03-27\",\"2021-04-03\",\"2021-04-10\",\"2021-04-17\",\"2021-04-24\",\"2021-03-28\",\"2021-04-04\",\"2021-04-11\",\"2021-04-18\",\"2021-04-25\"]', 0, 0, '2021-03-26 05:02:31'),
('e773d7a2-125f-4bb8-a820-72b20a676a26', 'a2c51c65-fd5c-45f2-a643-e841de5f7729', '9c4c7620-68fd-4338-8eb4-b8618d70e147', '1', '2021-03-27 00:00:00', '2021-03-27 23:59:59', '00:00:00', '15:06:59', 0, NULL, NULL, 0, 0, '2021-03-27 01:08:24');

-- --------------------------------------------------------

--
-- Cấu trúc bảng cho bảng `mtc_setting_tbl`
--

CREATE TABLE `mtc_setting_tbl` (
  `setting_id` int(11) NOT NULL,
  `setting_key` varchar(255) COLLATE utf8_unicode_ci NOT NULL,
  `setting_value` longtext COLLATE utf8_unicode_ci DEFAULT NULL,
  `setting_type` tinyint(3) NOT NULL DEFAULT 1 COMMENT '1 : là chuỗi, 2 : object, 3 : array.',
  `created_at` timestamp NOT NULL DEFAULT current_timestamp(),
  `updated_at` timestamp NOT NULL DEFAULT '0000-00-00 00:00:00'
) ENGINE=InnoDB DEFAULT CHARSET=utf8 COLLATE=utf8_unicode_ci;

--
-- Đang đổ dữ liệu cho bảng `mtc_setting_tbl`
--

INSERT INTO `mtc_setting_tbl` (`setting_id`, `setting_key`, `setting_value`, `setting_type`, `created_at`, `updated_at`) VALUES
(1, 'template', '[{\"id\":\"9-16\",\"value\":\"9/16\"},{\"id\":\"16-9\",\"value\":\"16/9\"},{\"id\":\"1976-520\",\"value\":\"1976/520\"},{\"id\":\"1976-1040\",\"value\":\"1976/1040\"},{\"id\":\"768-256\",\"value\":\"768/256\"}]', 3, '2020-05-13 04:59:12', '2020-05-13 04:59:12'),
(12, 'change_token', '1', 1, '2021-03-25 04:06:43', '2021-03-25 04:06:44'),
(13, 'session_login', '5', 1, '2021-03-25 04:07:32', '2021-03-25 04:07:33');

-- --------------------------------------------------------

--
-- Cấu trúc bảng cho bảng `mtc_template_detail`
--

CREATE TABLE `mtc_template_detail` (
  `temp_detail_id` varchar(255) COLLATE utf8_unicode_ci NOT NULL,
  `template_id` varchar(255) COLLATE utf8_unicode_ci NOT NULL,
  `media_id` varchar(255) COLLATE utf8_unicode_ci NOT NULL,
  `temp_detail_ratio_x` float DEFAULT NULL,
  `temp_detail_ratio_y` float DEFAULT NULL,
  `temp_detail_rotate` int(11) NOT NULL DEFAULT 2,
  `temp_detail_zindex` int(11) NOT NULL,
  `temp_detail_created_at` timestamp NOT NULL DEFAULT current_timestamp(),
  `temp_detail_point_width` double DEFAULT NULL,
  `temp_detail_point_height` double DEFAULT NULL
) ENGINE=InnoDB DEFAULT CHARSET=utf8 COLLATE=utf8_unicode_ci;

--
-- Đang đổ dữ liệu cho bảng `mtc_template_detail`
--

INSERT INTO `mtc_template_detail` (`temp_detail_id`, `template_id`, `media_id`, `temp_detail_ratio_x`, `temp_detail_ratio_y`, `temp_detail_rotate`, `temp_detail_zindex`, `temp_detail_created_at`, `temp_detail_point_width`, `temp_detail_point_height`) VALUES
('0729e799-7b34-497f-b3f4-b6ab45229399', '55c4ab38-1167-46ec-bde3-1b8e12a50838', 'a4b2df04-b45c-453f-aed2-625979b3e764', 49.93, 0, 2, 0, '2021-03-29 23:03:34', 50, 99.26),
('08b3b8a4-8275-456f-ae88-86fcf8ee5b31', '8fa5d698-e398-4dd8-8031-817bb2bf9bbb', 'f061a1dd-63d1-4ac1-8efe-73d9e28684a0', 0, 0, 2, 0, '2021-03-30 20:52:41', 50, 50),
('11b760c2-fe15-472a-b938-915da804afe4', '3ffbd574-a173-47ba-ad80-73dcf4c22af1', 'a4b2df04-b45c-453f-aed2-625979b3e764', 0, 0, 2, 0, '2021-03-30 03:06:45', 54, 34),
('46b1fb46-5c8b-4ecd-bcc8-206a4af7d7eb', '2b69378c-f199-44ff-b265-9b97956a8abe', '8cd36e29-181b-4be7-93c6-3f1f1bfdc236', 0, 33.75, 2, 0, '2021-03-31 00:54:56', 100, 32.25),
('48b44014-b7d5-4392-9c15-a87732f279a5', '9e5ff841-c7b9-4965-bd8b-320967df1c4d', '8fd93ca2-62e3-4ccf-8a12-a6790435ceb8', 49.48, 0, 2, 0, '2021-03-31 00:53:02', 50, 50),
('4981c454-eacd-405c-8745-d09f0fba4fe0', '63b92d84-7118-43b0-ba88-c674c680f40d', 'f061a1dd-63d1-4ac1-8efe-73d9e28684a0', 0, 0, 2, 0, '2021-03-30 20:52:47', 50, 50),
('54790a8f-802b-4ead-9295-f9b7e21c2a47', '201c6f47-d4f7-42c8-8013-374908c01249', 'a4b2df04-b45c-453f-aed2-625979b3e764', 0, 0, 2, 0, '2021-03-29 01:11:05', 0, 0),
('58d717fc-c644-41dc-954a-e7be40fccf1b', '395ee5c4-3c75-473f-8e38-fa2c1936d888', '27aca690-d1fe-4311-ab14-a74b58da229a', 0.7, 0, 2, 0, '2021-03-26 05:49:58', 50, 50),
('7ddaa7fa-da25-43ed-b6cf-24624bcf444f', '395ee5c4-3c75-473f-8e38-fa2c1936d888', '27aca690-d1fe-4311-ab14-a74b58da229a', 0.7, 49.44, 2, 0, '2021-03-26 05:49:58', 50, 50),
('8e021cfd-d335-4088-9dcd-dfc5b4a076e4', '2b69378c-f199-44ff-b265-9b97956a8abe', 'a4b2df04-b45c-453f-aed2-625979b3e764', 0, 0, 2, 1, '2021-03-31 00:54:56', 100, 34.25),
('97107b24-b131-4e5d-9867-e0cc45699840', '9e5ff841-c7b9-4965-bd8b-320967df1c4d', '8fd93ca2-62e3-4ccf-8a12-a6790435ceb8', 2.22, 47.5, 2, 0, '2021-03-31 00:53:02', 50, 50),
('9c637db4-2c4e-41b7-bf25-fd795e9a56d2', '395ee5c4-3c75-473f-8e38-fa2c1936d888', '4c1366d2-2ecd-4cd0-90bd-bffe061c7eae', 50.63, 52.11, 2, 0, '2021-03-26 05:49:58', 50, 50),
('9c9e191c-9656-40cc-bd9b-0febc5d9bf8d', '2b69378c-f199-44ff-b265-9b97956a8abe', '444b10a9-0eda-44e8-80f5-b7ffd3253711', 0, 65, 2, 1, '2021-03-31 00:54:56', 100, 34.25),
('c396569f-dc1a-4ace-8414-b3f24faed461', '3ffbd574-a173-47ba-ad80-73dcf4c22af1', '444b10a9-0eda-44e8-80f5-b7ffd3253711', 44.44, 70, 2, 0, '2021-03-30 03:06:45', 53.11, 29.5),
('c968eec4-546f-427e-8c44-8fc512954b00', '395ee5c4-3c75-473f-8e38-fa2c1936d888', '4c1366d2-2ecd-4cd0-90bd-bffe061c7eae', 49.93, 1.34, 2, 0, '2021-03-26 05:49:58', 50, 50),
('d7987e8b-d24c-4e9e-803b-3f54683c0240', '8e3b4b42-7a46-4f55-ba5c-3dabcc1c1522', '4ece4b1f-0658-49b5-ac65-a14473118825', 0, 0, 2, 0, '2021-03-26 02:23:17', 93.56, 35),
('ffd1bad4-fe51-4b7a-8f45-65d58335a6ef', '55c4ab38-1167-46ec-bde3-1b8e12a50838', '444b10a9-0eda-44e8-80f5-b7ffd3253711', 0, 0, 2, 0, '2021-03-29 23:03:34', 50, 100.01);

-- --------------------------------------------------------

--
-- Cấu trúc bảng cho bảng `mtc_template_share`
--

CREATE TABLE `mtc_template_share` (
  `template_share_id` varchar(255) COLLATE utf8_unicode_ci NOT NULL,
  `template_id` varchar(255) COLLATE utf8_unicode_ci NOT NULL,
  `user_owner` varchar(255) COLLATE utf8_unicode_ci NOT NULL,
  `group_id` varchar(255) COLLATE utf8_unicode_ci NOT NULL,
  `template_share_created_at` timestamp NOT NULL DEFAULT current_timestamp()
) ENGINE=InnoDB DEFAULT CHARSET=utf8 COLLATE=utf8_unicode_ci;

--
-- Đang đổ dữ liệu cho bảng `mtc_template_share`
--

INSERT INTO `mtc_template_share` (`template_share_id`, `template_id`, `user_owner`, `group_id`, `template_share_created_at`) VALUES
('bcad0d09-b6f5-4257-81e6-f768195aaf5e', '395ee5c4-3c75-473f-8e38-fa2c1936d888', '223cfe4e-be4e-4607-bd42-4844f3257861', '17262ec1-424c-46bb-90d1-8e29aae2c20f', '2021-03-26 01:31:30');

-- --------------------------------------------------------

--
-- Cấu trúc bảng cho bảng `mtc_template_tbl`
--

CREATE TABLE `mtc_template_tbl` (
  `template_id` varchar(255) COLLATE utf8_unicode_ci NOT NULL,
  `user_id` varchar(255) COLLATE utf8_unicode_ci NOT NULL,
  `template_name` varchar(255) COLLATE utf8_unicode_ci NOT NULL,
  `template_ratio_x` float DEFAULT NULL,
  `template_ratio_y` float DEFAULT NULL,
  `template_duration` time DEFAULT NULL,
  `template_rotate` int(11) DEFAULT 2,
  `template_default` bit(1) NOT NULL DEFAULT b'0',
  `template_created_at` timestamp NOT NULL DEFAULT current_timestamp()
) ENGINE=InnoDB DEFAULT CHARSET=utf8 COLLATE=utf8_unicode_ci;

--
-- Đang đổ dữ liệu cho bảng `mtc_template_tbl`
--

INSERT INTO `mtc_template_tbl` (`template_id`, `user_id`, `template_name`, `template_ratio_x`, `template_ratio_y`, `template_duration`, `template_rotate`, `template_default`, `template_created_at`) VALUES
('201c6f47-d4f7-42c8-8013-374908c01249', '223cfe4e-be4e-4607-bd42-4844f3257861', 'Default_201c6f47-d4f7-42c8-8013-374908c01249', 0, 0, NULL, 2, b'1', '2021-03-29 01:11:05'),
('2b69378c-f199-44ff-b265-9b97956a8abe', 'bb092204-445e-47af-9bff-812537020136', 'Template 2', 9, 16, NULL, 2, b'0', '2021-03-26 01:45:34'),
('395ee5c4-3c75-473f-8e38-fa2c1936d888', '223cfe4e-be4e-4607-bd42-4844f3257861', 'AN', 1976, 1040, NULL, 2, b'0', '2021-03-26 01:22:55'),
('3ffbd574-a173-47ba-ad80-73dcf4c22af1', 'bb092204-445e-47af-9bff-812537020136', 'Template 3', 9, 16, NULL, 2, b'0', '2021-03-26 01:46:52'),
('55c4ab38-1167-46ec-bde3-1b8e12a50838', 'bb092204-445e-47af-9bff-812537020136', 'Template 1', 16, 9, NULL, 2, b'0', '2021-03-26 01:44:26'),
('63b92d84-7118-43b0-ba88-c674c680f40d', 'f55d37fa-51dd-4ea6-b70c-6065410de2b3', 'Template test Giang', 16, 9, NULL, 2, b'0', '2021-03-29 23:55:46'),
('8e3b4b42-7a46-4f55-ba5c-3dabcc1c1522', 'a2c51c65-fd5c-45f2-a643-e841de5f7729', 'test hoa', 9, 16, NULL, 2, b'0', '2021-03-26 02:23:17'),
('8fa5d698-e398-4dd8-8031-817bb2bf9bbb', 'f55d37fa-51dd-4ea6-b70c-6065410de2b3', 'Template test Giang 2', 16, 9, NULL, 2, b'0', '2021-03-30 19:56:01'),
('9e5ff841-c7b9-4965-bd8b-320967df1c4d', '64a993db-8dbc-4995-9259-aacb6a138b28', 'Test', 1976, 520, NULL, 2, b'0', '2021-03-26 03:41:53');

-- --------------------------------------------------------

--
-- Cấu trúc bảng cho bảng `mtc_user_permission`
--

CREATE TABLE `mtc_user_permission` (
  `user_permission_id` varchar(255) COLLATE utf8_unicode_ci NOT NULL,
  `user_id` varchar(255) COLLATE utf8_unicode_ci NOT NULL,
  `permission_code` varchar(255) COLLATE utf8_unicode_ci NOT NULL
) ENGINE=InnoDB DEFAULT CHARSET=utf8 COLLATE=utf8_unicode_ci ROW_FORMAT=COMPACT;

--
-- Đang đổ dữ liệu cho bảng `mtc_user_permission`
--

INSERT INTO `mtc_user_permission` (`user_permission_id`, `user_id`, `permission_code`) VALUES
('01520585-198c-4064-998e-e73189b7a3cf', '64a993db-8dbc-4995-9259-aacb6a138b28', 'ROLE_DELETE'),
('0164ad79-1fda-4d7d-b2b7-528ac4d23e42', 'ef40d8ba-5f36-4f08-b1be-01fe22cdc292', 'TEMPLATE_DELETE'),
('0168376d-b4ef-4ee9-b70c-e45d0a054953', '223cfe4e-be4e-4607-bd42-4844f3257861', 'MEDIA_CREATE'),
('01757f5d-1732-48d2-8c0b-128dfaa8a268', 'f55d37fa-51dd-4ea6-b70c-6065410de2b3', 'TEMPLATE_DELETE'),
('02562977-d914-4bd4-92b9-f1a6cc108275', '008632fe-c279-48c1-b89e-882fdcb99e8f', 'SP_GROUP_DELETE'),
('05114b3e-86b8-489f-b80c-baa91d238cd1', '9d4c668f-4e58-464d-9088-cbef3c900763', 'SP_GROUP_CREATE'),
('0542d7ff-bb21-4698-a37f-33e7fdd774b2', '008632fe-c279-48c1-b89e-882fdcb99e8f', 'SP_DEVICE_SHOW'),
('069cc718-3b3e-4f29-b711-30d53f3b6b15', '9b6f256d-84d1-4f72-94a0-c2e351f63eb0', 'SP_GROUP_CREATE'),
('06f03417-7ae9-458d-bc6c-a7b2ebfa62b2', '64a993db-8dbc-4995-9259-aacb6a138b28', 'USER_UPDATE'),
('07283714-bb5a-4bdd-84dc-9d33cf5f0001', '64a993db-8dbc-4995-9259-aacb6a138b28', 'SCH_SHOW'),
('074ee550-b231-4c0f-add3-9fd8c27940d1', 'a2c51c65-fd5c-45f2-a643-e841de5f7729', 'TEMPLATE_SHOW'),
('080a86d8-f5a4-4720-afa1-d17450ce9598', 'f55d37fa-51dd-4ea6-b70c-6065410de2b3', 'DEVICE_UPDATE'),
('08277523-9322-4136-814f-f58ff388e852', '15daba4b-8026-48e4-8fa6-07d2940e0243', 'DEVICE_DELETE'),
('087ea81b-060e-4b32-b955-de08cbb06ff2', '15daba4b-8026-48e4-8fa6-07d2940e0243', 'TEMPLATE_CREATE'),
('08ba2a03-cfe1-4145-96dd-ddef3bc5a8d4', '223cfe4e-be4e-4607-bd42-4844f3257861', 'ROLE_CREATE'),
('08df7598-fa69-4f77-9285-b1cc864abc38', 'd2aefbb8-0046-4d71-8e0d-e970ee919ec4', 'SP_GROUP_CREATE'),
('0b053cb5-e23d-4cb5-8858-2eb27fddb782', 'bb092204-445e-47af-9bff-812537020136', 'SCH_CREATE'),
('0f151f59-4183-4b25-a67d-ec2f0959d9c3', '64a993db-8dbc-4995-9259-aacb6a138b28', 'SCH_DELETE'),
('0f6a14da-acee-4c53-aa1e-3b92f686c919', '15daba4b-8026-48e4-8fa6-07d2940e0243', 'DEVICE_CREATE'),
('100b0ead-402e-4c57-8527-5ed1a215c237', 'f55d37fa-51dd-4ea6-b70c-6065410de2b3', 'ROLE_CREATE'),
('11805066-e740-4b75-b10d-1cb6bc0e506a', 'ef40d8ba-5f36-4f08-b1be-01fe22cdc292', 'DEVICE_SHOW'),
('13d72d6d-98cb-41a6-a37c-ef8713876328', 'a2c51c65-fd5c-45f2-a643-e841de5f7729', 'USER_UPDATE'),
('140af6b4-d312-4851-9dfb-74e36a73a3bf', '223cfe4e-be4e-4607-bd42-4844f3257861', 'PLAYLIST_CREATE'),
('16508fb4-c95d-49cc-9b0a-9169a4525de9', '64a993db-8dbc-4995-9259-aacb6a138b28', 'PLAYLIST_UPDATE'),
('17709620-31c7-4f8f-8cc6-c02f81d38e14', 'a2c51c65-fd5c-45f2-a643-e841de5f7729', 'TEMPLATE_DELETE'),
('181e1eed-27e5-47c2-96a6-741b2934841e', 'ef40d8ba-5f36-4f08-b1be-01fe22cdc292', 'PLAYLIST_CREATE'),
('19310e7b-f739-4f24-a4e1-77080b377b48', 'a2c51c65-fd5c-45f2-a643-e841de5f7729', 'TEMPLATE_CREATE'),
('1975e75a-21ba-400d-8452-b4592c5cd3ca', 'b18348d6-865c-4ffd-991f-8663142427ff', 'SP_DEVICE_DELETE'),
('1bd32fa9-b54c-4939-9f02-e13d36a525b0', '223cfe4e-be4e-4607-bd42-4844f3257861', 'SCH_CREATE'),
('1bfac724-e086-476d-aa71-74440fe9e4d6', '223cfe4e-be4e-4607-bd42-4844f3257861', 'USER_UPDATE'),
('1d50d4c4-dd2d-49e9-9eef-25c0dd37934d', '223cfe4e-be4e-4607-bd42-4844f3257861', 'ROLE_UPDATE'),
('1f5eb33a-88a2-4fab-be03-f41b2deb452d', '223cfe4e-be4e-4607-bd42-4844f3257861', 'PLAYLIST_UPDATE'),
('223cfe4e-be4e-4607-bd42-4844f32578622', '223cfe4e-be4e-4607-bd42-4844f3257861', 'TEMPLATE_SHARE'),
('22dc307f-b075-4ef3-a718-9c8fce3c42a3', 'ef40d8ba-5f36-4f08-b1be-01fe22cdc292', 'PLAYLIST_DELETE'),
('251ddc38-71c6-4bb1-beb0-df94f113d525', 'f55d37fa-51dd-4ea6-b70c-6065410de2b3', 'USER_SHOW'),
('256a3a38-dad2-4390-9d3f-6b4690995508', 'ef40d8ba-5f36-4f08-b1be-01fe22cdc292', 'PLAYLIST_UPDATE'),
('2bdf65c6-c05c-4551-9d10-2acb024b8aec', 'bb092204-445e-47af-9bff-812537020136', 'USER_UPDATE'),
('2fcaada7-c346-4363-9bd3-b2dce1c1d9f9', 'bb092204-445e-47af-9bff-812537020136', 'DEVICE_SHOW'),
('32df7f85-cb87-4329-a707-032f1232434e', 'ef40d8ba-5f36-4f08-b1be-01fe22cdc292', 'SCH_DELETE'),
('33a312cf-35be-4394-aa59-59273e8596fa', '64a993db-8dbc-4995-9259-aacb6a138b28', 'ROLE_CREATE'),
('36380565-2daa-4907-b169-8af2efc64ffa', 'ef40d8ba-5f36-4f08-b1be-01fe22cdc292', 'MEDIA_APPROVE'),
('36844b14-de71-436e-8e09-194a2b0ffa56', 'bb092204-445e-47af-9bff-812537020136', 'MEDIA_APPROVE'),
('36c7fa2b-087c-48ed-b191-78cb4f1e4fa9', '008632fe-c279-48c1-b89e-882fdcb99e8f', 'SP_GROUP_CREATE'),
('38738b9c-a44e-436c-9a18-9079cbdeb7ac', '15daba4b-8026-48e4-8fa6-07d2940e0243', 'USER_CREATE'),
('39e38b4e-aa05-420f-b804-8596d9704c99', '15daba4b-8026-48e4-8fa6-07d2940e0243', 'ROLE_DELETE'),
('3a1a1157-9ef2-4ed9-abf3-223871561db7', 'f55d37fa-51dd-4ea6-b70c-6065410de2b3', 'TEMPLATE_SHOW'),
('3c8b36bf-4796-43e6-908a-8bc6903eddff', 'bb092204-445e-47af-9bff-812537020136', 'MEDIA_UPDATE'),
('3ce6483b-cea4-48e7-9a51-e601a929eb57', '15daba4b-8026-48e4-8fa6-07d2940e0243', 'ROLE_SHOW'),
('3ce69bd6-fe9b-44aa-a63c-6fb081662ec3', '223cfe4e-be4e-4607-bd42-4844f3257861', 'SCH_DELETE'),
('3dcb7975-07f5-494d-b9b6-06d7178c7028', '008632fe-c279-48c1-b89e-882fdcb99e8f', 'SP_ROLE_SHOW'),
('3e752128-cef9-40c9-a56c-2f5e12a5ccb1', '223cfe4e-be4e-4607-bd42-4844f3257861', 'PLAYLIST_DELETE'),
('3f486e7c-cc73-441c-9991-18e5dff4fa64', 'bb092204-445e-47af-9bff-812537020136', 'ROLE_CREATE'),
('402c9c5f-8d83-4421-a902-d3cc6249f52a', '64a993db-8dbc-4995-9259-aacb6a138b28', 'PLAYLIST_CREATE'),
('40affbd7-e484-45a9-8625-808dbbf5aa19', 'ef40d8ba-5f36-4f08-b1be-01fe22cdc292', 'ROLE_UPDATE'),
('4128c4bc-1434-4794-a73e-4ce59b1fd08b', '64a993db-8dbc-4995-9259-aacb6a138b28', 'DEVICE_UPDATE'),
('4223d177-30bc-4dfe-b874-c91b0b6d48a3', 'b18348d6-865c-4ffd-991f-8663142427ff', 'SP_GROUP_UPDATE'),
('4634e636-bcf9-4dec-a1d8-437aba13df1d', '15daba4b-8026-48e4-8fa6-07d2940e0243', 'MEDIA_CREATE'),
('48ca6d79-3930-421a-8d4c-83f8c89e2c57', '64a993db-8dbc-4995-9259-aacb6a138b28', 'TEMPLATE_UPDATE'),
('4ae033a8-3a7a-4d70-ad7b-c1b0296f0bdd', 'f55d37fa-51dd-4ea6-b70c-6065410de2b3', 'USER_UPDATE'),
('4bcecd99-e5dc-4530-8749-27cc5de4e3ca', '223cfe4e-be4e-4607-bd42-4844f3257861', 'TEMPLATE_CREATE'),
('4c5cd4dd-e583-4b98-bac1-1c42aa8629aa', '223cfe4e-be4e-4607-bd42-4844f3257861', 'SCH_UPDATE'),
('4d0c431c-22e0-49f6-ac3b-9a585309a422', '15daba4b-8026-48e4-8fa6-07d2940e0243', 'ROLE_CREATE'),
('4dc3cc24-c1cc-4f26-a5a6-b2b5912dfc8b', '15daba4b-8026-48e4-8fa6-07d2940e0243', 'SCH_CREATE'),
('4ecc055f-cf7e-4726-b1a6-9157be1a90a6', 'f55d37fa-51dd-4ea6-b70c-6065410de2b3', 'PLAYLIST_UPDATE'),
('4f8e7022-9b88-4239-99c4-f2e9887935a2', '008632fe-c279-48c1-b89e-882fdcb99e8f', 'SP_DEVICE_CREATE'),
('4fdfd39b-742f-49fd-8a35-342a277961bf', 'a2c51c65-fd5c-45f2-a643-e841de5f7729', 'SCH_SHOW'),
('50db2bf7-4812-42c2-9f23-e20559b0783c', 'ef40d8ba-5f36-4f08-b1be-01fe22cdc292', 'ROLE_CREATE'),
('525c1aad-da4e-4c1a-97a8-7670254eac7a', 'f55d37fa-51dd-4ea6-b70c-6065410de2b3', 'DEVICE_SHOW'),
('53b077e9-af44-41fc-81d3-5565c98ef58d', '15daba4b-8026-48e4-8fa6-07d2940e0243', 'USER_SHOW'),
('53d33485-9b5b-434b-829b-77bc7ea9eb17', 'bb092204-445e-47af-9bff-812537020136', 'ROLE_SHOW'),
('54265fab-33e0-49eb-8f90-9d2ce2c2d2fb', 'bb092204-445e-47af-9bff-812537020136', 'USER_CREATE'),
('5653d1b3-8286-467e-8cfe-2ffc71e20dae', 'bb092204-445e-47af-9bff-812537020136', 'PLAYLIST_DELETE'),
('56915866-66d3-446b-a438-73d1a67577e4', 'f55d37fa-51dd-4ea6-b70c-6065410de2b3', 'SCH_CREATE'),
('56fcf90f-e33c-489b-97ff-4f8028b02047', 'bb092204-445e-47af-9bff-812537020136', 'TEMPLATE_CREATE'),
('58617adb-d86e-4871-8240-c9c198868188', 'f55d37fa-51dd-4ea6-b70c-6065410de2b3', 'MEDIA_APPROVE'),
('5866f1ef-3fb0-4ec3-ae74-de3fab026023', '223cfe4e-be4e-4607-bd42-4844f3257861', 'DEVICE_UPDATE'),
('5888461e-6515-4623-9689-8b710a4d0daa', 'ef40d8ba-5f36-4f08-b1be-01fe22cdc292', 'USER_UPDATE'),
('5969978a-5cd9-4cbf-90e8-d510f20de048', '64a993db-8dbc-4995-9259-aacb6a138b28', 'DEVICE_DELETE'),
('5aa883bc-7399-4b96-bbab-10d8b731628c', '15daba4b-8026-48e4-8fa6-07d2940e0243', 'ROLE_UPDATE'),
('5b76e56d-add6-4e49-b71c-f37067a5e11d', 'b18348d6-865c-4ffd-991f-8663142427ff', 'SP_GROUP_CREATE'),
('5e5531b3-7989-421e-b5a1-704c5198b600', 'f55d37fa-51dd-4ea6-b70c-6065410de2b3', 'PLAYLIST_DELETE'),
('5e84e2ce-8323-413f-a3b8-ebc8ae65a0da', 'a2c51c65-fd5c-45f2-a643-e841de5f7729', 'USER_SHOW'),
('5e9afcb9-6e90-41d9-afd8-ef26d8698d1f', '15daba4b-8026-48e4-8fa6-07d2940e0243', 'TEMPLATE_DELETE'),
('5f6a92b8-e4f1-44a7-9a26-ac8c07106be2', 'bb092204-445e-47af-9bff-812537020136', 'ROLE_DELETE'),
('62ff23e4-e5af-4a84-b990-2dd9913d338b', '223cfe4e-be4e-4607-bd42-4844f3257861', 'ROLE_SHOW'),
('634ce7a4-ec97-4746-8ded-08aaaad324e1', '008632fe-c279-48c1-b89e-882fdcb99e8f', 'SP_USER_CREATE'),
('652fa090-ba1d-4764-b427-08fa79cc85d8', 'f55d37fa-51dd-4ea6-b70c-6065410de2b3', 'MEDIA_DELETE'),
('65ee7f6d-2ed8-4a3f-a05d-3fc1383674f8', 'ef40d8ba-5f36-4f08-b1be-01fe22cdc292', 'MEDIA_UPDATE'),
('66094c04-ad57-424b-a000-4a752643e2b2', 'f55d37fa-51dd-4ea6-b70c-6065410de2b3', 'DEVICE_CREATE'),
('6878cf47-427d-4bd7-94fb-aaea4ea53da3', 'ef40d8ba-5f36-4f08-b1be-01fe22cdc292', 'TEMPLATE_SHOW'),
('699ddf1b-113a-4221-93f0-bf470ce77e48', '008632fe-c279-48c1-b89e-882fdcb99e8f', 'SP_DEVICE_UPDATE'),
('69b86a67-4254-43ab-852e-e3896b32b31c', 'ef40d8ba-5f36-4f08-b1be-01fe22cdc292', 'SCH_UPDATE'),
('6a3dd3f4-8be0-40b2-a6a4-a2bcf350246a', '64a993db-8dbc-4995-9259-aacb6a138b28', 'PLAYLIST_DELETE'),
('6aaa8ce3-66aa-41d5-9be7-bd824bc2c048', 'ef40d8ba-5f36-4f08-b1be-01fe22cdc292', 'USER_CREATE'),
('6c31c201-9526-4d46-a0bc-afaf5e42bed6', 'ef40d8ba-5f36-4f08-b1be-01fe22cdc292', 'DEVICE_UPDATE'),
('6c74f8dc-18c5-482d-be95-eb8386499c2c', '64a993db-8dbc-4995-9259-aacb6a138b28', 'TEMPLATE_CREATE'),
('6d010e07-f2f6-40b4-a710-1c80773074ff', '223cfe4e-be4e-4607-bd42-4844f3257861', 'USER_DELETE'),
('6dc525fc-179d-4034-a4d1-65f1bb9f751f', '15daba4b-8026-48e4-8fa6-07d2940e0243', 'PLAYLIST_UPDATE'),
('6f996eee-8b3d-42ce-9f3b-b9afc86f79b7', '223cfe4e-be4e-4607-bd42-4844f3257861', 'ROLE_DELETE'),
('6fb3b6a6-636b-4dca-a3c2-86759a2b6e50', 'ef40d8ba-5f36-4f08-b1be-01fe22cdc292', 'SCH_CREATE'),
('7004d508-b07f-4f79-be5b-e5ddd1ceb348', '64a993db-8dbc-4995-9259-aacb6a138b28', 'TEMPLATE_DELETE'),
('7077ae6f-fabb-4a41-bf55-8f0fc032a5c3', '15daba4b-8026-48e4-8fa6-07d2940e0243', 'PLAYLIST_CREATE'),
('70a921f4-60af-44ea-ab46-37e6c7a0ada7', 'bb092204-445e-47af-9bff-812537020136', 'USER_DELETE'),
('73cedc41-b091-4bfb-8b84-592ebf4bbc92', '64a993db-8dbc-4995-9259-aacb6a138b28', 'ROLE_SHOW'),
('742e361b-3d14-48ce-ba12-36c089132cb9', 'a2c51c65-fd5c-45f2-a643-e841de5f7729', 'SCH_DELETE'),
('75288258-c6a1-4c07-9596-4b2b15249b9f', '223cfe4e-be4e-4607-bd42-4844f3257861', 'MEDIA_UPDATE'),
('7893d086-3c27-4073-a266-808fef2b4948', '223cfe4e-be4e-4607-bd42-4844f3257861', 'DEVICE_DELETE'),
('7a414466-fe2f-4ecf-8cfa-a664caaa43eb', 'f55d37fa-51dd-4ea6-b70c-6065410de2b3', 'USER_CREATE'),
('7c172d40-eada-406d-9e4f-54998b6dcfe6', 'a2c51c65-fd5c-45f2-a643-e841de5f7729', 'PLAYLIST_UPDATE'),
('801463f2-da74-4b1f-9ead-33fe44a76e30', '223cfe4e-be4e-4607-bd42-4844f3257861', 'TEMPLATE_SHOW'),
('8030f852-7cfb-41fa-ad91-979a3ba1d134', 'bb092204-445e-47af-9bff-812537020136', 'MEDIA_CREATE'),
('8148fcf6-2d95-4d2a-bdbf-03e3a97e2eb5', '008632fe-c279-48c1-b89e-882fdcb99e8f', 'SP_USER_UPDATE'),
('822dae1e-3715-4d0e-969d-2c9a460a4ff9', 'f55d37fa-51dd-4ea6-b70c-6065410de2b3', 'SCH_DELETE'),
('82cebc01-8ae2-459b-bcb1-3ac31ad0b6be', '008632fe-c279-48c1-b89e-882fdcb99e8f', 'SP_ROLE_CREATE'),
('846d48c6-d475-41e7-831b-34e7c310ef89', '15daba4b-8026-48e4-8fa6-07d2940e0243', 'USER_DELETE'),
('865c7dda-852a-4efc-95ac-1c6f4fc7b9d3', '15daba4b-8026-48e4-8fa6-07d2940e0243', 'SCH_SHOW'),
('876b8779-eab5-4d54-b76a-df8e270a4809', 'bb092204-445e-47af-9bff-812537020136', 'SCH_DELETE'),
('8854095f-f1a4-437b-90e3-1dd5a6b7bb61', 'f55d37fa-51dd-4ea6-b70c-6065410de2b3', 'DEVICE_DELETE'),
('8936b43c-0ccd-4fc4-8a1f-1955a9639988', 'ef40d8ba-5f36-4f08-b1be-01fe22cdc292', 'ROLE_DELETE'),
('8957f021-22e0-4c4f-b93a-9f8c7517c4b4', 'f55d37fa-51dd-4ea6-b70c-6065410de2b3', 'USER_DELETE'),
('8a415a46-5be9-40d2-bcf7-c4da3be4ee8b', 'f55d37fa-51dd-4ea6-b70c-6065410de2b3', 'ROLE_DELETE'),
('8d6a6bca-b97c-4b80-a6ff-4b8e7356c26a', 'a2c51c65-fd5c-45f2-a643-e841de5f7729', 'DEVICE_SHOW'),
('8da16526-41c8-43b6-88a9-db9e54fb69ab', '64a993db-8dbc-4995-9259-aacb6a138b28', 'TEMPLATE_SHOW'),
('8eefe7c1-3503-4f91-8352-e829e419ef8e', 'f55d37fa-51dd-4ea6-b70c-6065410de2b3', 'TEMPLATE_CREATE'),
('8fc580b3-9ad7-48da-ad68-636b9793a11f', 'ef40d8ba-5f36-4f08-b1be-01fe22cdc292', 'MEDIA_DELETE'),
('941063c2-be87-48a0-855f-df3e5050bb54', '64a993db-8dbc-4995-9259-aacb6a138b28', 'DEVICE_CREATE'),
('963e070d-9204-4e49-b136-2f9fcf16da52', '008632fe-c279-48c1-b89e-882fdcb99e8f', 'SP_ROLE_DELETE'),
('9689fb21-e065-4274-91dc-67ddd343630e', 'bb092204-445e-47af-9bff-812537020136', 'DEVICE_DELETE'),
('975079bd-769a-429b-aefe-1cc2030b6806', 'bb092204-445e-47af-9bff-812537020136', 'MEDIA_DELETE'),
('97c79bf5-86c3-4e08-a9d7-8b4c0a979c6e', '008632fe-c279-48c1-b89e-882fdcb99e8f', 'SP_GROUP_UPDATE'),
('9a2f4b88-d94b-4245-a4c8-40f7fc25b510', '64a993db-8dbc-4995-9259-aacb6a138b28', 'USER_DELETE'),
('9a62f514-7c3b-4d62-91af-0ab2ef00689c', 'a2c51c65-fd5c-45f2-a643-e841de5f7729', 'MEDIA_UPDATE'),
('9f6682be-b189-4d2b-92b9-18f93ee16687', 'ef40d8ba-5f36-4f08-b1be-01fe22cdc292', 'USER_SHOW'),
('a0850e21-b95e-40bf-9c32-ad5fef786f7a', 'f55d37fa-51dd-4ea6-b70c-6065410de2b3', 'TEMPLATE_UPDATE'),
('a0a3a9f8-aecf-455d-ae30-cbc38e3a14d5', 'bb092204-445e-47af-9bff-812537020136', 'TEMPLATE_DELETE'),
('a17ab366-f510-4338-a04e-eab3f96aaf71', 'a2c51c65-fd5c-45f2-a643-e841de5f7729', 'DEVICE_UPDATE'),
('a3172259-fb28-431f-9050-d5ac9c18b032', 'a2c51c65-fd5c-45f2-a643-e841de5f7729', 'PLAYLIST_DELETE'),
('a4cccee6-50e9-438f-8b69-52af0d517404', 'f55d37fa-51dd-4ea6-b70c-6065410de2b3', 'ROLE_SHOW'),
('a4d826f8-f158-4c67-bd6f-2bf8ea65daca', 'bb092204-445e-47af-9bff-812537020136', 'TEMPLATE_UPDATE'),
('a53cf4c7-9b2c-4067-af31-cef0391ac14f', '15daba4b-8026-48e4-8fa6-07d2940e0243', 'SCH_UPDATE'),
('a67aa7a9-63cc-4ea8-be6f-fd12b9b2c32e', '64a993db-8dbc-4995-9259-aacb6a138b28', 'USER_CREATE'),
('a745c7cc-f494-4e36-be9e-a26febc5aa03', '64a993db-8dbc-4995-9259-aacb6a138b28', 'DEVICE_SHOW'),
('a882c7cf-36ab-4553-8807-eddd161809ef', '64a993db-8dbc-4995-9259-aacb6a138b28', 'MEDIA_UPDATE'),
('aac68c2d-3cca-450a-936f-4134cc62a987', 'a2c51c65-fd5c-45f2-a643-e841de5f7729', 'USER_CREATE'),
('aacb211d-cbfa-417f-918d-b48125171b56', 'a2c51c65-fd5c-45f2-a643-e841de5f7729', 'DEVICE_CREATE'),
('aae00893-5b7c-4cae-9828-1dd1e1255e18', '008632fe-c279-48c1-b89e-882fdcb99e8f', 'SP_ROLE_UPDATE'),
('abe7eeaf-ab54-49b8-bb7a-abf0b1f32a28', 'a2c51c65-fd5c-45f2-a643-e841de5f7729', 'MEDIA_APPROVE'),
('ad486f9c-d616-453c-8e78-972c534d9fbe', 'a2c51c65-fd5c-45f2-a643-e841de5f7729', 'USER_DELETE'),
('ae4a2d31-8010-4d24-a881-3b792b420c18', 'f55d37fa-51dd-4ea6-b70c-6065410de2b3', 'SCH_UPDATE'),
('af400837-3d8e-4982-aac9-0c22b6f490f3', '223cfe4e-be4e-4607-bd42-4844f3257861', 'MEDIA_APPROVE'),
('afcbaee2-5b0b-4216-8e56-714a0ef02105', '15daba4b-8026-48e4-8fa6-07d2940e0243', 'MEDIA_DELETE'),
('afed01bd-0648-4cad-bb15-c235d4e9a3e0', 'f55d37fa-51dd-4ea6-b70c-6065410de2b3', 'MEDIA_CREATE'),
('b0e7402b-5c3d-47bd-8576-3408eb853dea', 'd2aefbb8-0046-4d71-8e0d-e970ee919ec4', 'SP_GROUP_UPDATE'),
('b3707471-6489-4a39-a0ff-e3d2a650b4af', 'bb092204-445e-47af-9bff-812537020136', 'ROLE_UPDATE'),
('b41f21a8-7aab-477e-a238-40949bc1861d', '15daba4b-8026-48e4-8fa6-07d2940e0243', 'SCH_DELETE'),
('b437e02a-6cde-4013-9833-14b4c58cba84', 'f55d37fa-51dd-4ea6-b70c-6065410de2b3', 'SCH_SHOW'),
('b4696d2d-e8d8-4d3e-8c78-6cf2d415e023', 'a2c51c65-fd5c-45f2-a643-e841de5f7729', 'SCH_UPDATE'),
('b84690b2-dacf-4923-abaf-733aa111c7af', '15daba4b-8026-48e4-8fa6-07d2940e0243', 'MEDIA_APPROVE'),
('ba35e1dd-d945-4e39-b7cb-8394e57c697d', 'ef40d8ba-5f36-4f08-b1be-01fe22cdc292', 'DEVICE_DELETE'),
('bc335a71-bfb5-4a05-9693-6ab080a33357', '15daba4b-8026-48e4-8fa6-07d2940e0243', 'DEVICE_UPDATE'),
('bc7f5345-cc32-4d83-b632-6826764db274', 'ef40d8ba-5f36-4f08-b1be-01fe22cdc292', 'MEDIA_CREATE'),
('bf785281-3b86-470d-b849-6b0d6d0d6356', '64a993db-8dbc-4995-9259-aacb6a138b28', 'MEDIA_DELETE'),
('c187beb9-a6b4-45a3-92cd-b791fda10d21', '64a993db-8dbc-4995-9259-aacb6a138b28', 'SCH_CREATE'),
('c1a696f3-6390-4f10-8f02-be63eb055a79', '223cfe4e-be4e-4607-bd42-4844f3257861', 'USER_SHOW'),
('c1b8855c-32c8-483d-96fe-79ad27e6cf78', 'f55d37fa-51dd-4ea6-b70c-6065410de2b3', 'PLAYLIST_CREATE'),
('c22b145c-6525-4313-9f95-792ba524f671', 'a2c51c65-fd5c-45f2-a643-e841de5f7729', 'SCH_CREATE'),
('c5452f46-f62a-44ff-94f1-ce0fab179c6f', 'ef40d8ba-5f36-4f08-b1be-01fe22cdc292', 'SCH_SHOW'),
('c57367db-52f9-4309-a818-5ca7ae4b5c75', '64a993db-8dbc-4995-9259-aacb6a138b28', 'SCH_UPDATE'),
('c583eb83-c9fb-4c5a-8700-a90a3cde3848', '15daba4b-8026-48e4-8fa6-07d2940e0243', 'USER_UPDATE'),
('c58afb04-5e98-4446-baeb-76ad65f8c281', 'ef40d8ba-5f36-4f08-b1be-01fe22cdc292', 'USER_DELETE'),
('c5c56abc-c611-469f-9b77-24727be731d5', '223cfe4e-be4e-4607-bd42-4844f3257861', 'DEVICE_SHOW'),
('c68bad02-d2c0-41f8-b76f-44dda926aa79', '15daba4b-8026-48e4-8fa6-07d2940e0243', 'MEDIA_UPDATE'),
('c763ade3-a25a-4b43-8346-28b98f400723', '9b6f256d-84d1-4f72-94a0-c2e351f63eb0', 'SP_GROUP_UPDATE'),
('caceedc4-41aa-4cf0-a976-481960c4d242', '64a993db-8dbc-4995-9259-aacb6a138b28', 'MEDIA_APPROVE'),
('d179aba8-0c9c-47cc-8f88-1bc73605e37e', 'ef40d8ba-5f36-4f08-b1be-01fe22cdc292', 'TEMPLATE_CREATE'),
('d27ed29a-5d4c-4aad-93ac-790b031ca31d', '15daba4b-8026-48e4-8fa6-07d2940e0243', 'TEMPLATE_SHOW'),
('d4a99a1e-d4c9-44a8-a056-2800477ae65b', '9d4c668f-4e58-464d-9088-cbef3c900763', 'SP_GROUP_UPDATE'),
('d54f1203-071a-4007-9701-364372e0477a', 'a2c51c65-fd5c-45f2-a643-e841de5f7729', 'PLAYLIST_CREATE'),
('d5818c1e-c7bb-4204-b284-55287dd63313', '64a993db-8dbc-4995-9259-aacb6a138b28', 'ROLE_UPDATE'),
('d72fb107-a250-4158-a2c4-f7fc06e878ae', '008632fe-c279-48c1-b89e-882fdcb99e8f', 'SP_GROUP_SHOW'),
('d8d54b2b-68fc-4cee-affe-ce4d07d5ee5e', 'a2c51c65-fd5c-45f2-a643-e841de5f7729', 'TEMPLATE_UPDATE'),
('d98c7fa5-4235-4ab9-bd33-661969459c30', 'bb092204-445e-47af-9bff-812537020136', 'PLAYLIST_CREATE'),
('db48dc8c-f2b4-460a-b47f-545992aef928', '9b6f256d-84d1-4f72-94a0-c2e351f63eb0', 'SP_DEVICE_DELETE'),
('db980106-00a0-40a0-bfcc-5b598d3a5f17', 'a2c51c65-fd5c-45f2-a643-e841de5f7729', 'MEDIA_CREATE'),
('dbee8138-aba2-4be6-9a09-e823ad74b71b', '008632fe-c279-48c1-b89e-882fdcb99e8f', 'SP_USER_DELETE'),
('dc15eaec-0f6d-4ca5-ac58-eb5dc50ee6f8', '008632fe-c279-48c1-b89e-882fdcb99e8f', 'SP_DEVICE_DELETE'),
('dc73a8c0-e413-4846-87b3-806b05e22f5e', '15daba4b-8026-48e4-8fa6-07d2940e0243', 'TEMPLATE_UPDATE'),
('dd5090fa-8101-401e-9159-d9ecfac7520d', 'bb092204-445e-47af-9bff-812537020136', 'SCH_SHOW'),
('df874236-039e-4e11-841d-572014b13efe', 'bb092204-445e-47af-9bff-812537020136', 'DEVICE_CREATE'),
('dfd317c4-42c0-4fab-b950-39b4dc511dc7', 'ef40d8ba-5f36-4f08-b1be-01fe22cdc292', 'ROLE_SHOW'),
('e1545999-5bee-49ad-89d3-faa9bfc0daab', 'f55d37fa-51dd-4ea6-b70c-6065410de2b3', 'ROLE_UPDATE'),
('e1ceb4db-d802-4d04-a85f-ec3fce7c908f', 'd2aefbb8-0046-4d71-8e0d-e970ee919ec4', 'SP_DEVICE_DELETE'),
('e1e90658-f011-41c8-b135-e25f43fcfb06', '223cfe4e-be4e-4607-bd42-4844f3257861', 'TEMPLATE_UPDATE'),
('e23cbb14-3f93-4860-8d60-d9644975e934', '15daba4b-8026-48e4-8fa6-07d2940e0243', 'PLAYLIST_DELETE'),
('e2bf3891-8635-41d7-bf82-183d158a398a', 'a2c51c65-fd5c-45f2-a643-e841de5f7729', 'MEDIA_DELETE'),
('e2d36ab0-8715-4da0-8b58-870e1569b745', '223cfe4e-be4e-4607-bd42-4844f3257861', 'MEDIA_DELETE'),
('e37e3a1e-03fe-4868-95cd-35363c1c4056', 'ef40d8ba-5f36-4f08-b1be-01fe22cdc292', 'TEMPLATE_UPDATE'),
('e6eff987-a30e-43fa-86c5-0748ae1c4936', '223cfe4e-be4e-4607-bd42-4844f3257861', 'DEVICE_CREATE'),
('e780ec0c-2fa0-4067-85be-749fa33d316f', '9d4c668f-4e58-464d-9088-cbef3c900763', 'SP_DEVICE_DELETE'),
('e9e335f7-6a0f-43e4-8b24-3bfaf549d514', '64a993db-8dbc-4995-9259-aacb6a138b28', 'USER_SHOW'),
('ec97443a-4198-4d14-b911-4ad6d5875437', '223cfe4e-be4e-4607-bd42-4844f3257861', 'TEMPLATE_DELETE'),
('ecb258f8-6791-46f1-96ce-1e33607ed6ec', '008632fe-c279-48c1-b89e-882fdcb99e8f', 'SP_USER_SHOW'),
('ee26974f-751b-4a3f-89b0-4225fac4a710', 'bb092204-445e-47af-9bff-812537020136', 'SCH_UPDATE'),
('ee6b2b19-4849-4350-aafe-58ff88a901f3', 'ef40d8ba-5f36-4f08-b1be-01fe22cdc292', 'DEVICE_CREATE'),
('ef94e9ca-fed3-4042-bbf3-ad80e0278d59', '15daba4b-8026-48e4-8fa6-07d2940e0243', 'DEVICE_SHOW'),
('efca689c-5a5c-43c4-a4f9-c7e004cdc25e', 'bb092204-445e-47af-9bff-812537020136', 'PLAYLIST_UPDATE'),
('f3e31544-6829-4942-877b-2ca2e297c083', 'a2c51c65-fd5c-45f2-a643-e841de5f7729', 'DEVICE_DELETE'),
('f7104688-2664-4b7e-8d65-e92c249597c4', 'bb092204-445e-47af-9bff-812537020136', 'DEVICE_UPDATE'),
('fa4575c6-4c3a-4184-b1fe-22efaf5d40d7', 'bb092204-445e-47af-9bff-812537020136', 'TEMPLATE_SHOW'),
('fa87c5f7-d54a-42aa-9d98-26185edff4e1', 'bb092204-445e-47af-9bff-812537020136', 'USER_SHOW'),
('fd26aab5-7eab-452e-835d-36eedd5f0d5c', '223cfe4e-be4e-4607-bd42-4844f3257861', 'SCH_SHOW'),
('fd4818b2-0200-4974-8012-ed294ca07829', '223cfe4e-be4e-4607-bd42-4844f3257861', 'USER_CREATE'),
('fda0e96d-85cf-42d2-87df-d355a8c4dd6c', 'f55d37fa-51dd-4ea6-b70c-6065410de2b3', 'MEDIA_UPDATE'),
('ff1e5aaf-d017-4be9-a2df-f5b675157191', '64a993db-8dbc-4995-9259-aacb6a138b28', 'MEDIA_CREATE');

-- --------------------------------------------------------

--
-- Cấu trúc bảng cho bảng `mtc_user_tbl`
--

CREATE TABLE `mtc_user_tbl` (
  `user_id` varchar(255) COLLATE utf8_unicode_ci NOT NULL,
  `user_name` varchar(100) CHARACTER SET utf8 DEFAULT NULL,
  `user_image` varchar(255) COLLATE utf8_unicode_ci DEFAULT NULL,
  `user_pass` varchar(255) CHARACTER SET utf8 NOT NULL,
  `user_saft` varchar(10) CHARACTER SET utf8 DEFAULT NULL,
  `user_status` tinyint(2) NOT NULL DEFAULT 0 COMMENT '0: active 1: unactive  2:expired\r\n',
  `user_email` varchar(100) CHARACTER SET utf8 NOT NULL,
  `user_level` int(11) NOT NULL,
  `group_id` varchar(255) COLLATE utf8_unicode_ci DEFAULT NULL,
  `role_id` varchar(255) COLLATE utf8_unicode_ci DEFAULT NULL,
  `user_expired_at` datetime DEFAULT NULL,
  `user_created_at` timestamp NOT NULL DEFAULT current_timestamp(),
  `user_updated_at` timestamp NULL DEFAULT current_timestamp()
) ENGINE=InnoDB DEFAULT CHARSET=utf8 COLLATE=utf8_unicode_ci;

--
-- Đang đổ dữ liệu cho bảng `mtc_user_tbl`
--

INSERT INTO `mtc_user_tbl` (`user_id`, `user_name`, `user_image`, `user_pass`, `user_saft`, `user_status`, `user_email`, `user_level`, `group_id`, `role_id`, `user_expired_at`, `user_created_at`, `user_updated_at`) VALUES
('008632fe-c279-48c1-b89e-882fdcb99e8f', 'Supper Admin', 'http://mtc-main-api.dev-altamedia.com/users/1601940591_213440.jpg', '5a7f015ce45b07b3e068ce67acde60a875245e1903a29b43fa4dde147af3eca03ab7ffe01310d371ab1800c8cbf03ae612b313e990b8dabfd04ac29f4cceb7ad', 'zqcqpv', 1, 'noreply@alta.com.vn', 1, NULL, '2dd3b916-c053-442f-870b-18d7ffd8e74d', NULL, '2021-02-25 21:31:43', '2021-03-25 22:11:03'),
('15daba4b-8026-48e4-8fa6-07d2940e0243', 'LTL', 'http://mtc-main-api.dev-altamedia.com/users/983276982_92362406_533713673952997_8887044237510574080_n.jpg', '8475b6c3d618b688b2e02aa4dc867ba1f6de2226b91c3551df7dc7c48c376d878348b843730219b1a328b69cbe59578746934f697f0733c909ea9aca7213e97f', 'crdhiy', 1, 'luyen.le@alta.com.vn', 0, '17262ec1-424c-46bb-90d1-8e29aae2c20f', '35d783b0-3a10-476b-a677-2b21edd735eb', '2023-01-12 01:13:10', '2021-03-25 22:22:17', '2021-03-26 02:52:47'),
('223cfe4e-be4e-4607-bd42-4844f3257861', 'Huỳnh Văn Tới', NULL, '8cfb595cc0565a0d3240b7a207f252e357bbc2e72ff5dc7d1a4c8ee13f74df3ed7fdb5a5aa1f3d7e996317c63e63317c7397a3a5c4c9e94fe905ae6d9c36be16', 'cufqgx', 1, 'toi.huynh@alta.com.vn', 0, '17262ec1-424c-46bb-90d1-8e29aae2c20f', '35d783b0-3a10-476b-a677-2b21edd735eb', '2021-03-31 12:07:56', '2021-03-25 22:08:15', '2021-03-26 01:25:59'),
('64a993db-8dbc-4995-9259-aacb6a138b28', 'huy1@gmail.com', NULL, '3500e64472496886565d4c2bdb45225560cf8ed76ea2877d0fa592b00e0f582ff23a73b838b3b65b3ec4fcdbcf6329310315f9d35dc3e1c0e3330e2f5aa8c78c', 'tnsknm', 1, 'huy1@gmail.com', 0, 'ecdedbc1-5b92-4b41-9931-0f2fed9e94ca', 'ee1691e1-d83a-4654-9af8-7f0cce12f69d', '2021-05-01 05:40:39', '2021-03-26 03:40:41', '2021-03-30 03:46:45'),
('9b6f256d-84d1-4f72-94a0-c2e351f63eb0', 'phan chí công', NULL, 'f2c91b7eb12d76e42de29f06154e9c1898a4f5b60ae3943793ef4b9fd654756f2e978eb3854747a96b9b5f067d8d16099c10f279fad8a0bc2bfe9045da76abf4', 'lvjian', 1, 'cong.phanchi1@alta.com.vn', 1, NULL, 'd6292cd0-d5e6-46b4-9a3c-1ca257d68e00', NULL, '2021-03-25 23:36:11', NULL),
('9d4c668f-4e58-464d-9088-cbef3c900763', 'HUY NGUYỄN', NULL, 'b5e5dab97874d9ba946399eb58414ca3fdaecba05b2e6f97988e36be4e1ac6dbaa3fd6477838701cb5d32acfc85dd399d65e8ea911b15a7b509a6fbced102a02', 'fyqsmu', 1, 'huy.nguyen@alta.com.vn', 1, NULL, 'd6292cd0-d5e6-46b4-9a3c-1ca257d68e00', '2031-03-26 10:16:32', '2021-03-26 03:18:09', '2021-03-26 03:39:07'),
('a2c51c65-fd5c-45f2-a643-e841de5f7729', 'a', 'http://mtc-main-api.dev-altamedia.com/users/1742417476_393340.jpg', '83745fc3904dcb4f88e318c957580746fa841321c39a120197c02a3bd530fd425bf02005dff372cc82c6616e7eff5ddfbaa3d4fec0c2e33b7314dca9c0794b85', 'ezjplw', 0, 'a@alta.com', 0, 'a439e586-4aaa-4c00-857d-c9e0b760646d', 'd4d30cfa-32fd-4ae5-b66e-b04001bd8aa2', '2025-03-21 06:05:25', '2021-03-26 00:01:58', '2021-03-28 21:51:09'),
('b18348d6-865c-4ffd-991f-8663142427ff', 'Phan Chí Công', NULL, 'f3fabf77adc47db474b15a46835e3ca3358d4d5361ff79a522223e4d4679db78b5eaa2ea2e6efef50e8f1e8e51acdeb8d0253accc0640fec84b01cdca87a38aa', 'iufdzj', 1, 'cong.phanchi@alta.com.vn', 1, NULL, 'd6292cd0-d5e6-46b4-9a3c-1ca257d68e00', NULL, '2021-03-25 23:34:20', NULL),
('bb092204-445e-47af-9bff-812537020136', 'thien.vu@alta.com.vn', NULL, '7420bae28f924e85aded7b37849460bec4d85d91a9f2a0bcc0a938964f02cba700606e24cb3f581cf11c554850ca5d4041c5c06b34c5c37fde17b49cbb8d9332', 'usktgt', 2, 'thien.vu@alta.com.vn', 0, '7072788d-9a0e-4015-b4b2-561b441d9150', '87824a35-bafb-438b-aee0-88b4b2ae2b29', '2021-06-05 03:36:13', '2021-03-26 01:36:31', NULL),
('ce0e4531-3180-4bbd-8c4a-36e67a47a137', 'HUY NGUYỄN', NULL, '9d9c04c90b9eaad8bb7a944613c3cca3d7842ccec1df5ff9cdf5b56d5f51c13f9213722cae9860e4c4a6d38c45fc647d87afcab0c94bb6fd0669cc7b5b760d0c', 'sfrrse', 1, 'huy.nguyenquang@alta.com.vn', 0, '17262ec1-424c-46bb-90d1-8e29aae2c20f', NULL, '2031-03-26 10:16:32', '2021-03-26 03:20:13', NULL),
('d2aefbb8-0046-4d71-8e0d-e970ee919ec4', 'ahihi6174', NULL, '7bc77df97078d2f28151817a3377ed7d7e933eaa8e155cd20ba82568fe86bdc13aeca6e9f9db0a0af7f7f059d6e624f6febe8345f0123824d9510182cb8a84fe', 'zkkkvn', 1, 'ahihi6174@gmail.com', 1, NULL, 'd6292cd0-d5e6-46b4-9a3c-1ca257d68e00', NULL, '2021-03-26 00:18:40', '2021-03-26 00:33:06'),
('ef40d8ba-5f36-4f08-b1be-01fe22cdc292', 'LUYEN', 'http://mtc-main-api.dev-altamedia.com/users/1696809307_thong-tin-tieu-su-ho-hoai-anh-2.jpg', '97f1ebf99fe1523e2fb35264918c79d23bf1101cc23cf9a554a67949df0321dd41af9aee7a63a6b0576481ad7721cefed091d079ee392bc9b3618f50123d0072', 'ozkgrj', 1, 'luyen.le2@alta.com.vn', 0, '17262ec1-424c-46bb-90d1-8e29aae2c20f', '35d783b0-3a10-476b-a677-2b21edd735eb', '2021-04-03 11:11:21', '2021-03-26 02:11:37', '2021-03-30 02:56:31'),
('f55d37fa-51dd-4ea6-b70c-6065410de2b3', 'giang.vu@alta.com.vn', NULL, '4adb4658827470d50a26cd456d4cc7b7e8897e46f2faef91ca45f5c49d013bab730a622a29b4a3951b4c2e8045530605f238d2a0630388ae433ef39969a93f2d', 'ayuccn', 1, 'giang.vu@alta.com.vn', 0, '7072788d-9a0e-4015-b4b2-561b441d9150', '87824a35-bafb-438b-aee0-88b4b2ae2b29', '2023-03-29 11:41:24', '2021-03-29 21:41:31', NULL);

--
-- Chỉ mục cho các bảng đã đổ
--

--
-- Chỉ mục cho bảng `mtc_blacklist_token`
--
ALTER TABLE `mtc_blacklist_token`
  ADD PRIMARY KEY (`blacklist_id`);

--
-- Chỉ mục cho bảng `mtc_data_schedule_tmp`
--
ALTER TABLE `mtc_data_schedule_tmp`
  ADD PRIMARY KEY (`data_schedule_tmp_id`),
  ADD UNIQUE KEY `data_schedule_tmp_key` (`data_schedule_tmp_key`);

--
-- Chỉ mục cho bảng `mtc_device_tbl`
--
ALTER TABLE `mtc_device_tbl`
  ADD PRIMARY KEY (`device_id`),
  ADD UNIQUE KEY `color_code` (`color_code`),
  ADD KEY `FK_device_devicetype` (`device_type_id`),
  ADD KEY `FK_device_user` (`user_id`),
  ADD KEY `FK_device_group` (`group_id`);

--
-- Chỉ mục cho bảng `mtc_device_tokens`
--
ALTER TABLE `mtc_device_tokens`
  ADD PRIMARY KEY (`token_id`),
  ADD KEY `FK_device_deviceToken` (`device_id`);

--
-- Chỉ mục cho bảng `mtc_device_type`
--
ALTER TABLE `mtc_device_type`
  ADD PRIMARY KEY (`type_id`);

--
-- Chỉ mục cho bảng `mtc_group_tbl`
--
ALTER TABLE `mtc_group_tbl`
  ADD PRIMARY KEY (`group_id`),
  ADD KEY `fk_user` (`user_id`);

--
-- Chỉ mục cho bảng `mtc_media_group`
--
ALTER TABLE `mtc_media_group`
  ADD PRIMARY KEY (`media_group_id`);

--
-- Chỉ mục cho bảng `mtc_media_tbl`
--
ALTER TABLE `mtc_media_tbl`
  ADD PRIMARY KEY (`media_id`),
  ADD KEY `fk_media_media_type` (`media_type_id`),
  ADD KEY `fk_media_user` (`media_user_id`);

--
-- Chỉ mục cho bảng `mtc_media_type_tbl`
--
ALTER TABLE `mtc_media_type_tbl`
  ADD PRIMARY KEY (`type_id`);

--
-- Chỉ mục cho bảng `mtc_permission`
--
ALTER TABLE `mtc_permission`
  ADD PRIMARY KEY (`permission_code`);

--
-- Chỉ mục cho bảng `mtc_playlist`
--
ALTER TABLE `mtc_playlist`
  ADD PRIMARY KEY (`playlist_id`),
  ADD KEY `FK_playlist_user` (`user_id`);

--
-- Chỉ mục cho bảng `mtc_playlist_details`
--
ALTER TABLE `mtc_playlist_details`
  ADD PRIMARY KEY (`playlistdetail_id`),
  ADD KEY `FK_playlist_playlistdetail` (`playlist_id`),
  ADD KEY `FK_playlistdetail_template` (`template_id`);

--
-- Chỉ mục cho bảng `mtc_role_permission_tbl`
--
ALTER TABLE `mtc_role_permission_tbl`
  ADD PRIMARY KEY (`role_permission_id`),
  ADD KEY `fk_role_ro_pe` (`role_id`),
  ADD KEY `fk_per_ro_pe` (`permission_code`);

--
-- Chỉ mục cho bảng `mtc_role_tbl`
--
ALTER TABLE `mtc_role_tbl`
  ADD PRIMARY KEY (`role_id`),
  ADD KEY `fk_group_role` (`group_id`);

--
-- Chỉ mục cho bảng `mtc_schedule_device`
--
ALTER TABLE `mtc_schedule_device`
  ADD PRIMARY KEY (`schedule_device_id`),
  ADD KEY `fk_scheduledevice_device` (`device_id`),
  ADD KEY `fk_scheduledevice_schedule` (`schedule_id`);

--
-- Chỉ mục cho bảng `mtc_schedule_tbl`
--
ALTER TABLE `mtc_schedule_tbl`
  ADD PRIMARY KEY (`schedule_id`),
  ADD KEY `fk_schedule_user` (`user_id`),
  ADD KEY `fk_schedule_playlist` (`playlist_id`);

--
-- Chỉ mục cho bảng `mtc_setting_tbl`
--
ALTER TABLE `mtc_setting_tbl`
  ADD PRIMARY KEY (`setting_id`);

--
-- Chỉ mục cho bảng `mtc_template_detail`
--
ALTER TABLE `mtc_template_detail`
  ADD PRIMARY KEY (`temp_detail_id`),
  ADD KEY `fk_template_detail_to_template` (`template_id`),
  ADD KEY `fk_template_detail_to_media` (`media_id`);

--
-- Chỉ mục cho bảng `mtc_template_share`
--
ALTER TABLE `mtc_template_share`
  ADD PRIMARY KEY (`template_share_id`),
  ADD KEY `fk_template_share_to_template` (`template_id`),
  ADD KEY `fk_template_share_to_group` (`group_id`);

--
-- Chỉ mục cho bảng `mtc_template_tbl`
--
ALTER TABLE `mtc_template_tbl`
  ADD PRIMARY KEY (`template_id`),
  ADD KEY `user_id` (`user_id`);

--
-- Chỉ mục cho bảng `mtc_user_permission`
--
ALTER TABLE `mtc_user_permission`
  ADD PRIMARY KEY (`user_permission_id`),
  ADD KEY `fk_user_pr` (`user_id`),
  ADD KEY `fk_per_ur_pe` (`permission_code`);

--
-- Chỉ mục cho bảng `mtc_user_tbl`
--
ALTER TABLE `mtc_user_tbl`
  ADD PRIMARY KEY (`user_id`),
  ADD UNIQUE KEY `user_email` (`user_email`),
  ADD KEY `fk_group` (`group_id`),
  ADD KEY `fk_role` (`role_id`) USING BTREE;

--
-- AUTO_INCREMENT cho các bảng đã đổ
--

--
-- AUTO_INCREMENT cho bảng `mtc_setting_tbl`
--
ALTER TABLE `mtc_setting_tbl`
  MODIFY `setting_id` int(11) NOT NULL AUTO_INCREMENT, AUTO_INCREMENT=14;

--
-- Các ràng buộc cho các bảng đã đổ
--

--
-- Các ràng buộc cho bảng `mtc_device_tbl`
--
ALTER TABLE `mtc_device_tbl`
  ADD CONSTRAINT `FK_device_devicetype` FOREIGN KEY (`device_type_id`) REFERENCES `mtc_device_type` (`type_id`) ON DELETE CASCADE ON UPDATE CASCADE,
  ADD CONSTRAINT `FK_device_group` FOREIGN KEY (`group_id`) REFERENCES `mtc_group_tbl` (`group_id`) ON DELETE CASCADE ON UPDATE CASCADE,
  ADD CONSTRAINT `FK_device_user` FOREIGN KEY (`user_id`) REFERENCES `mtc_user_tbl` (`user_id`) ON DELETE CASCADE ON UPDATE CASCADE;

--
-- Các ràng buộc cho bảng `mtc_device_tokens`
--
ALTER TABLE `mtc_device_tokens`
  ADD CONSTRAINT `FK_device_deviceToken` FOREIGN KEY (`device_id`) REFERENCES `mtc_device_tbl` (`device_id`) ON DELETE CASCADE ON UPDATE CASCADE;

--
-- Các ràng buộc cho bảng `mtc_group_tbl`
--
ALTER TABLE `mtc_group_tbl`
  ADD CONSTRAINT `fk_user` FOREIGN KEY (`user_id`) REFERENCES `mtc_user_tbl` (`user_id`) ON DELETE CASCADE ON UPDATE CASCADE;

--
-- Các ràng buộc cho bảng `mtc_media_tbl`
--
ALTER TABLE `mtc_media_tbl`
  ADD CONSTRAINT `fk_media_media_type` FOREIGN KEY (`media_type_id`) REFERENCES `mtc_media_type_tbl` (`type_id`),
  ADD CONSTRAINT `fk_media_user` FOREIGN KEY (`media_user_id`) REFERENCES `mtc_user_tbl` (`user_id`) ON DELETE CASCADE;

--
-- Các ràng buộc cho bảng `mtc_playlist`
--
ALTER TABLE `mtc_playlist`
  ADD CONSTRAINT `FK_playlist_user` FOREIGN KEY (`user_id`) REFERENCES `mtc_user_tbl` (`user_id`) ON DELETE CASCADE ON UPDATE CASCADE;

--
-- Các ràng buộc cho bảng `mtc_playlist_details`
--
ALTER TABLE `mtc_playlist_details`
  ADD CONSTRAINT `FK_playlist_playlistdetail` FOREIGN KEY (`playlist_id`) REFERENCES `mtc_playlist` (`playlist_id`) ON DELETE CASCADE ON UPDATE CASCADE,
  ADD CONSTRAINT `FK_playlistdetail_template` FOREIGN KEY (`template_id`) REFERENCES `mtc_template_tbl` (`template_id`) ON DELETE CASCADE ON UPDATE CASCADE;

--
-- Các ràng buộc cho bảng `mtc_role_permission_tbl`
--
ALTER TABLE `mtc_role_permission_tbl`
  ADD CONSTRAINT `fk_per_ro_pe` FOREIGN KEY (`permission_code`) REFERENCES `mtc_permission` (`permission_code`) ON DELETE CASCADE ON UPDATE CASCADE,
  ADD CONSTRAINT `fk_role_ro_pe` FOREIGN KEY (`role_id`) REFERENCES `mtc_role_tbl` (`role_id`) ON DELETE CASCADE;

--
-- Các ràng buộc cho bảng `mtc_role_tbl`
--
ALTER TABLE `mtc_role_tbl`
  ADD CONSTRAINT `fk_group_role` FOREIGN KEY (`group_id`) REFERENCES `mtc_group_tbl` (`group_id`) ON DELETE CASCADE ON UPDATE CASCADE;

--
-- Các ràng buộc cho bảng `mtc_schedule_device`
--
ALTER TABLE `mtc_schedule_device`
  ADD CONSTRAINT `fk_scheduledevice_device` FOREIGN KEY (`device_id`) REFERENCES `mtc_device_tbl` (`device_id`) ON DELETE CASCADE,
  ADD CONSTRAINT `fk_scheduledevice_schedule` FOREIGN KEY (`schedule_id`) REFERENCES `mtc_schedule_tbl` (`schedule_id`) ON DELETE CASCADE;

--
-- Các ràng buộc cho bảng `mtc_schedule_tbl`
--
ALTER TABLE `mtc_schedule_tbl`
  ADD CONSTRAINT `fk_schedule_playlist` FOREIGN KEY (`playlist_id`) REFERENCES `mtc_playlist` (`playlist_id`) ON DELETE CASCADE ON UPDATE NO ACTION,
  ADD CONSTRAINT `fk_schedule_user` FOREIGN KEY (`user_id`) REFERENCES `mtc_user_tbl` (`user_id`) ON DELETE CASCADE;

--
-- Các ràng buộc cho bảng `mtc_template_detail`
--
ALTER TABLE `mtc_template_detail`
  ADD CONSTRAINT `fk_template_detail_to_media` FOREIGN KEY (`media_id`) REFERENCES `mtc_media_tbl` (`media_id`) ON DELETE CASCADE ON UPDATE CASCADE,
  ADD CONSTRAINT `fk_template_detail_to_template` FOREIGN KEY (`template_id`) REFERENCES `mtc_template_tbl` (`template_id`) ON DELETE CASCADE ON UPDATE NO ACTION;

--
-- Các ràng buộc cho bảng `mtc_template_share`
--
ALTER TABLE `mtc_template_share`
  ADD CONSTRAINT `fk_template_share_to_group` FOREIGN KEY (`group_id`) REFERENCES `mtc_group_tbl` (`group_id`) ON DELETE CASCADE,
  ADD CONSTRAINT `fk_template_share_to_template` FOREIGN KEY (`template_id`) REFERENCES `mtc_template_tbl` (`template_id`) ON DELETE CASCADE;

--
-- Các ràng buộc cho bảng `mtc_template_tbl`
--
ALTER TABLE `mtc_template_tbl`
  ADD CONSTRAINT `fk_template_user` FOREIGN KEY (`user_id`) REFERENCES `mtc_user_tbl` (`user_id`) ON DELETE CASCADE;

--
-- Các ràng buộc cho bảng `mtc_user_permission`
--
ALTER TABLE `mtc_user_permission`
  ADD CONSTRAINT `fk_per_ur_pe` FOREIGN KEY (`permission_code`) REFERENCES `mtc_permission` (`permission_code`) ON DELETE CASCADE ON UPDATE CASCADE,
  ADD CONSTRAINT `fk_user_pr` FOREIGN KEY (`user_id`) REFERENCES `mtc_user_tbl` (`user_id`) ON DELETE CASCADE ON UPDATE CASCADE;

--
-- Các ràng buộc cho bảng `mtc_user_tbl`
--
ALTER TABLE `mtc_user_tbl`
  ADD CONSTRAINT `fk_group` FOREIGN KEY (`group_id`) REFERENCES `mtc_group_tbl` (`group_id`) ON DELETE SET NULL ON UPDATE CASCADE,
  ADD CONSTRAINT `fk_role` FOREIGN KEY (`role_id`) REFERENCES `mtc_role_tbl` (`role_id`) ON DELETE SET NULL ON UPDATE CASCADE;

DELIMITER $$
--
-- Sự kiện
--
CREATE DEFINER=`mtcmainj32j`@`%` EVENT `event_change_status_device` ON SCHEDULE EVERY 1 MINUTE STARTS '2021-03-26 11:29:41' ON COMPLETION NOT PRESERVE ENABLE DO UPDATE mtc_device_tbl SET mtc_device_tbl.device_status = 2 WHERE mtc_device_tbl.device_expired < NOW()$$

DELIMITER ;
COMMIT;

/*!40101 SET CHARACTER_SET_CLIENT=@OLD_CHARACTER_SET_CLIENT */;
/*!40101 SET CHARACTER_SET_RESULTS=@OLD_CHARACTER_SET_RESULTS */;
/*!40101 SET COLLATION_CONNECTION=@OLD_COLLATION_CONNECTION */;
