-- phpMyAdmin SQL Dump
-- version 5.0.1
-- https://www.phpmyadmin.net/
--
-- Máy chủ: 192.168.11.27
-- Thời gian đã tạo: Th3 31, 2021 lúc 08:35 AM
-- Phiên bản máy phục vụ: 10.4.13-MariaDB-1:10.4.13+maria~focal
-- Phiên bản PHP: 7.2.24-0ubuntu0.18.04.6

SET SQL_MODE = "NO_AUTO_VALUE_ON_ZERO";
SET AUTOCOMMIT = 0;
START TRANSACTION;
SET time_zone = "+00:00";


/*!40101 SET @OLD_CHARACTER_SET_CLIENT=@@CHARACTER_SET_CLIENT */;
/*!40101 SET @OLD_CHARACTER_SET_RESULTS=@@CHARACTER_SET_RESULTS */;
/*!40101 SET @OLD_COLLATION_CONNECTION=@@COLLATION_CONNECTION */;
/*!40101 SET NAMES utf8mb4 */;

--
-- Cơ sở dữ liệu: `register_class_2ahw`
--

-- --------------------------------------------------------

--
-- Cấu trúc bảng cho bảng `rc_accounts`
--

CREATE TABLE `rc_accounts` (
  `account_id` varchar(255) COLLATE utf8_unicode_ci NOT NULL,
  `account_code` varchar(100) COLLATE utf8_unicode_ci NOT NULL,
  `account_password` varchar(255) COLLATE utf8_unicode_ci NOT NULL,
  `account_type` int(11) NOT NULL DEFAULT 1,
  `account_saft` varchar(10) COLLATE utf8_unicode_ci NOT NULL,
  `login_at` datetime DEFAULT NULL,
  `group_code` longtext COLLATE utf8_unicode_ci DEFAULT NULL,
  `account_update` timestamp NULL DEFAULT NULL
) ENGINE=InnoDB DEFAULT CHARSET=utf8 COLLATE=utf8_unicode_ci;

--
-- Đang đổ dữ liệu cho bảng `rc_accounts`
--

INSERT INTO `rc_accounts` (`account_id`, `account_code`, `account_password`, `account_type`, `account_saft`, `login_at`, `group_code`, `account_update`) VALUES
('01c39718-f10b-42d5-9f46-55ec8d56e862', '20201000003', '5b2a3bad86f56d10954f983f4808a6b6d54a1cb0fec2f3df298e02b9e2dc7a39e1a841e41e99884ba4b0af1dc4c456b94ebe89f3353f1ae0dd3417db0bf45856', 1, 'hzjpl', NULL, 'STUDENT', NULL),
('03f813ca-6012-40e2-b9a5-62c9c0021428', 'dhien95rt@gmail.com', '40743fd920ce0d378fd0b37d66eaf86c209789e47d6d54b7e5edc3c3f91d7f73a65cd8d2632828341d9e7eb71582ef3114c16a67f49a3dbbd7f5e5876d709639', 0, 'bgagz', '2020-09-29 07:30:54', 'DIRECTORATE', NULL),
('0731148d-1cc8-4049-ae47-7dc54f3f4e1b', 'PPPPPP', '62beba1b900a10ab2a6d9235451fea7b94731cdbf88aa516d3cb77f3485a65fedb201b85dd5108331b7afb21dc6ab8d558151277eafe7bae9f3aad948cd5dd8a', 1, 'isygw', NULL, 'STUDENT', NULL),
('07a7d676-6836-4cfb-b720-75942355ddc2', '20201000021', '4f1ae2245f2afece0f68df782392e1c55633d0d25f23c7881f63303a27d57f0df9ec9cd11896fb411ce01e5994025de994cb999eb6985803fe96f902e98527c6', 1, 'rzeph', '2020-10-28 18:20:54', 'STUDENT', NULL),
('08457dd3-daab-4af5-b7b3-73646da0f89c', '20201000009', 'a6841d0f02991b2a1f7aacee71887b57f0594043cfee60c0961a6cd5c4728b1f3cc169cadcf4516977b844c54d48e406bf93aec31bdb8b757cd2ed1d104bc60a', 1, 'gsyxo', NULL, 'STUDENT', NULL),
('099e1c0f-8e92-4ff1-945f-30270013e1fe', 'GV1122', '4f6393ce385d2ad9064eca2f8b06f869c5df0b3660f03e4baecba657b1ade7859a399a37fd58187ac20965f18a8f0d484b5e2dc5240fddd5379a2a32238e4058', 2, 'hitek', '2020-12-22 13:06:13', 'LECTURER', '2020-12-19 03:52:59'),
('0a05da5e-d3aa-4473-917f-c92be07a502e', 'TQT', 'a42cde5cef890a157a128754d80cc076db032d61c504265d52d71aa86b5de86f41bcec3d2373aa09da6d6dcb14e09102318851fbda490893578b3229581c3371', 1, 'qzhzs', '2021-03-24 08:29:59', 'STUDENT', NULL),
('0d1cb7e1-a5be-4b8b-8d7c-fbe90db3db1b', '0379696398', '99bfc442a9e51996ce6695d6b1302a2a5d092074145fbdaf4a0896260f45e83415b926ec924a9f7f7e52e5a3a4cd0846df92e0e9a01f6de9823a219b4aaaa750', 1, 'dniue', NULL, 'STUDENT', NULL),
('14936e4f-24fd-448f-84be-aa10b0bb8e25', 'PHCHS01', 'c5f44c08fd6243786b9046122513c7ac98203245f6941c7b8ac30edad5eaed52b59109b4fddaa94951def3eb2e7755038fb94e056ff31f2098136a7fd65d452f', 1, 'ycttt', NULL, 'STUDENT', NULL),
('15ad579e-3951-4a27-a793-b9bb68758113', '123alta123', '3e4890f2ddacb01817acb8207ce1c89af155996e39267c5fa2a828c39d18d901452c19715a89d887f9783d9a4a5e6e27be4ee568f0980372f700d0b0f0c4cf7a', 2, 'vhtzj', NULL, 'LECTURER', NULL),
('1a778b97-5a6b-4947-9371-365a7b4e28f7', '202010-00047', '42783d502e50ff1c493b2404a21b6b8c254e231cab768fe8c159438f2599ae7ab62885cd1702bd18511fb711f31cd64b12ac91f2710c02fd4c2cd6d0f4351abf', 1, 'wbepm', '2020-10-09 06:29:21', 'STUDENT', NULL),
('1b70f811-e25d-42b5-8f1f-454971c00e85', '202010-00045', 'd2d5d7f8fbb7f0d206cb916ebe84c51a6e944054654cd14034f043e802203b544acb7ba02237438ef3daf5b6852c90b9dfd3fb2ed3861cbd1a7d440c6280d306', 1, 'ixnql', NULL, 'STUDENT', NULL),
('1bfe8257-163e-43fb-9d08-cf2f96dbba55', '202010-00066', 'c71f714807480d8497d31057dcb0770eac93e920a0cddae8c81aeb48d9538169608c31c9acad433d4328563c48b2ec18474bc32d75ae12b44562eef74d225174', 1, 'yszka', NULL, 'STUDENT', NULL),
('1cc222d7-d6ee-4509-a7ab-19e369b03281', 'daohien251196@agmail.com', '8b0259d96e0af766534f2b3aa67814d138c9bcbf2fdf0736bbdcca7381147daf342059beef21cb549b33c79fba132264ed3df616dea8f8e1c0e6dcd5f818f561', 0, 'qlztu', NULL, 'BOOKKEEPER', NULL),
('1d7c99eb-329f-4886-a44f-8618efa61460', 'HV1212', 'e2ea58e2b287730e7ccc6f89e8b8f868f9cceb8dc63addad9fe4132d8ca2aa5430d2aa53850913ff55e24e1a47743670dcc05d22ea6241ef0445930dfff38da2', 1, 'anfkn', NULL, 'STUDENT', NULL),
('1ed038a4-3856-4847-a131-c60d94862f32', '20201000006', 'db8de285a473d94739f0e80361673bb6d45bb933c7070fa22ffb6041c4dbb7325f8e0d5d7df15662d3539dcfd5330bbaa6b2dc2d3045eb5e56ea93c683f67112', 1, 'xrodu', NULL, 'STUDENT', NULL),
('1f959b62-ef15-4b00-a07b-a59ca4db2b22', '0377944522', '019f9bcb12a3f9cf6952a6680dd7a8fe77e511efb48b4dc12dcf6417260135e128435f5e5fb04d9e04996377d936d02972448136d0b7681682ab0dcdf140e2b2', 1, 'aszjn', NULL, 'STUDENT', NULL),
('21dfd738-8427-4dbc-b2c1-802d8184ac95', '202010-00047', '86de3be9411f464eef4b2ea37d63517546e804e1804b81be013ac41d29407894452ead11705057da098dee03d3e2a7c1038b15e6c7d6140e8135474375935d9b', 1, 'ltjok', NULL, 'STUDENT', NULL),
('239300b2-4872-45ee-afde-5dc15d7f2fac', 'GV1234', 'da6442a61d37748f2d00be5c063a52354b3be69e06069d1ca7c4839dfe2cd7d904dd4e550a9da80aa65b71b65078d391ddfed194bcd96d3385488e009c88815f', 2, 'yjekz', '2020-10-16 04:25:25', 'LECTURER', NULL),
('2590b1e6-25bf-4f6e-9a41-344b547d34a2', 'HV115', 'ec9a9e661bcb750c82bc7b0570848ed525af037a13179769236d976f4ccc867af92fdd2f86ece0535114dd9ca18263a69d58c49d56f05b5340f499ed06dcabb5', 1, 'flcud', '2020-08-25 11:19:15', 'STUDENT', NULL),
('2680459f-69f3-48bb-97d7-2128b2323bcd', '2020GV003', 'f7e6f568915bd455dfc3a834f5d36529a6e64d57a8d6b55ea0fff80cdeb486fd3cb65b4f47b6cdcd097a1e940a02779dd563eaf531a6d798545ccc6b7821219e', 2, 'miiew', NULL, 'LECTURER', NULL),
('2ab74578-80c9-4918-a4ef-3fe87541bf9e', '0818391639', '2d317a76e92ec23cd9e895e1677647ace074c531c6a21ec470692b454af7732c88a4fa22f695e0f0d47151b7ea264bcb2ed3f0d25eaa134a9480d0da9d38c4e1', 1, 'grrzx', NULL, 'STUDENT', NULL),
('30d6b54a-5c47-45d2-93d2-8c02939937f4', '20201000019', '2e6cf9912cf577d5e00986bb667625d415d0489fe0e5f3a7368f350ce4e7fd18f9d4910258ebe9f41d732d7f71749e398bd430befb933ea35bfa9acb3f669f70', 1, 'ggwqk', NULL, 'STUDENT', NULL),
('3118eca6-7b6b-421f-99d6-2b6586a42115', '20201000015', '2017e7a5260f919d8fe8a604f0128a3a6a1201d62153dcb41f7dc7c04beafaf14d60c9209b67dff7dd6113b3f59ca1fb33c34495ad6dfaa4c2609f1e73d07f56', 1, 'fdapv', NULL, 'STUDENT', NULL),
('312faa0c-598e-4833-9989-35928b405dac', 'PHAT123', 'f52d076daf9f06f71ff342e5a52649540aa172dd1ab70b32ee2a2c83f44ef52cd01079c33c16a2b40bc02cd07911c78df16ef190e02c0f3f20cb497a25994df5', 2, 'uejfr', '2020-10-20 09:33:04', 'LECTURER', NULL),
('32c07c48-b023-457a-9f3f-0cd6aed220b9', '123456', 'f3cf9d658677d3d83838a224a4ba0cba2281fc48eb4f5b522b5e1ab04bb11c29d5484d586fd43703c3f6b82950ac04c68d9782d339ffc7043d8a5d2b06842d86', 1, 'opeob', '2020-08-26 12:35:35', 'STUDENT', NULL),
('34c649d5-b928-4798-9e60-8036cdc56c14', '0904667082', '8c229f161df7597cca74dc4a58ec8c4564521692e47b992dbae929697243cff81000f05c76c9bc2bdc492894e0fd4910db54d48751b88f5bb3e7456e6de211ad', 1, 'eamvx', '2020-10-19 09:41:23', 'STUDENT', NULL),
('37e6f856-c19c-44fe-8618-2f53a7c90a5d', 'ALTA220', '63f315ad8a354d5087519c167fa9b73d90dd6db7980ef33fc847247549cc6ade46f2a3c04fbddbe5467cf6bcbf2ad74e7f10e179f25a8a443fd15b97e50538cb', 2, 'gipvt', NULL, 'LECTURER', NULL),
('37ecc0f7-99fa-4205-ab8b-12bc0ee6d16d', 'GV1108', 'a529d9990330a8904f7cbd3d6ff297ea4b8b1a3430ffcf99d2813de89b2e53cf0bd32a4a898902be5e23a38c4d657b61e9a3dc61ed0614513812a0fe65e6e8f0', 2, 'moezx', '2020-10-30 08:11:25', 'LECTURER', NULL),
('38a99374-edf2-437d-bf91-bc952925c6ea', '20201000002', 'e9de569b7eeaad50a9e0c6b70603c87bc896241dce743725eca3648dada35f4d53ba5a1edabe8fd1460cfe7bb40441fad0d38f7db620c2f9bf02aace2f22c642', 1, 'ignuf', NULL, 'STUDENT', NULL),
('39b4c07e-c09f-4c5b-b6d5-09cb2bc63a1a', '202010-00040', '9d1638384a55eb08f8ea6e94138a20658ebc81e5b1c9a1f8f7ead23eb52e061a918ba5c0364eee7c5a4984442b8d26587521e8d85d6ce17806f2879bc8e68581', 1, 'jzthc', NULL, 'STUDENT', NULL),
('39e1484b-b830-4598-b84d-d501f9b4c630', '202010-00023', '19ac77839e0a79edfcf9cb1c9f82f3b9da851335de0d182064360f9624e6aa6bead27ee7af698a95f89e30a00524594344eab8777c2829fe45ef3606d3e9649e', 1, 'exilw', '2020-10-02 03:39:31', 'STUDENT', NULL),
('3a52b381-e3cb-463f-a04f-41fb2215847c', '202010-00056', 'fd63fb9fb238559df5c828662e14c246809ebef1b72c29b7aecff85fafebfc3f3b85957bc8b2995a19d46ba407147a857bdac4e40a169ca8622131da9d1be89e', 1, 'eysqo', NULL, 'STUDENT', NULL),
('3a78bfd9-eee5-400e-bd59-ac96faef1823', 'HV117', '7738abc499d466aa40f14dbdd49d62d63bcb7bc2373f58ef46f680a472985048b34129a9a1e4a7ca04d586e148a099cbc32253ae674f9c314f28cba0152ebf53', 1, 'qorhp', '2020-08-25 11:22:32', 'STUDENT', NULL),
('3b80293e-bc6d-4061-9cde-cfbf0693aed0', 'GVGV001', '630b3d71fc7db67a8661c65431b8115fe54f9900599b5f82845bf8b1f562623800ac8d278368e7ac99ca8b6f7b29d09e6c5222f348a0f8e9518835f42c66cbd6', 2, 'fkihe', NULL, 'LECTURER', NULL),
('3cd9e96e-93c6-4093-a8e6-a6afd75bd45c', 'Phat', '0792ca4e372bf92e0dcb58d3c207367f224aec4d0feefe057875a308a3fa221c15d4b0d08c8ac155d3eda5dbcb80a33f6ee43208ad405f0c1f99f3564f14ff6d', 1, 'tcalt', '2020-10-02 08:14:11', 'STUDENT', NULL),
('3e1c5d55-d72d-4508-a02c-f4826434c5e4', 'HHA0101', '1a887705c8af87b92aef2c933b4786e908a7ddf2c7ee331872588955b9bf7f19cc3b57386e465f1238f60496b1c65467ac4eac3e46b8f583d305cd95d68b990d', 1, 'ixscf', NULL, 'STUDENT', NULL),
('41208dac-aa22-41ed-85f2-44739459f61a', '20200900032', '33d6e7e3c0a4ea02298ee34ea8ea282a0890a6a32bfb0c669258ef6d70908a37ebdae3497b06ec68e402f09be18ef29582112cabca0240fadec03c8e5a58a2de', 1, 'ffljn', NULL, 'STUDENT', NULL),
('4241a537-b62a-4f0b-9bb7-864b900f570b', 'ALT001', 'f7e424ebe6879a8f951edde04253936fe5cc5ae5cdd6b9de409cfd9be2ee149a51a57361905a992022e7a05a25292ce11c525a049a112fef9f5a0d913ef79a33', 2, 'phott', '2020-10-23 03:13:39', 'LECTURER', NULL),
('42b80b43-d2cf-413a-bfc3-4f4e5902cf8c', 'PH03', '7748e80b2af840ea8cc8aaf1ac8aa013aa22e1c198a146faef1822e428698dd8746fd703349266b8c08ce86de0e71dc4f2e7649078cb57c0cf1c321437c95474', 1, 'rpyzn', '2020-10-09 06:24:19', 'STUDENT', NULL),
('43321715-fe6a-458b-9d5e-ce92d253495e', '0376969397', 'b528816bfd36fe2eaf4f362f5b2a05f4002d73017cc04da0fd35eaaee7a9a02383bfa5668727c5caabb956fdb1a6e4f179dc50808b8da63b3aa004417843b603', 1, 'ojuec', '2020-12-30 04:45:01', 'STUDENT', NULL),
('44397288-3038-45dc-a0ee-c2e0a8aa6199', '1212', '4c33ab9cd08b4a5dbf32fa566933aefd5975973e6757dc4c4fe9b6a1e90b73c750381b84c2428e00aa3e80ec8d1788cde75737b9edec3b7b6795a954bd960e92', 2, 'ksdhc', NULL, 'LECTURER', NULL),
('4567572f-e050-410e-96b0-c9f1238f5c76', '20201000011', '2e8685e69b9837f326d01433b5a24192d3ad3b1b3fb20911b1fe066d1c9d266fe9af9ccae3a41e85b97eb83c307f31aa4cfd7e1ab3a363786b6d5fce1e918808', 1, 'idysl', NULL, 'STUDENT', NULL),
('4755a697-7a81-487f-964c-749817bf4d3e', '2020HV001', 'd6aedeacf001ce8a9ac9ad07c2f9f71763eca520515d6ea407c9a7d209ce6841fbcca631c0f5f9ffae653c41851a2a688acc93e375caffeb90e5b97d647554f7', 1, 'ezkvy', NULL, 'STUDENT', NULL),
('496276d6-f8f5-4f81-8a1c-fe8d4bfcec2e', 'asdasd', '89ab6f1bfb74c0a1c05ac88797992ba2bf3af645dbdab24396fb0bcdafaee35e41971971f8cf331fc4b2aa783d9ef49b7bc201826efb6f8815b325b9cc5bc7e5', 1, 'mmzhu', NULL, 'STUDENT', NULL),
('4a152bba-3e31-4694-86b9-eb67fbee55f4', '202010-00038', 'f312976ad4c19987b9b2f21b3a9fea54b418e9d1c663d1ba5072741d5ab06abed9d7195fabcff5b9ef7de4efdf861589ac9c3367a7069065732a8852ba544fc0', 1, 'cdgtb', '2020-10-09 11:30:07', 'STUDENT', NULL),
('4a5ffc19-eabc-427a-b352-06d4db378f43', '0377155223', 'cc339c2478edf39954ae80badf9099c58c0793188a87fb3387968ab2676fcfee141c841fc188a25fae7b7c1369be82cf39a5cde4aba00c841d72da4a1c5eeb39', 1, 'swdov', NULL, 'STUDENT', NULL),
('4f906ade-01c8-4034-b621-b15738461180', 'HV118', '4f6e2bad61825fcee92811766c1415b1a8d6ef5d598fb1280f5314a8e38f938212da5edbeeb2be3cb6b9c3221a469f94e546ccfe7a8ba46dc77f48e3d58d7b07', 1, 'jpfxw', '2020-08-25 11:22:57', 'STUDENT', NULL),
('51d3c309-94a7-4b8c-b392-f68a16892032', '20201000007', 'aab03f81dfed4ec9b00b161f76e6e438b037c52e00059da307877aa1bccbbf40f2bc0968cc461f40b26fb7b7b6d1d3328e0eb8a03b19f2dfaefd8566ee777b9d', 1, 'artyd', NULL, 'STUDENT', NULL),
('539d9521-a901-4ea7-ab2a-2efcb15eb759', '202010-00032', 'c9f1898d426b1df8fd745bf319359c00379e429be54e50a3999d04b12658d516186bb48b043371f1af8eb56503c4e629ff63654dcd3dac86482e0f78d2271f43', 1, 'fjwja', NULL, 'STUDENT', NULL),
('53ddb719-1f24-45c2-9560-f4efd5bbed5a', 'ZB0001', 'e7ff6b8b6bede3aa944511520a1d048df93ffc2ed65d3bc1b398ac7a0507f4c9fdbc0402704529d93834882164d46f2d3e9d587cb618cac68432cde8175523da', 2, 'gckwb', NULL, 'LECTURER', NULL),
('547fa92b-cd78-4f7b-b37e-3a26e0f0a00d', 'GV20201003', '7e018af255c0510bdb682216a0d28a76dde6ee7e0bc4ff6236a6278006009ea94b3a798aead73fa6ba73735d1e943261aba6037f5a6250a0ed3d6f4e2bac141b', 2, 'tjnif', NULL, 'LECTURER', NULL),
('5617956e-3643-4559-91a3-46793211d7b3', 'phuc', '9ca69a92d08579774e317eaf3a2945f2b6280157038cf06600ac2e07721dbecdf3ffd4cae18fb4c4f6ea10719d34ebb814cc826211f039c8fddae0f105eaf8fa', 1, 'ycrll', NULL, 'STUDENT', NULL),
('565174ac-4908-4b17-8149-cb6bc5f47608', 'HV112', 'dee6945e6d1a7a84929d3b54ccea2d8cf20780a5290c2e2911209fddcfb6a6b96cd800c06ae59475ee7a72c031cfab6f2cd22c763fff8085f4f73f714e5b6ec8', 1, 'aeoia', '2020-12-24 02:51:48', 'STUDENT', NULL),
('56a587eb-77fa-4026-af7c-f6d96aeff1fa', 'HVHuyNguyen', '8d253cb0432753bcc6bc0385ed98c0a47154fe8419221f4f9e9022d2a290a209025b7b771ff141ec3b0d4d716994904b3d1569a731976b83aa197a14a2e653b2', 1, 'qzost', '2020-10-07 08:46:35', 'STUDENT', NULL),
('57fc5198-3413-492e-b93e-070787dad7de', '202010-00033', 'beab6e7c37b1b5d0f7717084f3a31e92c3069adeeccf3ade0f15568349a0e8621fe30d22ca7b353576f6e12552a5dcb84bb195d04751eb50d6630f2b8743afdd', 1, 'ceomo', NULL, 'STUDENT', NULL),
('594e04f4-16de-4ced-9483-c6ee0a226902', 'LUYEN', 'da064970b4aab090d76744da84f0c179badeba87c6257272a279ffa44166e5d3ef2509ba48689f8b5e037d958eee54f447a6ed5afe504ed2619d54df922f52f8', 1, 'tjnoi', '2020-10-01 09:38:07', 'STUDENT', NULL),
('59e17975-beb5-45c2-9d48-de3809532d7b', '0379696398', '9a5ace17950bc37b0279a04bf4f6e9ad438185fc940cbb5a366b30fbd7abe7d3d317d29ff4f39a8845fbf14f7bc652bfe389101819031f89165d7ceb6760d6ce', 1, 'gpngy', NULL, 'STUDENT', NULL),
('5ae28cc7-3830-4f8f-9716-5ab75ccc356a', 'HV116', '181c6ad937dc89ca4e9b1b185c4f2a667e760f3c11b38534d591a26a26985c909cfe5eb2e287a4c0ae2a848fca51d4c906231132da6a61c8c002649ff6b0a2b6', 1, 'yebeg', '2020-08-25 11:18:49', 'STUDENT', NULL),
('5b646be2-9f65-4ef2-9e1e-e42438fb83fa', 'GV2222', '45427c2f611a91b396df8ec258bc72951930dfbb281aa4c4fb4ad5af2f808d1554d449ae2d1b35dab3a184b908c5960d2949f002e8c803af88e77350e49b428d', 2, 'tqntc', NULL, 'LECTURER', NULL),
('5d8be887-a08c-47db-bcf8-9032102a3b95', '202010-00048', '21be4fdc34002565b58436cecf352d697531b9383f42785bb8e290ca9f07cbbbcb61d99d0154727311214eec1d552e9a86f887fef99c100f572c05673cea16cc', 1, 'bmqsc', NULL, 'STUDENT', NULL),
('5fd8c958-2277-4d72-a36c-c76577c77e62', 'PH02', '3742f1a012068bf0f0ef556f73eb65e8a9b797614234a8e0d49e1860404cf002052d8f99faee97065882abcce4fca2216d9e5d31461bac80da39816a8a91e9c3', 1, 'wktfy', '2020-10-09 06:25:28', 'STUDENT', NULL),
('60908191-db55-418d-a88a-859c30d2420d', 'Luyen', '367ea80c198803a942fc4d9d37dd1791221ec4b2b65559766b5888757e2f1b933347ccaf36774c2637dcc4b98cc81f522bd65b4e619a7d0e38b86b498cf3ecfa', 2, 'owdyt', '2020-10-22 08:01:26', 'LECTURER', NULL),
('64032660-ceaa-4412-847c-d8fd1a470391', 'HuyNguyen', '6d8e3d43ec8ea3c80752178876cbf7f2240f75274620897f5d1f664998e9d9d4be1eabc1a92aef26c5ee2e3750636ed7e6a3ea7ba3f1e5660263e5db97a48bbf', 2, 'edhmu', NULL, 'LECTURER', NULL),
('64f540d3-7bc8-4755-8b86-563285f4796f', '202010-00054', 'f4c8efaf1a4d3c95b328376237443cda541e2a47ee1d6c4f8cfc5661bd017cca6c2cbc529d5fe3c97b0d2b7b9ca26afefd1962799f0d1b362c34382e715109ff', 1, 'arhfm', '2020-10-12 04:52:18', 'STUDENT', NULL),
('655c18b1-09b4-4968-ac98-f018b7bd04ec', '202010-00044', 'e90ac5f8c7f524ab02f29aa620ba69c65cf3115f64ea1249b61bd0f2ff862d4c4d58c6fb7f37525d49393c00356cc29b3fe0e6d96e20a6951df7666d9d996a73', 1, 'clbvt', NULL, 'STUDENT', NULL),
('67beef80-9f11-4e42-82ce-3af8e6b7a97b', 'GV0099', '9cb9d60a94c0fe590ab0976710e211c5660ee4b0d5f85d6fffc66d92326281eea7252b0302f75688c40ac812e82e99941eff1fdb8b066cd72e31bc850dc80844', 2, 'mybyc', NULL, 'LECTURER', NULL),
('680b3f8a-22c9-4770-8763-71a17371790c', 'tuyen.nguyen@alta.com.vn', 'dfd5b55372fff1b05310d90ef5d50136f7306c0d2ddfa8e7e7d0f49f0c4d62149715d44824089dfaa4a3faf8e14b50ef9690bdc4d88356a5be316100178d75d1', 0, 'ihsel', '2020-12-09 10:25:59', 'REGMANAGER', NULL),
('6895b0d7-e390-48c5-a697-b55e657fde8d', 'hs116', 'bb91d31942e894a6c2fa75e81bbb09666a3b257360ce5a1a35e1b7b64316b78cb5618a7e3bba54581be37b347b09426e48af14305e2cea96167553e015da1af6', 1, 'opksp', '2020-09-29 10:41:14', 'STUDENT', NULL),
('6b0364aa-bb37-4490-96ea-a7b13d340d6b', '20201000022', 'deeb5a3ee2931318bfa00e8479f756158751777c24fa0282799f5eaaab1fe05e1c985ca25b6aafd822e9ced25b15275383ef4ab7f738595812c31e49de935484', 1, 'njduq', NULL, 'STUDENT', NULL),
('6ba449c0-efd5-4d3a-82f8-bf9255d0d280', '202010-00058', 'da437d0a4a1b8a4c56da2a5e98a7a7835236701600cafa31327e3b019382659bf8014778dfdcc1e2b7a239272db51f3a77895e28a71e021eefc58ef441041ff6', 1, 'muccr', '2020-12-24 03:31:34', 'STUDENT', NULL),
('6d4c9699-6f81-41c7-a3c0-50b6b49abf97', '20201000000', '10b3f7f90fbbdf123b2fb153939646e102056137b938417d6147a24e505cbb712bdc3c2d5db89583ecd4e958f08fc4e828e866203b85cd2782a5a8138477e64e', 1, 'psosg', NULL, 'STUDENT', NULL),
('70040c21-1fdf-47f8-9c90-b11d07c01333', '202010-00046', 'd44b21a8ff36ecbddd1acab63dfb69b2ee2a0e9573a573a8ebbf53f95920b6adde324d7bce5fcc1ff0ef376011267c89fd221c1b9919129026428ab77c26e569', 1, 'ibrav', NULL, 'STUDENT', NULL),
('70e4b7a6-f9fa-4427-bca0-a5957463dcc7', 'hien.dao@alta.com.vn', '76c02f8143864222bab1dd0a2a7b1c58e71d754f1e5d4e846e5995a386b44e9f2d45a80e8d17cd86474163af563bbeab6a82290288dd5dd131ff5375becf1f26', 0, 'mclld', '2020-10-12 04:41:55', 'ADMIN', '2020-10-08 17:52:52'),
('71e73856-66c5-400b-9903-3a773694028d', 'PHCHS011', 'aade041cb08056cc0b210794391cfc80e83c755ef01e62afe90889020e3a16436001819df2c16c9c50ef7c75b2b2457b917f6f3ef443fcd4186027a43abc8520', 1, 'fznvk', NULL, 'STUDENT', NULL),
('7284db14-4ae4-4b8a-ab47-cf637ee3cde3', 'GV1b', '290b3b0cf7a17d9b80454fe073c54670a2caa6a8febf102a5f379d8a0dfd8a8fb1ba6179f9442f1e53b12dfbb84804fcbd24b0f6ebd545398bbc80071536ac2f', 2, 'gopyr', NULL, 'LECTURER', NULL),
('73b8bec5-b7aa-4930-b748-366c68a4f3c9', '202010-00064', '3c4cdf10e3557d1bbd1b9c090b0d4d161982384df2259f961d88f6f67e511ab892535c2ea581ea5761807aa8e9147bf0b04ffa76f6d448307b1132e0c53373b6', 1, 'hefto', NULL, 'STUDENT', NULL),
('7453bb69-00cd-448e-a1f9-5d74a8fd2a86', '202010-00049', 'edc494964bdcb926454c686f79f0f2a1d66487c7b8f91421adf724dca556bc1b553d5a121886f343c6843d012fd8c60f93bed548b8f7ded3d58c7946b82d39d0', 1, 'isptu', '2020-12-16 08:32:46', 'STUDENT', NULL),
('765f67f5-7a59-4118-8704-c13ce3b3c891', '2020GV004', '3472386fb1a1576d7b4806c80c3d0a0b9a968715cf8d244b49061b1fd306f5c49a5a7c842bab5209e0f39cef2568ba26f80adee90f21a95564b03435c8c9b0d1', 2, 'ewclc', NULL, 'LECTURER', NULL),
('79940f8a-e5ea-49ec-9143-8d96707bfa62', 'hoanghonger@gmail.com', '19f934538aaeeb7ba50c1e24224f3e71309dcf100cf9e35812c709f1dc74bb8874ce715ec1231deb6a930026c3e76e113057f96ccab9e6db3ca5eee9d32fff06', 0, 'cihfu', '2020-09-29 07:09:44', 'REGMANAGER', NULL),
('7ce98ce1-22e8-4f94-ad07-3d5bb61e1a22', 'HV1108', '4641c4a1531b38a90e71f7681850dfd95621c6c994b738bf666a856b49469323d604955b8149143d253ce1dda131954286702dcd44ddf309b76924a021e3ac0b', 1, 'lbthh', '2020-09-21 10:57:49', 'STUDENT', NULL),
('82be5c71-fbbd-4cef-b963-4f55f238ae9b', '20201000005', 'e755a77a8638dda305218e6092bd83bb13277b26611c96fd0ed8208c9a967803a7fb2073cf73334ca02f890ef72a00f81e09e837d2c13c56de793016534f4529', 1, 'hqsdd', NULL, 'STUDENT', NULL),
('8356355b-c00c-459a-ada2-f18b09a7ad28', '202010-00029', '33d6988d60cfd939f6895d002302cf184616f00521bc3cc210d61c770af6e1174c044c69bb1ddc365f30c01735ad8825867b8b90095829d2cc17e94d18d42687', 1, 'ruvwd', '2020-10-03 04:22:48', 'STUDENT', NULL),
('83b5c413-dad9-4474-8b30-d0b680d6057a', '20201000017', 'ee27e96c91e6f88f356b057bc40dc5f099127a21c0db2ec443a370efa614c39b6be6fb2978e69ead17f0ca8968292bf9e9cd99e747e24e86043716b1df26b2c3', 1, 'jlred', '2020-12-23 03:35:10', 'STUDENT', NULL),
('890e9b20-041a-44ec-9929-c72f0bfec484', 'HV', '0cf2dc5328dad5c614fb05e5e0359ff16765cfdcc9b8f26929c9838d66aaec13b1b7a7f89f6ffae02fd04062be3c0ac2d7a86efd82ba3a814877ae96fed789fb', 1, 'omegt', '2020-09-25 09:41:45', 'STUDENT', NULL),
('891bc19c-225a-4464-b802-662e7c87c32e', 'HVH1', 'c53c334a80f42e04817a3fc70b6f14327acd260fed9d24c2f3564a4a2c278f720c3c8c21d71623c1dce4096ec0e82f9abb648a83577ac80d974f85a9cf67088c', 1, 'pbgyf', '2020-09-21 08:57:25', 'STUDENT', NULL),
('8c10cc7d-0bb5-4fdb-8e06-18efed42a904', '2020090001', '2a5e3751a9b353112dfb9732a560ad57a1ee7d907eef8270f8d5e9ac863076182b1478d4565f20afd634b60ce601fe12b55cdb224337001b2b5dc58c8bde01b3', 1, 'wotso', NULL, 'STUDENT', NULL),
('8c846fb5-71a5-4a5c-b472-53c9f1ce9f3e', '201909HV001', '90037390e2346d3ccbf397236b84d0d3d9f8b8e7c0862b6c22964825f7f031d98064e988fcd5a2fa3a30ad94030d1012c6478e2cf38e53b41d0ec36404697c2e', 1, 'dkwon', '2020-09-29 11:44:45', 'STUDENT', NULL),
('906fb313-2372-4a5b-a044-402c1de2c16e', '31151020081', '93fb67022315eedb1d184312c0fc30e031b5e1b990dce10534e4ab1f00e87dee06b761a91517f75e8cc707c090ad4a4ec3310b41eb6fe5ded017682a4e4afcdf', 1, 'ujoya', NULL, 'STUDENT', NULL),
('91b091db-ca47-4030-9a72-1932bf10f53f', 'PPPPPP123', '5e0c3e8d6f2aefd10a94cacd9840c510c9ada80637fdde9d5669b642c75c8de07ac0f22bd41cdf865630c42c3ac1f1edce60cead0410cf469e4a772510231b8f', 1, 'mloqf', NULL, 'STUDENT', NULL),
('927fa3f6-d188-496c-975f-b166409261cc', 'TQT2', '4bb4c87698a2fb6ba0001104c73bc469a611499b675d3b38581dda359b56686350af91dd335e86e382033a8e4444ae0e3bf37298864d52166dc9c16f698ca254', 1, 'pgzkd', NULL, 'STUDENT', NULL),
('962670de-68e6-461c-8063-0a687eb6cad9', '0904667081', '44d4ff32fa587c46461be6c359a70eedf051fc6c6f98eb243b6a2dc89d901d3a78035cef23d4c17a1fa2eef1123848a7c79ba4fb47c54458b36a967029d985fd', 1, 'bfqei', NULL, 'STUDENT', NULL),
('9a1652d1-fd3f-47dd-b1c3-2a0e4abc999d', 'PHATPHAT', 'd623a6222a508b60a38d024d13aecaf40e38d876b86ea8190bc14e8abd79e9330f9f08b805f2aa2a1f8022c45b0d1e1e87057c54a61bf1718f370ac009a0b953', 1, 'pgiol', NULL, 'STUDENT', NULL),
('9bb2df2f-9f03-4e08-8d33-a1f77296ed38', 'GV', 'd8f5edcaac8993ccc526e8b51262fa823cfa19100c2bc896bc4262b131c37b37958150647372d0d4d00f164d888b2059da3dd2fd62bc043013050ffe987b8a7b', 2, 'ljbzr', NULL, 'LECTURER', NULL),
('9c3e1c4a-7dd8-40ad-8934-ddf59fe82a77', '202010-00065', '59269d622582080d6a19cae23ae1e734825592cde18c4d496ac6755c9c1a4eb9efe99e4259ec79cc36df61b6139f23d590f60cba98ff6b23a6d183adb2101ce6', 1, 'rtycf', NULL, 'STUDENT', NULL),
('9d52e8ad-fb93-40fd-a888-461af5d258e4', '202009-00033', '93c66701e75e02b736593e79beec08089faeead856b8e1fcd9c50e04185c32fe2534adb1b63bbad9594be23c441a589589427a5fef24f755c2ce506e5025e870', 1, 'jplyb', '2020-12-24 03:04:39', 'STUDENT', NULL),
('9e86052f-9ffc-4ef6-a25e-c7b4b884ea8a', '20201000012', 'fe263b31eda42bf03998ebec02ebf7766e788f2fb2308020e8be1f1bb2e4c5d5158467306efe6fba88dd8f38b8c4b01b30a70173c67471ab962361d15034668c', 1, 'vxgse', NULL, 'STUDENT', NULL),
('a1227a08-c6c5-4449-a911-3e04852ea7c6', 'noreply@alta.com.vn', '0ef50238fc8805969695b549c023a084672350540d70f241af6f908a6c821c942124a19c8cb0c3145b4cbf6f4b624cf6e539975e3367f01bdae43c53271af474', 0, 'qspuc', '2021-03-24 08:26:49', 'ADMIN', '2020-10-29 21:12:07'),
('a16fe72d-e6df-4fa7-8a53-43325fde0034', '20201000008', 'fd6593d617d541db871a39ffcae84696029a2795d04c3c7b83fc55187298a7e07f8757c1679b04af5a8f6e0c97ce8e9e98d255dc6e8b3dcef6279f4c5b62c9bc', 1, 'dgmib', NULL, 'STUDENT', NULL),
('a2066252-2e50-4001-a628-eb2d0948d924', '202010-00051', '8e676e894f79b831278327e2e8bb494dd1d07dfd155430a65b647d415bbf48f0fffd36cd22fa711bb2458de2d18113e9d674e0596192ae96fba12070b7139e2d', 1, 'ttvmh', NULL, 'STUDENT', NULL),
('a3d73411-cc43-4efa-b4a0-a054dfccf9af', 'GV0e', '60854cdf1fe1b818fc8af6e472e44e99429af249dd945277a5eba777794cdfd302c9420dcec21550afbe17b948913a64be26183c5ec0f7cda7f81583ed41811c', 2, 'ffslw', NULL, NULL, NULL),
('a4d1edb4-50c7-4639-a266-14076523463a', 'TEST21093', 'b4ee99a9e435bcdc8b2bfa6bb04d65a38334bc40851ad82f0ad6f4172d284c83138ef35fd20cd1e297b7871cc12a5688b9a8d8b92410efcbbe37f8a107975800', 1, 'ckynq', NULL, 'STUDENT', NULL),
('a511d038-3223-4995-8ae8-8ecd917b57eb', 'leluyen15022@gmail.com', '587269494cb404bc8af118ebcfd9770e72d41cf310b1dff6a3e25dbb7bab21bcba5ae41893d985d0816b235bf95c554840460ba21c37a12012f126711b400075', 0, 'hffkp', NULL, 'REGMANAGER', NULL),
('a59ffb9c-b7a1-4f49-8cc4-5bbf13adafcf', '202010-00025', '571a81f1ec906e3632b50c912226a7b69cdb6b5f15952c4204d86fd397191ccb9704d42df050ca2c8705a8c107ef9ddf74a9071128919821723f3d882bc14a8a', 1, 'uiqfl', NULL, 'STUDENT', NULL),
('a6df08dc-ca7f-43b0-a159-d8b0cebaab37', 'HV114', '722cd89f8411dd24fefdb0a7beb118359aec7b86f3da96e6b1557fc4a19f0a643a963ab2025bb671c1d70f5ae39cf806b2a32a9b95b8867e1b282a104e9b2290', 1, 'skvyu', '2020-08-24 03:38:40', 'STUDENT', NULL),
('a78795ca-90dc-4307-9e8a-a52589f98b22', '2020GV001', 'a32b76c8e1fefb0fdffa5c6e3cd58ba510b704db45e7e0f9b4103fe5625c5170da117df0e5db4ba7e3612b721ddb05d3a033b09ac5fc18e2b3d9f325b379a777', 2, 'kqzmn', NULL, 'LECTURER', NULL),
('ad5e9f9d-e982-423a-bc94-21022525aa48', 'PHCHS0122', 'ccc370f4403511f82f8891d6efddadaee368d7e714b3a6198f640bce5980c0d92159b3d34387fd6ef497361120c76c170349c3cbf6c7b60af09779207a38f16a', 1, 'imcvo', NULL, 'STUDENT', NULL),
('ad992f74-9cf8-4b3e-9c7a-07a39e24e8b9', '202010-00059', '7ba97f7ba243671315a22ab5e09b16fa051532b7e29dd33120fcda962a37a498de707490ae3cbdf12036bc3c4d9e363ccbcbde16661c350a0663e4253789c612', 1, 'ailrt', NULL, 'STUDENT', NULL),
('af85528c-031b-44d7-ba74-f02350e9f4fc', 'HS0001', '6a133329185f01da7bfb2c4fdd9b2d7600c10575e32eb98d09ffb5c83a597599546ece463f1b2d032c1cea4bb8702e6099a15d0f904b6fa08adf1585db5ab05e', 1, 'fqmsp', '2020-10-17 06:55:40', 'STUDENT', NULL),
('afb1906d-7db9-4049-b560-ad766e4cf14b', 'TEST2809', 'e6f34b6d93fb72571f5afd0d7cb5beb652ba1bbef8c4e73d243047e46929cb3634cede5b41c4b6435c104ce75502f520dd10e4b0573b88179540e67cccecd58f', 1, 'szqsd', NULL, 'STUDENT', NULL),
('b0391c32-ddaf-426c-8e0a-1d385839fdf7', 'TEST2109', '60b7c9ec2bd561f2b998ca24d0cf291f790e6d3c088583da2a97dd7d24368007273fbaab5ec55ab95c5522ba9a350c00907dc30462cca97ed20f2df5edd4f35c', 1, 'bsjei', NULL, 'STUDENT', NULL),
('b4b76ad5-d4bd-4ea7-93d0-89367db25132', '202010-00039', '407baacb658e35d0c4d29dc3ba69219b30d321601c4aea590a53db158017d95bc19aaa3abc27ac10932682b027111ea7bee184d85b430dee2643dabb594fdc7e', 1, 'jfqqy', '2020-10-06 04:49:05', 'STUDENT', NULL),
('b57476c8-2af5-4bc1-9ac8-af3a207639c1', '202010-00043', 'e2b84253f1693ef46acd5d952035c0e88b77bfa05485d710b659a68b499982299ccac13d6c3cd6d292175a04d62d12cb6f1009c70ea3f420c06519382eb2dba0', 1, 'shkkv', NULL, 'STUDENT', NULL),
('b69036fe-fc1b-4c5e-802a-de3270c25320', 'my.tranthihuyen@alta.com.vn', '2ae7112a37657546abd9d8b8bb15b65f5ae6d13b1583781c89aebc601c44301c8fcae65ecb0d399509992166e3df342de7d25a4c321660cecdcc41d6af284bd4', 0, 'pjrcu', '2020-10-30 03:11:23', 'ADMIN', NULL),
('b6fe65c8-6c15-434f-8051-25465834ea4d', '0767375800', '735d502d5846113fab505115981911d6f6726c59d3e0b5de65a071a382bec8db9b2b305d7edb69a77c28e7bcc6c54ec64e393031ef4a9e35e8f79046242fe3e7', 1, 'ppoea', '2020-12-30 04:35:51', 'STUDENT', NULL),
('b7783270-41bc-4966-870a-ff1e18a15e63', '202010-00031', 'b8be1566df1c61d1ee4d3923224b91495cfac7494f32e758b0e2928d7c55990568b0f1c67f47e85c4c0757cdcc0bcd379bdb00b9102761f7725174b11b15d1ad', 1, 'scmdq', NULL, 'STUDENT', NULL),
('ba675915-419a-4954-a71e-9ff45a166c2a', '123', '4086780f36057857e7741edf8eba694438e985c2c9ec07652c5b22e25863f71e1822238c14d426a26d9fde0436f80865994c4876743350ba94266e577f77f460', 2, 'nlqef', NULL, 'LECTURER', NULL),
('bf54b8fd-8a7c-4a93-acb2-a38aa7f07128', '202010-00037', '81c91292eaf0958660b3c2fe0c1c05546149064d808d03c523f56b3662f22b57a739718bcc70d6badbf4fdd0458e72bb2d7a654c1c95419ef03e806d7777a341', 1, 'mlwho', NULL, 'STUDENT', NULL),
('c1936cca-afbb-43c9-b649-da866caf898a', '202010-00027', '245df60041549a1879892a8d57402a101cd432a6b3cec03ff3de69853de6bebcdfce854f44a2b05d652844a69d52b5bc6d4464167ed36b5a095607968da5bfc9', 1, 'torgl', '2020-10-03 03:10:12', 'STUDENT', NULL),
('c210f0c1-26eb-49e2-b76c-bd705942272c', '20201000013', 'be140630273472fe636853c4d8d5cb77ee52eb63d6a6478c963a2fbfa9d7c18418d43ce33218141f6095d94f583210d86b82b61702020b29f6ec8c890aab80cf', 1, 'xqsgb', NULL, 'STUDENT', NULL),
('c32975ba-125c-45fb-a647-cb1b5c2ba8ff', '202010-00026', '514c54c2c70e143ef8d26229cacd51b32ab6785c750eb9c992845bc6bab3af20926d83d41b0a4bc5a6a917ff56a3641bcd1d26f4f21d831dd35ddaa08e3f770f', 1, 'plgja', NULL, 'STUDENT', NULL),
('c50d257b-de06-4768-a7e2-fef8013c4a68', '0379696398', 'ddf0496402e3ac03e7329d7b5188a45cd8ef04695de111e7466cfbe7d9d65d42ce5d624abdd489d7d445d0d5511f05fb680e49a2a7fa13e078ae803144bdd503', 1, 'xfycp', '2020-12-24 02:53:58', 'STUDENT', NULL),
('c5daf0b9-b664-4117-8a6a-657bb79fe4cc', '202010-00042', 'fc17334dac4c3982e0d2904d59fbbc018cad09f0ab15fe3bfaf4d2a95bc02482b00560509e7aa906c727aa4322d935e3f8bbe67270500fba11b5e1026ce40745', 1, 'igszt', NULL, 'STUDENT', NULL),
('c601d902-0618-49a4-b4a8-a1dc037ac4f5', 'null', '17d3d609a33113aa13afe60ce6b3923ce6b5e3a4051e309e527b0c140165d5a25c74666b2a5aaaabd3de9403cf79ca117c76ec14d10b2f6873f714d3d7006274', 1, 'chich', NULL, 'STUDENT', NULL),
('c6e20fb5-6a54-4eeb-9bb4-69abf9418dcc', '202010-00036', 'b4259b95e1b1de10cc7e5728cc87817f02289fad66366234ddc84d079a09f6109b9e167ccc3d8095f49f53f7e7b89a4fa672cfc81e33b3d80b49a0cc250199b5', 1, 'xrblt', NULL, 'STUDENT', NULL),
('c7a14517-eb14-4c8f-b1e7-e9aec175672e', '202010-00046', 'b901b1ce28444b0bfbfcfbfbe13800fc931889a0fd9164ff063871e0e8f5db802731c56e883c0f4a411d33049097112319ba6be2d447092303a78537f52b6c51', 1, 'stupa', NULL, 'STUDENT', NULL),
('c9985a45-22f0-4992-9774-12694de33893', '1234567', '68e5993c299bf1d45fc4a8b086dcefa4a23894d20de0a2fa27368935f87f5b9705d634edc128ff49232882b7f8b3d812d85c850757a38eff0181edbdbdeac7d2', 1, 'ifljd', '2020-09-10 19:29:51', 'STUDENT', NULL),
('c9b80ec4-2c0d-4db3-8b17-87ba9131e49f', '20201000023', 'd9e1cdc245e74c5d72ae18c50722cc7f9338701a468acb97b361cf8eb920cb5825c9e2edbd0de9a0f4b5b7f823fa52755a0e5575f6eca96d1bc814e550d3f683', 1, 'kimiu', '2020-10-01 16:31:22', 'STUDENT', NULL),
('cd4546f0-d60a-422d-9cc9-91d02aad7bf1', 'Phat214', '4f3ab9a88fed738313d3e4b02592b85c731d087761931586ab2680eb8ef52e93a400444bad2a6825369a9a341220608b528c5fcda4cd303b152f812b2c741f1a', 1, 'xnidw', NULL, 'STUDENT', NULL),
('cd6f6ff9-80c3-410a-88a8-56e0cac654b0', 'phucTest@atla.com.vn', 'c5570a1edbd12efd1ade8c91be3ff2124e9e1a81f57adc074fa58185df08ab6d09160c65216c8f0aeeb43a026f2d50ac83584364238aa3ba3d2bbf9acac08356', 0, 'brzsa', '2020-09-21 09:49:00', 'DIRECTORATE', NULL),
('cf648aa9-92cb-4722-b4fc-62002ad9ff7f', 'HVOO1', '0d7eec45146744b34911d8845480f80c5581d6090a8f891946ed3a974abacea65be6790641805a080da35b903e94c69a632418d82c9354faee3bd03c70ee8f26', 1, 'kkwaw', '2020-09-18 04:53:39', 'STUDENT', NULL),
('d0719a80-7a45-4ed1-9d4f-433c375f235f', '202010-00024', '6f2fdffab4d272f5f028190e63d2350c0e3e302b9f66c82f979e451bfb6c4c03c998afb3ddae9c7816e67cef798d3fe705e3610db70fa56b77d3cf2f5066df7b', 1, 'zpjgs', '2020-10-02 05:02:17', 'STUDENT', NULL),
('d18f007b-5233-4147-ae72-565b88042b54', 'GV1a', '281276dfe663225ac9a5c26c7fa3426320e3eb350750c397279027bd2d425443099539046bd4ae1e93a9a409bfdcec87a2ebc0aef5e12de979ada26feb140097', 2, 'mzdng', '2020-10-17 05:08:26', 'LECTURER', NULL),
('d63eb2b0-8f0f-435d-93bb-b164fbff9958', '202010-00028', '920304ad4889935700e69a009d58aecfc4fc4bc126551617e1da2a8599d6c9711dccbe5021e8b2d170e9d2c175004cfe0e067a225814d85d8568d571ab90f7b7', 1, 'gcgfh', NULL, 'STUDENT', NULL),
('d6bf7cca-e9bd-48be-921e-b4a13601c912', 'PHAT04123', 'fbffb9e6de0574ab219650658fa16867229e575b336bed1636a7685d84f55d4a7c2a9d9d7d19a820ba44f4054964ff3d4472d0b5d43758ec7ad993784f0ff909', 2, 'luhbp', NULL, 'LECTURER', NULL),
('d6e8f41a-0680-4923-be59-fd9ce02c847d', 'HS0014', 'cdfb432a81654b3d3e151fc8d70e5cd3fe271d15a34c3f7bde9386bdcaf44104f0752c1bbb9fb9b677d689fa8c762ae6cbc3abf7177fcf98a4542ae29b8eb2a0', 1, 'ylzxb', NULL, 'STUDENT', NULL),
('d7554100-16ed-4713-998e-721deb14a7fc', '20201000018', '871cbf77bfb0629cd0089d4bd29ce1520ee117e46585abe5122799aa23b6c0682ef3e76f0ab4305566e8cd3de58a015778dd58d01dbc87c5a4a988ef8e7672eb', 1, 'lnzwg', '2020-10-01 09:30:19', 'STUDENT', NULL),
('dbdf19be-81f3-4630-8e9a-b897d82a194b', '202010-00050', 'd4987ca5cb326704e4b01f547c94e7e4b878b5a7e90076b716380296e843a930dbb967024fc7829a02fb02ca0723a74f5eab033ae71c79ca0bef820b3bec9e57', 1, 'sqmzo', '2020-10-09 05:19:18', 'STUDENT', NULL),
('dc6ffd24-ede5-43d9-874c-5ddacbca851a', '202010-00061', '7b3e84951bcd5205da29d93f599aff78a76cda7fbee0f7f2cf6c9799c61b89233e8c9c3161fcc10086301e3601eb09a0b25abb6d3d51456b4e229d191ea4aae2', 1, 'xskaj', NULL, 'STUDENT', NULL),
('dedb95db-ee1f-4ed8-838b-41717e8b5581', 'GV039', '3a54ee954609b29d545ad12c9e88ee8d89740a56fc23da68c3d06e6a7be54c6bb3e3606e9ffc5731b64acc4972e5f9bc2d28b0501dc432d612a375aea3973976', 2, 'ppkih', '2021-01-08 05:55:46', 'LECTURER', NULL),
('df7bd63f-d340-4948-9ac6-0d17f8f92ded', '202010-00041', 'db1d4f466e4f9c2cae3682175f928a6f361f5e85b52b40a8b2ef8c9cf5bba38c49fd2b3e3405a3b9f0f17c1912eb49a76862c5558d9b24c05a20f05f8da0c3bf', 1, 'cvksw', NULL, 'STUDENT', NULL),
('e13d5f81-8e82-42e6-9236-7e22efa95adf', '202010-00035', '9ad36b292543d4a70ebb508af685b9e75e7e5731c19ec7caf3a03aaeeafa0d9051ba45b78e4909deb201e13c0bb07820a58d7a6160081f6f788993d675456e7d', 1, 'pufgy', NULL, 'STUDENT', NULL),
('e3201e1b-eb3b-48ec-895a-344e3c677009', 'leluyen1502@gmail.com', '7fde68ca9c73ff6518273b32a90f3a87b5b4f129202ff8d035b9f35180987d7e9f5aa861002dea9cbdc1259b54a26f618770fd8cae97604a0b8f4b316a9fa828', 0, 'cyfkl', '2020-10-07 09:43:59', 'DIRECTORATE', '2020-10-04 12:41:28'),
('e85aa410-06b4-41a4-b8a8-026fc2e8d37b', '123123', '9cc2d175e0411baf83821a688a2b80ba0409c8228958954f33397d40bb6d81a5bbd934f59b023a5cb659f6976840018d5332c112fb3ffa7acab51a38deede76d', 1, 'gxdch', '2020-09-16 09:27:57', 'STUDENT', NULL),
('e8f63bcb-4e40-4548-b874-8641c35f484d', 'TEST21092', 'e2166bd010c4d923c25ecd9deaca8de8fc80dae3ef7406ed60a1093e677514a6e5b474bad0c2fdff4e4eda161743dbc6848bf24af8dd53e4fe5ca0b588d02d30', 1, 'dvxdf', NULL, 'STUDENT', NULL),
('ec9c6e58-98ae-4696-a783-bd94b1206159', '202010-00060', '7b895fcdb7178ebcf25282d4f5b526d96f884e1dd321b13535b9da3852a8f4a9dbf0d4308625691e5687140135284271308b200333a8fa91d78f92188fbeeaa2', 1, 'xwhqd', NULL, 'STUDENT', NULL),
('efc318c2-9b56-4e94-bf6a-465c07121a03', '2020GV002', '2ccd91746bc72403e1748d4285237f710f1caa4473a22aabce234f4af3fa22cd279d9aeabc6287c853f95b3f1c0f0e8cae303496dad2f17b915833e89321665e', 2, 'hdhna', '2020-09-21 09:06:00', 'LECTURER', NULL),
('f00acc82-c283-4dbe-a314-b72473e68334', 'Phat1234213', '21f4faf3155555a25959008ab4bde4700de57ce90560c15a0df6e5cf6637f85a5f4077460d441ff123c004b3c1396fd859144df6e4499491bb32a9041ed80b17', 1, 'msous', NULL, 'STUDENT', NULL),
('f14bda82-b18a-4a45-871b-06d7a2b71ac9', '20201000004', '0c4e2ab2ccbbc3b883c6004a8e5fec3b471b3a307c0c3ac2b32f1f71f57175fc308a0e204b83acdc708bad8f0a1d99a900f1283c82c18560fedea0e57e321836', 1, 'qfopw', NULL, 'STUDENT', NULL),
('f477e015-de1d-4415-b993-9435d66daa99', 'AAAAA', '3d46ed8719a994239efe532a03e767be1cd71b9c8caca249dc65b5fd81b4ba4e2b6351c9540cdfed41acdad26e0018bb6f0f13f7622f5c9dedf9056eab342d1a', 1, 'xjfzj', NULL, 'STUDENT', NULL),
('f5527519-1bda-485c-83d3-0fe65c968212', '202010-00055', '37cffad7085f71c2d548b2fc55970e43bdf76b79ab33c22719ad3490d558e7a25f959749351d80a77898f9d6e6fe0b44458bd05f61e2a85fd5afa1feed215535', 1, 'ovfwk', '2020-10-30 03:22:59', 'STUDENT', NULL),
('f8f1a8f2-92c8-462b-8a0f-4c4147aeaba9', '202010-00034', 'f60f6710f94eab1e1d3054c0eefd57f30f80b035c2a3421de8c01a7a21298214e99972fbaf350a456273800ed365d495ae9f6371b0aa1b78a0f9d86eaf0c293d', 1, 'xuilc', '2020-12-22 11:45:28', 'STUDENT', NULL),
('f981f02c-254d-460f-a937-c11e8423cedb', 'GV001', '2e01a9b979bd81bdb4b1f6336802c3c6eea4dd7c4f7f86ef013e2dfa2a8840a9dc3e810a74094d91904b1979d463debc9883ce3a0e264148a48cf640757dc8d9', 2, 'hpavk', '2020-12-30 07:34:13', 'LECTURER', NULL),
('f9872086-af68-4525-861d-dbc73c470f84', 'HV113', 'c65057757f55cb3ac74ac9a8c8f1c12dae05e4389bb065e3b71808acfc5f5215e2e2b0dc50b846707f665795920556725778bef8a6580e0ef0b7804dfc316cb3', 1, 'sfnhn', NULL, 'STUDENT', NULL),
('fd6e2fd9-04b0-4ff0-94b2-9e79b28c5503', 'HV2811', 'a67918353208a5dba2aa25f666d745e422bd0f1e64c18b34bc1ce192cbf6579519f60a5eca9119c544e0ef11a7627e822aac06e5b8d9c8e047a36a65ca20de58', 1, 'cxywc', '2020-09-28 04:29:39', 'STUDENT', NULL),
('fe6acd7a-bb3e-4a25-bbd6-64a4093b1d08', 'luyen.le@alta.com.vn', 'fb16bbb61b1f8611d9044ced24372c22e3b62a8eee4d549b4c4066f022bd42f44a00c96eba874b5f1ddae0d2ac34624c515e4c73159e1313ed97f7cbb42fefa0', 0, 'rmsrl', '2020-12-22 11:54:30', 'DIRECTORATE', '2020-12-16 21:39:30'),
('fee76368-638a-46fa-a18d-414865deaa8f', 'PA1', '2cdc08601fed357d554c1d8d8c25e0dd0d998ff239b36b6e7cabe9807b5791d248645022cc8b993ea70876ec9cc8508d171ff4ddb955e27058acfb00e2394e93', 1, 'agepd', '2020-09-03 08:57:32', 'STUDENT', NULL);

-- --------------------------------------------------------

--
-- Cấu trúc bảng cho bảng `rc_account_permissions`
--

CREATE TABLE `rc_account_permissions` (
  `account_permission_id` varchar(255) CHARACTER SET utf8 COLLATE utf8_bin NOT NULL,
  `account_id` varchar(255) COLLATE utf8_unicode_ci NOT NULL,
  `permission_code` varchar(255) COLLATE utf8_unicode_ci NOT NULL
) ENGINE=InnoDB DEFAULT CHARSET=utf8 COLLATE=utf8_unicode_ci;

--
-- Đang đổ dữ liệu cho bảng `rc_account_permissions`
--

INSERT INTO `rc_account_permissions` (`account_permission_id`, `account_id`, `permission_code`) VALUES
('00234001-e274-4050-be44-5404037407b1', '1a778b97-5a6b-4947-9371-365a7b4e28f7', 'SCO_ALL'),
('00644a29-108c-42a8-992d-0cfcb3f9613e', '1ed038a4-3856-4847-a131-c60d94862f32', 'VAC_ALL'),
('0081c8df-6110-4f94-93bc-a4b408e41b13', 'c50d257b-de06-4768-a7e2-fef8013c4a68', 'CLA_ALL'),
('009f8f1a-e51f-46d9-865a-d7e74478189f', 'f14bda82-b18a-4a45-871b-06d7a2b71ac9', 'VAC_ALL'),
('00cffe7f-4743-4f45-b612-01a9267b12eb', '1b70f811-e25d-42b5-8f1f-454971c00e85', 'VAC_ALL'),
('011454d0-bfae-4742-919e-52e710789bf8', 'e85aa410-06b4-41a4-b8a8-026fc2e8d37b', 'SCO_UPD'),
('01681697-c183-4ac2-b0f6-a1b700b981a6', '37ecc0f7-99fa-4205-ab8b-12bc0ee6d16d', 'CLA_ALL'),
('017f21a2-758c-4383-8092-e8321e34f1a7', '59e17975-beb5-45c2-9d48-de3809532d7b', 'CLA_ALL'),
('0196da56-08e4-495c-aaee-6f742bca4ce8', 'ad992f74-9cf8-4b3e-9c7a-07a39e24e8b9', 'CLA_SUB'),
('01afb034-26ca-4670-b52e-ae4215e3729a', 'dc6ffd24-ede5-43d9-874c-5ddacbca851a', 'SCO_ALL'),
('01e8793c-b80a-470e-a390-9195cd0f8a77', '9bb2df2f-9f03-4e08-8d33-a1f77296ed38', 'SCO_ALL'),
('02125ee9-65aa-44c6-a2e8-d23824607d69', '60908191-db55-418d-a88a-859c30d2420d', 'SCO_UPD'),
('02173c78-312e-46cf-9051-4cdd700411d3', '891bc19c-225a-4464-b802-662e7c87c32e', 'CLA_ALL'),
('0235c6dc-5b9b-4e40-84c4-392c505e36c2', '3a52b381-e3cb-463f-a04f-41fb2215847c', 'SCO_ALL'),
('0290f079-380c-4923-bac9-c7487fe0eba5', '962670de-68e6-461c-8063-0a687eb6cad9', 'SCO_ALL'),
('02a0d5cb-e92f-4171-b291-fc28f2e3d314', 'a1227a08-c6c5-4449-a911-3e04852ea7c6', 'USE_ALL'),
('03622b90-0cce-460b-bf27-1461a8650318', 'a6df08dc-ca7f-43b0-a159-d8b0cebaab37', 'SCO_ALL'),
('0367a668-dbcd-4495-90d9-8a47ee785995', 'b6fe65c8-6c15-434f-8051-25465834ea4d', 'CLA_SUB'),
('03846e43-795e-408d-b219-e5575bf6134c', 'a511d038-3223-4995-8ae8-8ecd917b57eb', 'CLA_SUB'),
('03aa9fd4-401a-4c6c-a6b6-51327f710951', 'f981f02c-254d-460f-a937-c11e8423cedb', 'STU_ALL'),
('03bfec96-7d95-4f8c-9a31-6b95cf253e85', 'dbdf19be-81f3-4630-8e9a-b897d82a194b', 'VAC_ALL'),
('03fd0313-1788-4c9b-bc59-e5ca5a216196', '9d52e8ad-fb93-40fd-a888-461af5d258e4', 'CLA_SUB'),
('0400bafc-5f5e-458e-b1af-7ec9c3e3c44f', 'ba675915-419a-4954-a71e-9ff45a166c2a', 'VAC_ALL'),
('040a9f1e-2f48-4473-916d-97d0a75d09da', 'f5527519-1bda-485c-83d3-0fe65c968212', 'VAC_ALL'),
('0449e082-eb07-4873-9697-382db6069c97', '21dfd738-8427-4dbc-b2c1-802d8184ac95', 'CLA_SUB'),
('049f1c1c-592d-4f9b-9265-f0e2e756a93e', 'd18f007b-5233-4147-ae72-565b88042b54', 'SCH_ALL'),
('04a41781-98ea-4e53-a824-e3676333649d', '0a05da5e-d3aa-4473-917f-c92be07a502e', 'CLA_SUB'),
('04aaa27d-f40b-489a-b5c6-681a18e9aca4', '73b8bec5-b7aa-4930-b748-366c68a4f3c9', 'SCO_ALL'),
('04d54797-f4a8-47d9-8877-ef1484b4aa4c', 'b6fe65c8-6c15-434f-8051-25465834ea4d', 'SCO_UPD'),
('04fc2453-0f7a-441b-8762-1d238890b2e9', 'd6e8f41a-0680-4923-be59-fd9ce02c847d', 'VAC_ALL'),
('05334eee-5b0c-4252-9ebb-4d7d296a3a38', 'd63eb2b0-8f0f-435d-93bb-b164fbff9958', 'SCO_UPD'),
('053c432b-41c9-4bed-9ba4-8a26ed0a1553', 'fd6e2fd9-04b0-4ff0-94b2-9e79b28c5503', 'SCO_ALL'),
('0579fdc8-cf1f-4638-8a48-59d448dc7c7f', '2590b1e6-25bf-4f6e-9a41-344b547d34a2', 'VAC_ALL'),
('05ab0fdd-2cad-4b00-b573-e149c5da19d9', 'af85528c-031b-44d7-ba74-f02350e9f4fc', 'CLA_SUB'),
('05b8376e-3722-479b-be4b-00af7f75da9c', 'ba675915-419a-4954-a71e-9ff45a166c2a', 'SCO_ALL'),
('05f05043-aca4-4a59-ae91-f5f73bcab6fc', 'a1227a08-c6c5-4449-a911-3e04852ea7c6', 'SCT_ALL'),
('060c13fc-0184-4f9e-8102-c642df4a8625', '73b8bec5-b7aa-4930-b748-366c68a4f3c9', 'CLA_ALL'),
('062998b0-20e1-4d9c-bd2f-c38267e0408a', '312faa0c-598e-4833-9989-35928b405dac', 'VAC_ALL'),
('06efe2c1-c564-4b51-abea-fe7a0937bdda', 'a59ffb9c-b7a1-4f49-8cc4-5bbf13adafcf', 'CLA_ALL'),
('07602d10-2188-438d-9466-ca2b0fc84f82', '37e6f856-c19c-44fe-8618-2f53a7c90a5d', 'VAC_ALL'),
('07e32bcf-a0a6-495e-ae16-1033ad9ff51d', '4a5ffc19-eabc-427a-b352-06d4db378f43', 'CLA_SUB'),
('0832593e-b52f-40ff-95f6-8b56de719a98', 'e8f63bcb-4e40-4548-b874-8641c35f484d', 'CLA_SUB'),
('084faf3b-01f2-47ea-a5fe-b385f9f944b6', 'c9985a45-22f0-4992-9774-12694de33893', 'VAC_ALL'),
('0860a0af-fb5d-4d3f-84bb-6a9cd2988837', '70e4b7a6-f9fa-4427-bca0-a5957463dcc7', 'SCT_UPD'),
('08b860ac-8f2f-456c-8797-3ceae6196eec', '655c18b1-09b4-4968-ac98-f018b7bd04ec', 'CLA_SUB'),
('08dd35a9-6202-477e-a958-4d16a1f7a9cc', '906fb313-2372-4a5b-a044-402c1de2c16e', 'VAC_ALL'),
('08ef5579-1d4f-43fe-9bee-eb958136c4bc', 'ad992f74-9cf8-4b3e-9c7a-07a39e24e8b9', 'SCO_ALL'),
('091c18b8-a174-49f9-b630-e9d3c582a942', 'cf648aa9-92cb-4722-b4fc-62002ad9ff7f', 'SCO_UPD'),
('094d5a2c-cac6-4627-86e6-0fb8131e651e', '6b0364aa-bb37-4490-96ea-a7b13d340d6b', 'CLA_ALL'),
('09a136fe-336f-4c30-bd86-542cd2152896', 'b7783270-41bc-4966-870a-ff1e18a15e63', 'SCO_ALL'),
('09a8786e-5a06-4231-894f-89b28d772828', '539d9521-a901-4ea7-ab2a-2efcb15eb759', 'VAC_ALL'),
('09d2b8ca-65d0-463e-8894-5ae61e1ce7d4', '43321715-fe6a-458b-9d5e-ce92d253495e', 'SCO_ALL'),
('0a09675b-c591-4c75-b5e8-9d5815f74392', '4241a537-b62a-4f0b-9bb7-864b900f570b', 'SCT_ALL'),
('0a743125-2ffb-488a-8235-7f2468efa48f', '83b5c413-dad9-4474-8b30-d0b680d6057a', 'VAC_ALL'),
('0a9abcd6-c2ed-4269-a5e7-f6c0a8e9a3ef', '03f813ca-6012-40e2-b9a5-62c9c0021428', 'STU_UPD'),
('0af1f8f0-210d-4150-a6f3-ba5f0e36a056', '1ed038a4-3856-4847-a131-c60d94862f32', 'CLA_SUB'),
('0bc8f92b-4d74-4026-a647-91ab2f76a51f', '4755a697-7a81-487f-964c-749817bf4d3e', 'CLA_SUB'),
('0be320bb-6147-422f-8020-5c21e712698f', '60908191-db55-418d-a88a-859c30d2420d', 'SCT_ALL'),
('0c002b63-d9a5-4a1c-85b5-e491a2fc5f8b', '44397288-3038-45dc-a0ee-c2e0a8aa6199', 'SCO_UPD'),
('0c66e7a3-42ea-43ba-ae90-ae6db44ac75f', 'f5527519-1bda-485c-83d3-0fe65c968212', 'SCO_UPD'),
('0c6fc4a2-d8d2-4bf3-8e8c-3edbc212bb47', 'a1227a08-c6c5-4449-a911-3e04852ea7c6', 'USE_UPD'),
('0c7134ec-c52b-46fa-869e-54d238d2f98d', 'e85aa410-06b4-41a4-b8a8-026fc2e8d37b', 'CLA_SUB'),
('0c7a4bfb-9468-4063-91df-04f8ee453445', '34c649d5-b928-4798-9e60-8036cdc56c14', 'CLA_ALL'),
('0cac147c-3adb-41f9-a3e2-93b5324a67fa', '64032660-ceaa-4412-847c-d8fd1a470391', 'SCH_ALL'),
('0d3f3025-e2bf-4e44-9b7b-a8ff8876904d', 'c5daf0b9-b664-4117-8a6a-657bb79fe4cc', 'CLA_ALL'),
('0d6c0b88-b654-4e77-a322-39523f0a9909', '21dfd738-8427-4dbc-b2c1-802d8184ac95', 'SCO_ALL'),
('0e025088-2ce5-47df-bf95-19361a8166cc', 'ec9c6e58-98ae-4696-a783-bd94b1206159', 'CLA_SUB'),
('0e22f83e-79ad-49e0-9c09-f5b0160318a0', '64f540d3-7bc8-4755-8b86-563285f4796f', 'SCO_UPD'),
('0e6e57b9-fd12-42d5-ba56-f23305811fb4', '2680459f-69f3-48bb-97d7-2128b2323bcd', 'CLA_SUB'),
('0ea06ac2-b890-4665-925e-9c59acbce239', '4755a697-7a81-487f-964c-749817bf4d3e', 'SCO_ALL'),
('0edd2b43-1f09-4da2-8bf1-8d7fff66792f', 'ba675915-419a-4954-a71e-9ff45a166c2a', 'SCO_UPD'),
('0eddb9e7-4903-489a-92a8-460ed01103dc', 'fe6acd7a-bb3e-4a25-bbd6-64a4093b1d08', 'REV_REP'),
('0f15e80a-74ee-4974-977f-643b8ac22ec8', 'fe6acd7a-bb3e-4a25-bbd6-64a4093b1d08', 'SCH_ALL'),
('0f6f80e8-94ae-4fce-9263-129f9cc27f30', '14936e4f-24fd-448f-84be-aa10b0bb8e25', 'CLA_ALL'),
('0fa4ccb8-4b5b-4288-bf70-e0e9dc95979e', 'af85528c-031b-44d7-ba74-f02350e9f4fc', 'VAC_ALL'),
('0fb93d30-df2c-412d-b57a-f5dd833728df', '6d4c9699-6f81-41c7-a3c0-50b6b49abf97', 'SCO_ALL'),
('0fbe3b1a-8d3c-4372-964a-6ec3ee2570d1', '41208dac-aa22-41ed-85f2-44739459f61a', 'CLA_SUB'),
('10148f20-55c1-45e7-96fb-e9ce89835c32', '15ad579e-3951-4a27-a793-b9bb68758113', 'SCT_ALL'),
('1033879f-3fd5-449e-a93e-b53a1abb4783', '53ddb719-1f24-45c2-9560-f4efd5bbed5a', 'VAC_ALL'),
('107e823e-ce7d-47c4-a2d0-3c1a95d51ec9', '15ad579e-3951-4a27-a793-b9bb68758113', 'CLA_ALL'),
('10a84258-ddb7-4f8b-99a9-3bc8035dd61b', '9d52e8ad-fb93-40fd-a888-461af5d258e4', 'CLA_ALL'),
('10c905c9-1b5f-4c07-92ca-00fb3eaa6f95', '4a5ffc19-eabc-427a-b352-06d4db378f43', 'SCO_UPD'),
('117cfcc4-60fd-4f7a-8921-edf358ca5f18', '44397288-3038-45dc-a0ee-c2e0a8aa6199', 'VAC_ALL'),
('11e02023-8bff-4f39-9f57-1447f5be0387', '1a778b97-5a6b-4947-9371-365a7b4e28f7', 'SCO_ALL'),
('122be449-810d-4a1a-af85-4612b363fb92', '44397288-3038-45dc-a0ee-c2e0a8aa6199', 'STU_ALL'),
('12456c7b-92b9-4f97-919b-5b93927f3f2a', '927fa3f6-d188-496c-975f-b166409261cc', 'VAC_ALL'),
('12739a57-3585-4ee1-aea4-1528a47885b2', 'd63eb2b0-8f0f-435d-93bb-b164fbff9958', 'SCO_UPD'),
('1289f4a3-816f-40e8-893c-2aaaa2c74cea', '1b70f811-e25d-42b5-8f1f-454971c00e85', 'CLA_SUB'),
('12e7f39b-6a58-460d-a9f5-9d876a09fec1', 'b6fe65c8-6c15-434f-8051-25465834ea4d', 'SCO_ALL'),
('131601eb-8f7b-43fa-8f25-44d1be008f2e', 'dbdf19be-81f3-4630-8e9a-b897d82a194b', 'CLA_ALL'),
('1317c4ea-391d-4e0d-b573-93286a32ec31', '51d3c309-94a7-4b8c-b392-f68a16892032', 'CLA_SUB'),
('133e51a2-b8d4-4322-bf10-2602f23b02dc', '496276d6-f8f5-4f81-8a1c-fe8d4bfcec2e', 'SCO_UPD'),
('139679bb-18f3-43fd-ba45-421bff536047', '594e04f4-16de-4ced-9483-c6ee0a226902', 'SCO_ALL'),
('141abbc1-ddfc-4da8-9437-6315ac69e623', '6b0364aa-bb37-4490-96ea-a7b13d340d6b', 'VAC_ALL'),
('14761ec8-4e3a-464d-abee-661f579df7f4', '891bc19c-225a-4464-b802-662e7c87c32e', 'CLA_SUB'),
('1476d11d-44f1-461e-9cd7-edaac604ab3d', '3118eca6-7b6b-421f-99d6-2b6586a42115', 'VAC_ALL'),
('148068cc-ec5f-4e1e-95f9-d71192110df7', 'b4b76ad5-d4bd-4ea7-93d0-89367db25132', 'CLA_SUB'),
('14f15c2a-b975-4760-ad91-f48ffb612550', '34c649d5-b928-4798-9e60-8036cdc56c14', 'SCO_UPD'),
('151be30f-bc2b-4ba7-87ce-cc50f8cce967', 'e8f63bcb-4e40-4548-b874-8641c35f484d', 'SCO_UPD'),
('15302297-ec0d-4d5e-bcbc-5b673fa8ffcd', 'c7a14517-eb14-4c8f-b1e7-e9aec175672e', 'VAC_ALL'),
('15b1ea7c-cfab-4ff1-b1e4-c52a77acc179', '3b80293e-bc6d-4061-9cde-cfbf0693aed0', 'SCT_ALL'),
('15f19246-7d08-4865-b215-2c135c299626', 'f981f02c-254d-460f-a937-c11e8423cedb', 'CLA_STU'),
('1602e27d-89bb-49f4-9c68-3b44cf1999ab', 'c601d902-0618-49a4-b4a8-a1dc037ac4f5', 'SCO_ALL'),
('16309cb1-b0b2-4574-8e93-0ce1bc2ec23e', '8356355b-c00c-459a-ada2-f18b09a7ad28', 'CLA_ALL'),
('164f1f1a-2c2a-4696-ab2e-dfa951b70238', 'b6fe65c8-6c15-434f-8051-25465834ea4d', 'SCO_ALL'),
('16597680-c6ae-4a37-9e6c-e4736d88bead', '4a152bba-3e31-4694-86b9-eb67fbee55f4', 'CLA_SUB'),
('16c9dbac-298d-496e-a2e3-9f297e570091', '8c10cc7d-0bb5-4fdb-8e06-18efed42a904', 'VAC_ALL'),
('16cbc2ea-c6de-43f0-9124-17eb1c7ecb94', '03f813ca-6012-40e2-b9a5-62c9c0021428', 'REV_REP'),
('16e0fc2b-18b2-4ed2-8c7c-a69abe7d0444', '2680459f-69f3-48bb-97d7-2128b2323bcd', 'SCT_ALL'),
('16ea363f-6375-40d9-9325-d755dc48ce29', 'd6bf7cca-e9bd-48be-921e-b4a13601c912', 'STU_ALL'),
('174df289-f34f-4aeb-8b76-bca3e905a39f', '496276d6-f8f5-4f81-8a1c-fe8d4bfcec2e', 'CLA_ALL'),
('177ef30b-7965-456a-94f2-d6fed7649df4', '70e4b7a6-f9fa-4427-bca0-a5957463dcc7', 'CLA_UPD'),
('17a6d773-b252-4454-8ead-a3c9c14852cc', '6d4c9699-6f81-41c7-a3c0-50b6b49abf97', 'CLA_SUB'),
('17b7f504-7e4e-4e7b-80f2-b0a60bf0b8c1', 'b6fe65c8-6c15-434f-8051-25465834ea4d', 'SCO_UPD'),
('182e53aa-52ff-41c6-bddd-c96a33fc6eae', 'a59ffb9c-b7a1-4f49-8cc4-5bbf13adafcf', 'VAC_ALL'),
('185cbf08-707e-4d27-b802-b7e872d5ce4c', '4567572f-e050-410e-96b0-c9f1238f5c76', 'VAC_ALL'),
('18d17778-c4ec-440c-9c87-010ec1d49379', '962670de-68e6-461c-8063-0a687eb6cad9', 'CLA_ALL'),
('19072763-9523-4297-82f0-b7e196cc584e', 'dc6ffd24-ede5-43d9-874c-5ddacbca851a', 'SCO_UPD'),
('1923be50-c925-42d2-a9bc-6ecb1771093a', '9d52e8ad-fb93-40fd-a888-461af5d258e4', 'SCO_ALL'),
('19340c62-513a-4355-834f-0d4044dae2e8', 'f00acc82-c283-4dbe-a314-b72473e68334', 'CLA_ALL'),
('1958e453-99db-422e-96fe-3a386f70d10c', 'cd6f6ff9-80c3-410a-88a8-56e0cac654b0', 'REV_REP'),
('1972e97f-47c5-432b-8991-a1d27409c6fe', '1bfe8257-163e-43fb-9d08-cf2f96dbba55', 'CLA_SUB'),
('198f3de5-fd8b-4600-b309-98b175a87aa2', '1a778b97-5a6b-4947-9371-365a7b4e28f7', 'SCO_UPD'),
('1a177042-73b9-4bdf-a323-b358137fc0fc', '1f959b62-ef15-4b00-a07b-a59ca4db2b22', 'VAC_ALL'),
('1a42ed64-800f-4af6-8f43-77413ce428a1', '4567572f-e050-410e-96b0-c9f1238f5c76', 'CLA_SUB'),
('1a598049-abe9-4f21-8775-84c385ef64c3', 'c1936cca-afbb-43c9-b649-da866caf898a', 'CLA_ALL'),
('1a80e16c-bbc7-4bad-b88c-1e311b72f11c', 'a4d1edb4-50c7-4639-a266-14076523463a', 'VAC_ALL'),
('1a85db85-2ddb-4c25-bfd0-fde54c1b6eac', '4a5ffc19-eabc-427a-b352-06d4db378f43', 'CLA_ALL'),
('1a8a85f7-5299-435d-9ba4-cd8c879a0c9f', '6ba449c0-efd5-4d3a-82f8-bf9255d0d280', 'SCO_ALL'),
('1af6d8fd-aeed-4de7-8f96-10d9432ee3b4', 'fee76368-638a-46fa-a18d-414865deaa8f', 'CLA_ALL'),
('1b648085-7c4a-4abb-9526-4a4f4f0343d4', '70e4b7a6-f9fa-4427-bca0-a5957463dcc7', 'SCH_UPD'),
('1b64bdd6-e75e-4701-bfa9-015b3873eab7', '8c10cc7d-0bb5-4fdb-8e06-18efed42a904', 'CLA_ALL'),
('1be12053-53c4-40a2-a874-f3d5f91f75fe', '1d7c99eb-329f-4886-a44f-8618efa61460', 'VAC_ALL'),
('1c185ee4-1f19-46f2-b433-ee1ce0d9e3b3', '4567572f-e050-410e-96b0-c9f1238f5c76', 'CLA_ALL'),
('1c2bf58c-9460-4c99-9f98-987f85b89a40', 'c1936cca-afbb-43c9-b649-da866caf898a', 'SCO_ALL'),
('1c3a0ffb-bab4-4971-929d-86a384617bef', 'd7554100-16ed-4713-998e-721deb14a7fc', 'CLA_ALL'),
('1c467c89-8b99-4c95-9414-04b504c7aaf4', '15ad579e-3951-4a27-a793-b9bb68758113', 'SCO_ALL'),
('1c5e739c-b59a-434c-bd25-3fee99231443', 'a1227a08-c6c5-4449-a911-3e04852ea7c6', 'CLA_SUB'),
('1c97bdfa-ebcf-4406-8bfe-8cac682dcf14', '9bb2df2f-9f03-4e08-8d33-a1f77296ed38', 'CLA_ALL'),
('1c984d54-7173-4a3c-aec5-ea56ca04e21c', '0d1cb7e1-a5be-4b8b-8d7c-fbe90db3db1b', 'SCO_ALL'),
('1d04d99a-2dc4-4ade-bb3b-0188d8ca67e0', '67beef80-9f11-4e42-82ce-3af8e6b7a97b', 'VAC_ALL'),
('1d190347-deba-4cd7-adf8-35823d6a8906', 'afb1906d-7db9-4049-b560-ad766e4cf14b', 'VAC_ALL'),
('1d2a107f-d342-4c79-b5ab-25a7a8726b57', '70e4b7a6-f9fa-4427-bca0-a5957463dcc7', 'USE_ALL'),
('1d92fa5f-0066-4be1-af60-3005a1ac538b', 'b57476c8-2af5-4bc1-9ac8-af3a207639c1', 'SCO_UPD'),
('1d9485f4-984e-4e3b-b73c-1227adfa7bfe', '239300b2-4872-45ee-afde-5dc15d7f2fac', 'VAC_ALL'),
('1e2b2084-fafb-43df-afd7-0f8b912dc41b', 'af85528c-031b-44d7-ba74-f02350e9f4fc', 'CLA_SUB'),
('1ea76e62-3503-45fc-87fc-26137209a5ee', '70e4b7a6-f9fa-4427-bca0-a5957463dcc7', 'CLA_STU'),
('1f35a8ca-5ca0-4b70-b0a6-a390c398658f', 'c32975ba-125c-45fb-a647-cb1b5c2ba8ff', 'CLA_ALL'),
('1f44a008-af37-43b9-80b0-2c92a77dc75e', 'f981f02c-254d-460f-a937-c11e8423cedb', 'SCO_ALL'),
('1f98be94-699c-43ea-9b22-59a8f2ab4ccd', '01c39718-f10b-42d5-9f46-55ec8d56e862', 'SCO_ALL'),
('1fa668ef-0ab4-41b9-a8d5-f0e079b37b3a', '8c846fb5-71a5-4a5c-b472-53c9f1ce9f3e', 'CLA_SUB'),
('1fefc60c-4e58-4684-8af0-db0b4fe50ed9', 'f5527519-1bda-485c-83d3-0fe65c968212', 'CLA_ALL'),
('20b3bc7e-3491-47e8-9532-d00c49de8ff9', '906fb313-2372-4a5b-a044-402c1de2c16e', 'CLA_ALL'),
('20ddbcce-3844-422c-ab34-8cda9823a249', 'a1227a08-c6c5-4449-a911-3e04852ea7c6', 'EDU_UPD'),
('2112d604-c5b8-4323-84f7-fe58fc5df5aa', '07a7d676-6836-4cfb-b720-75942355ddc2', 'SCO_ALL'),
('21237371-999f-4fa5-a53e-7709503be730', '4f906ade-01c8-4034-b621-b15738461180', 'CLA_SUB'),
('2125e63f-a99d-4fdd-b5d1-fc61ffcbaa27', '03f813ca-6012-40e2-b9a5-62c9c0021428', 'VAC_ALL'),
('212da2c1-999e-4325-8005-083b57ff4606', '8c846fb5-71a5-4a5c-b472-53c9f1ce9f3e', 'SCO_UPD'),
('215d7563-1a27-4be4-bd8d-7cb01a720f82', 'c50d257b-de06-4768-a7e2-fef8013c4a68', 'VAC_ALL'),
('21c42c94-6862-43a3-b218-94d00bb83464', '79940f8a-e5ea-49ec-9143-8d96707bfa62', 'STU_UPD'),
('21c7f527-2ea0-4e2e-8fcc-a8fcda042529', 'cd4546f0-d60a-422d-9cc9-91d02aad7bf1', 'CLA_ALL'),
('21d07fb4-1126-45c5-bf7c-8dfd32507a96', 'f00acc82-c283-4dbe-a314-b72473e68334', 'CLA_SUB'),
('21deb6b7-7c6d-4056-8478-f60b54dfc500', '64032660-ceaa-4412-847c-d8fd1a470391', 'CLA_SUB'),
('220028ae-15bc-47a9-8f4a-1d07e6bee244', '4a152bba-3e31-4694-86b9-eb67fbee55f4', 'SCO_UPD'),
('2240992f-5ab9-41a1-a5fc-6fc319e6cb80', '2ab74578-80c9-4918-a4ef-3fe87541bf9e', 'SCO_ALL'),
('22a96ffa-994f-4e37-97d6-f0921c8d6a05', '30d6b54a-5c47-45d2-93d2-8c02939937f4', 'VAC_ALL'),
('22c45929-aaa1-4f80-b225-4ce11ae99352', '5fd8c958-2277-4d72-a36c-c76577c77e62', 'CLA_ALL'),
('22c502f4-88b2-46df-ac38-0fa7801aaf89', 'c210f0c1-26eb-49e2-b76c-bd705942272c', 'VAC_ALL'),
('22f1fb33-5eaa-4e5b-a268-d695824f7b90', 'f8f1a8f2-92c8-462b-8a0f-4c4147aeaba9', 'CLA_SUB'),
('22ffa36e-87ca-4e74-8933-bb9a7e8ee59b', '7284db14-4ae4-4b8a-ab47-cf637ee3cde3', 'STU_ALL'),
('23432c7a-8561-4d32-9de8-6a1b2c195e26', 'dc6ffd24-ede5-43d9-874c-5ddacbca851a', 'CLA_SUB'),
('234e5b99-5bbc-48e6-892d-a055ca42ade8', '70040c21-1fdf-47f8-9c90-b11d07c01333', 'CLA_ALL'),
('23728b4a-2cc9-4d4a-941e-a3646c18d244', '07a7d676-6836-4cfb-b720-75942355ddc2', 'CLA_ALL'),
('23902ff7-d185-4531-81b6-cf31b6e87981', '15ad579e-3951-4a27-a793-b9bb68758113', 'SCO_UPD'),
('23986dd8-1f5b-4b43-a135-75f6ede345cd', '1f959b62-ef15-4b00-a07b-a59ca4db2b22', 'SCO_UPD'),
('239d980f-be1a-41a8-b566-e5d2ff130f66', '099e1c0f-8e92-4ff1-945f-30270013e1fe', 'VAC_ALL'),
('23ae9d81-e626-4e22-b71a-6941ccb0b85d', '43321715-fe6a-458b-9d5e-ce92d253495e', 'CLA_ALL'),
('23aef5ee-390b-4505-a7db-7e8573f537fe', 'bf54b8fd-8a7c-4a93-acb2-a38aa7f07128', 'CLA_ALL'),
('23b8ae1c-b82d-4813-a2d9-2c9b2cee616f', 'ad992f74-9cf8-4b3e-9c7a-07a39e24e8b9', 'VAC_ALL'),
('23c533fa-4b9d-4e78-8090-da8483105cff', 'bf54b8fd-8a7c-4a93-acb2-a38aa7f07128', 'SCO_ALL'),
('23c7f06a-231f-4996-bfae-f4da028f5595', '64f540d3-7bc8-4755-8b86-563285f4796f', 'CLA_SUB'),
('23d9b9ee-f8b5-45d6-966b-72bd948966b9', '67beef80-9f11-4e42-82ce-3af8e6b7a97b', 'SCH_ALL'),
('23ed90ff-2cbe-4c01-923d-d6c0cddfe405', '37ecc0f7-99fa-4205-ab8b-12bc0ee6d16d', 'SCT_ALL'),
('240fc297-e779-4c3a-80e3-57ee485e815e', 'fe6acd7a-bb3e-4a25-bbd6-64a4093b1d08', 'VAC_UPD'),
('24150ec0-7321-4dcb-a2cf-c1dacc01d590', '0a05da5e-d3aa-4473-917f-c92be07a502e', 'SCO_ALL'),
('24183061-3f52-4003-850f-3eb0dfa13f5e', 'c1936cca-afbb-43c9-b649-da866caf898a', 'SCO_UPD'),
('242fca79-c38d-4d73-a9c3-7957c52395a1', '3e1c5d55-d72d-4508-a02c-f4826434c5e4', 'SCO_UPD'),
('245d4b8d-6b6f-4d0f-9ab6-3436cd350590', 'e3201e1b-eb3b-48ec-895a-344e3c677009', 'CLA_STU'),
('24711a06-c7e8-4bb0-9fa7-fd4992a081e8', '41208dac-aa22-41ed-85f2-44739459f61a', 'VAC_ALL'),
('249008c4-83b5-4160-9003-7c04e672cf95', 'd63eb2b0-8f0f-435d-93bb-b164fbff9958', 'CLA_ALL'),
('24c6088a-dbbb-4956-aba5-419ac66bb41b', 'dbdf19be-81f3-4630-8e9a-b897d82a194b', 'CLA_SUB'),
('24cd6f58-37a4-4857-b1af-64ee6a9cc653', 'a1227a08-c6c5-4449-a911-3e04852ea7c6', 'EDU_ALL'),
('25007b35-b7db-49fd-8ac2-073da41507e4', '44397288-3038-45dc-a0ee-c2e0a8aa6199', 'SCO_ALL'),
('2517258b-7df4-459d-a671-a3a9d19d522f', 'a16fe72d-e6df-4fa7-8a53-43325fde0034', 'CLA_ALL'),
('2519616a-babd-4585-a5e3-35feb4e69579', '1ed038a4-3856-4847-a131-c60d94862f32', 'CLA_ALL'),
('251f5677-59b6-4f6e-9fcc-ffcef0ecc9f5', '42b80b43-d2cf-413a-bfc3-4f4e5902cf8c', 'SCO_UPD'),
('2552c0ac-2efc-4da2-83f3-c793daf70399', 'fe6acd7a-bb3e-4a25-bbd6-64a4093b1d08', 'SCT_UPD'),
('25bd48e5-9826-4426-b92a-9cd7c0aaf566', 'f8f1a8f2-92c8-462b-8a0f-4c4147aeaba9', 'SCO_ALL'),
('25ef7146-ccf0-4001-845b-24e5668d490c', '30d6b54a-5c47-45d2-93d2-8c02939937f4', 'CLA_ALL'),
('263a9056-3a72-4d67-9333-325b950416d9', '5b646be2-9f65-4ef2-9e1e-e42438fb83fa', 'SCT_ALL'),
('264647f4-c765-43a5-ad3f-04583cd26228', 'c6e20fb5-6a54-4eeb-9bb4-69abf9418dcc', 'CLA_ALL'),
('26625bc8-849f-4542-a1db-35e8b6b148cc', 'd0719a80-7a45-4ed1-9d4f-433c375f235f', 'SCO_ALL'),
('26a25790-9c49-4628-9f0f-462e95a0748b', '655c18b1-09b4-4968-ac98-f018b7bd04ec', 'CLA_SUB'),
('26c07e96-4e95-4874-8740-56b110c00e25', 'd7554100-16ed-4713-998e-721deb14a7fc', 'SCO_ALL'),
('27336732-5dfe-423d-ab6d-c48c44edfdbd', '962670de-68e6-461c-8063-0a687eb6cad9', 'CLA_ALL'),
('276695a0-08da-4a0a-82e8-b5ccacfe8e6b', '6b0364aa-bb37-4490-96ea-a7b13d340d6b', 'VAC_ALL'),
('27a390e6-3789-48f6-97a7-e95d78d0a57e', '1ed038a4-3856-4847-a131-c60d94862f32', 'CLA_ALL'),
('27a39c16-6c7a-4915-b3fc-5eb007cd7b45', '51d3c309-94a7-4b8c-b392-f68a16892032', 'SCO_ALL'),
('27c26e40-e04a-41ef-92da-0fa4a49b3a22', 'd0719a80-7a45-4ed1-9d4f-433c375f235f', 'VAC_ALL'),
('27fd3f8d-8815-473d-a299-1fff39400560', 'd63eb2b0-8f0f-435d-93bb-b164fbff9958', 'SCO_ALL'),
('281b64d7-5eb2-4971-9bd6-62457ebb71b3', 'fee76368-638a-46fa-a18d-414865deaa8f', 'CLA_SUB'),
('2835a305-35c1-4753-acca-ad2b8450db92', '32c07c48-b023-457a-9f3f-0cd6aed220b9', 'CLA_ALL'),
('2851b06a-050d-48ec-8ade-b7c6240667b5', 'afb1906d-7db9-4049-b560-ad766e4cf14b', 'SCO_ALL'),
('288ebd81-8d35-460f-8b60-f76a2516b509', 'c9b80ec4-2c0d-4db3-8b17-87ba9131e49f', 'SCO_UPD'),
('28942be7-a90c-483f-a513-fccb22537622', '70e4b7a6-f9fa-4427-bca0-a5957463dcc7', 'EDU_UPD'),
('29b4ca65-71f4-4c2c-aad1-1c31e000e4ab', 'a78795ca-90dc-4307-9e8a-a52589f98b22', 'SCT_ALL'),
('29b6b8c3-de56-47d6-a48b-2a23d000dcc1', '099e1c0f-8e92-4ff1-945f-30270013e1fe', 'CLA_SUB'),
('2a5340f2-6d7c-451b-9acb-d87ac1561a1f', 'a4d1edb4-50c7-4639-a266-14076523463a', 'CLA_SUB'),
('2a82d9f1-2090-4293-a439-51ec5fdd8dac', '1ed038a4-3856-4847-a131-c60d94862f32', 'VAC_ALL'),
('2a8ef8bf-cfa1-40c6-84e8-48a6fdcb5217', 'dc6ffd24-ede5-43d9-874c-5ddacbca851a', 'SCO_UPD'),
('2afe7160-609d-4143-9fa9-ca5f4b17e240', 'b0391c32-ddaf-426c-8e0a-1d385839fdf7', 'SCO_ALL'),
('2b041347-8036-4158-9df3-484cc1bda7a1', '9e86052f-9ffc-4ef6-a25e-c7b4b884ea8a', 'CLA_ALL'),
('2b173e7f-1ccf-4f00-8bc9-c201a3e149da', '41208dac-aa22-41ed-85f2-44739459f61a', 'CLA_SUB'),
('2b18d601-a677-488d-b7f7-7db4c87641d6', '4567572f-e050-410e-96b0-c9f1238f5c76', 'SCO_ALL'),
('2b2db5fe-8d30-4be8-8e81-273aa3157c22', '0d1cb7e1-a5be-4b8b-8d7c-fbe90db3db1b', 'CLA_ALL'),
('2bbbe34c-da66-4df4-aba2-be7e1643ebaf', '962670de-68e6-461c-8063-0a687eb6cad9', 'SCO_ALL'),
('2bda4d11-232a-4fb2-b8c0-e63d1dd10fde', 'a2066252-2e50-4001-a628-eb2d0948d924', 'VAC_ALL'),
('2bdcee2b-d5cf-459a-9e88-8074e49ea833', 'bf54b8fd-8a7c-4a93-acb2-a38aa7f07128', 'CLA_ALL'),
('2be796e9-291b-417f-a6c7-93cbe5c90ff9', '39e1484b-b830-4598-b84d-d501f9b4c630', 'SCO_UPD'),
('2be977f3-fde9-4f3d-8a72-fdae629699c1', 'b57476c8-2af5-4bc1-9ac8-af3a207639c1', 'CLA_ALL'),
('2c09baeb-7a91-40bd-9227-3a1dfe8b2cb3', 'f9872086-af68-4525-861d-dbc73c470f84', 'CLA_ALL'),
('2c34dca9-16c0-486e-a8cc-e7a531d2bcb5', 'c7a14517-eb14-4c8f-b1e7-e9aec175672e', 'SCO_ALL'),
('2c74b785-d312-4872-a951-19c8bd1c125f', 'f477e015-de1d-4415-b993-9435d66daa99', 'VAC_ALL'),
('2cfb9f56-6630-4273-9963-7e76fb854fc5', '67beef80-9f11-4e42-82ce-3af8e6b7a97b', 'STU_ALL'),
('2d2bac74-663a-4048-9e55-7e76e63fc2f4', 'bf54b8fd-8a7c-4a93-acb2-a38aa7f07128', 'SCO_UPD'),
('2d646081-aee8-4b6d-9c94-7c7b540301ca', 'ec9c6e58-98ae-4696-a783-bd94b1206159', 'SCO_UPD'),
('2d66e974-580b-4969-a826-08368510149d', '82be5c71-fbbd-4cef-b963-4f55f238ae9b', 'SCO_ALL'),
('2d8a3208-1e05-44c1-9493-6606d4a000a7', '5617956e-3643-4559-91a3-46793211d7b3', 'CLA_ALL'),
('2da8b48b-0b30-477a-83bb-3f6fd083fe72', '01c39718-f10b-42d5-9f46-55ec8d56e862', 'VAC_ALL'),
('2daf3db8-0c7d-4bf7-a1a7-ad543ed0880d', '32c07c48-b023-457a-9f3f-0cd6aed220b9', 'SCO_ALL'),
('2db7a4d8-1b86-4201-afd9-672df8c81653', '312faa0c-598e-4833-9989-35928b405dac', 'CLA_ALL'),
('2ddf1104-bfa4-471a-8dbc-412309d64f84', '539d9521-a901-4ea7-ab2a-2efcb15eb759', 'CLA_ALL'),
('2e0cf7b4-80f7-4fe6-bf36-a269bc115ead', '34c649d5-b928-4798-9e60-8036cdc56c14', 'CLA_ALL'),
('2e967e42-5cd0-4c20-8d96-e31ed47b152e', 'e13d5f81-8e82-42e6-9236-7e22efa95adf', 'SCO_ALL'),
('2eaa19a4-ea9f-4d9b-ba20-3fa1a9150778', '03f813ca-6012-40e2-b9a5-62c9c0021428', 'STU_CEL'),
('2ed5533c-90b5-40df-af2b-13ebfaa1fb32', '39b4c07e-c09f-4c5b-b6d5-09cb2bc63a1a', 'CLA_SUB'),
('2f7f7f27-a0be-492f-b6c1-3b1998723924', '03f813ca-6012-40e2-b9a5-62c9c0021428', 'SCH_ALL'),
('3032a7b2-abc4-4268-b55b-2b2b0a70a87e', 'a59ffb9c-b7a1-4f49-8cc4-5bbf13adafcf', 'CLA_SUB'),
('30e5b15f-097f-4a78-b87b-4599891e0f6b', '32c07c48-b023-457a-9f3f-0cd6aed220b9', 'VAC_ALL'),
('30e79c41-4732-418e-aef4-f735e01ef562', '927fa3f6-d188-496c-975f-b166409261cc', 'CLA_ALL'),
('314fc198-4d9e-4119-98b5-909bd77a9071', '43321715-fe6a-458b-9d5e-ce92d253495e', 'VAC_ALL'),
('3154bfd6-0bee-4d6e-b04d-14200b5944f8', '539d9521-a901-4ea7-ab2a-2efcb15eb759', 'SCO_ALL'),
('315fcd39-e90b-4b5d-94ad-57e565483260', 'dbdf19be-81f3-4630-8e9a-b897d82a194b', 'CLA_SUB'),
('31867a18-00c3-4a6e-af72-7351d4288a35', '1b70f811-e25d-42b5-8f1f-454971c00e85', 'SCO_ALL'),
('318f0fc2-a443-4f76-bf7a-8aa1bcd618a9', '07a7d676-6836-4cfb-b720-75942355ddc2', 'CLA_SUB'),
('31d61536-40d9-4f87-8dd0-2ba61a35ae94', 'e13d5f81-8e82-42e6-9236-7e22efa95adf', 'SCO_UPD'),
('31de275d-adb4-425e-8a56-0a64e5394e24', '73b8bec5-b7aa-4930-b748-366c68a4f3c9', 'VAC_ALL'),
('32038a45-c5cf-41e7-847e-83160a44a792', '9d52e8ad-fb93-40fd-a888-461af5d258e4', 'SCO_UPD'),
('32212460-16fc-49e7-bb76-bb470c5c47f5', 'e13d5f81-8e82-42e6-9236-7e22efa95adf', 'CLA_SUB'),
('326f0c0f-7c67-466a-b0e3-a0bb486f8d43', '8c846fb5-71a5-4a5c-b472-53c9f1ce9f3e', 'SCO_ALL'),
('32c84b30-d8b5-4b58-99f0-395de7336986', 'efc318c2-9b56-4e94-bf6a-465c07121a03', 'VAC_ALL'),
('32cb66d9-5722-43e6-9830-67ece8ae7cf5', '30d6b54a-5c47-45d2-93d2-8c02939937f4', 'SCO_UPD'),
('32e8aedc-d2cc-43dd-96c0-239dcf35712d', 'c210f0c1-26eb-49e2-b76c-bd705942272c', 'CLA_SUB'),
('338543ae-a587-4e9d-b33f-ef3fc8618b01', '39e1484b-b830-4598-b84d-d501f9b4c630', 'SCO_ALL'),
('33c69d1a-fcd8-432f-8cbb-377ffd2db0dd', '099e1c0f-8e92-4ff1-945f-30270013e1fe', 'SCH_ALL'),
('33ebdbd2-fd31-48da-b45a-137b625cde25', 'af85528c-031b-44d7-ba74-f02350e9f4fc', 'CLA_ALL'),
('33f31f1c-541b-4c23-98cf-f974a6ed824e', '8356355b-c00c-459a-ada2-f18b09a7ad28', 'CLA_ALL'),
('342df2b4-9730-40fd-b397-0ca52ee5c284', 'c1936cca-afbb-43c9-b649-da866caf898a', 'CLA_ALL'),
('3453486a-417e-4248-a8e6-361f171f44bc', 'a4d1edb4-50c7-4639-a266-14076523463a', 'SCO_UPD'),
('345e5204-8f65-4261-acde-2125a36e30a1', '7453bb69-00cd-448e-a1f9-5d74a8fd2a86', 'VAC_ALL'),
('34a01a12-1335-4bf0-ab31-72b74c85b8e1', '7ce98ce1-22e8-4f94-ad07-3d5bb61e1a22', 'SCO_UPD'),
('351e3c90-e4d2-47cf-ab7f-908313423664', '6d4c9699-6f81-41c7-a3c0-50b6b49abf97', 'VAC_ALL'),
('35882182-b83c-4f66-bd84-ff44e5d4c793', '891bc19c-225a-4464-b802-662e7c87c32e', 'VAC_ALL'),
('35cf186f-6e87-4cf3-961b-e806f699a800', '2680459f-69f3-48bb-97d7-2128b2323bcd', 'SCO_UPD'),
('3686de88-45ea-4170-8ed3-c3f60e66e450', 'c6e20fb5-6a54-4eeb-9bb4-69abf9418dcc', 'SCO_ALL'),
('369b6f62-599d-42c7-844e-a9e4ccd41ad4', '8c10cc7d-0bb5-4fdb-8e06-18efed42a904', 'SCO_UPD'),
('36ada5cc-2a32-4689-8863-fc166e781216', '73b8bec5-b7aa-4930-b748-366c68a4f3c9', 'SCO_UPD'),
('36d58693-128f-4384-b3ec-64b81b88175a', '9e86052f-9ffc-4ef6-a25e-c7b4b884ea8a', 'VAC_ALL'),
('3703c5e6-6b88-42f8-970b-dd28b14db4e6', '3cd9e96e-93c6-4093-a8e6-a6afd75bd45c', 'SCO_UPD'),
('3708a80e-a100-4e47-aecf-29ef64ff288e', 'a4d1edb4-50c7-4639-a266-14076523463a', 'SCO_UPD'),
('371271be-25ec-4291-b552-9cffbee7cd6b', 'd6e8f41a-0680-4923-be59-fd9ce02c847d', 'SCO_UPD'),
('374dfdca-f57d-4d67-91f1-136d4a6590cf', '890e9b20-041a-44ec-9929-c72f0bfec484', 'CLA_SUB'),
('375e4ba8-c135-46d9-9d2f-945bb2c89438', '5b646be2-9f65-4ef2-9e1e-e42438fb83fa', 'SCO_UPD'),
('37b0ca83-f5bf-41e1-a689-1bf1cff457f2', '03f813ca-6012-40e2-b9a5-62c9c0021428', 'USE_UPD'),
('380307aa-bc45-43cf-845d-c013858c1b1f', 'a1227a08-c6c5-4449-a911-3e04852ea7c6', 'LEC_ALL'),
('38131fb5-75bb-4d68-8f8a-6df7b9f270fc', 'b4b76ad5-d4bd-4ea7-93d0-89367db25132', 'CLA_ALL'),
('38376d52-d809-4ab9-9901-5383ca83a746', 'cf648aa9-92cb-4722-b4fc-62002ad9ff7f', 'SCO_ALL'),
('38bd1dd4-a036-49de-aa65-435904aeb9a3', 'af85528c-031b-44d7-ba74-f02350e9f4fc', 'CLA_ALL'),
('38f5f3eb-94f8-4d8c-8370-1544864a2fa1', '51d3c309-94a7-4b8c-b392-f68a16892032', 'CLA_SUB'),
('38ff96cf-b904-4fa8-a53d-af2a7b69dced', '594e04f4-16de-4ced-9483-c6ee0a226902', 'SCO_UPD'),
('3954d401-4b91-413c-beec-e96df775f68c', '03f813ca-6012-40e2-b9a5-62c9c0021428', 'CLA_UPD'),
('3985a7a9-f663-459a-bb1b-949895802fc4', '239300b2-4872-45ee-afde-5dc15d7f2fac', 'CLA_SUB'),
('3a088314-11ad-4069-8b98-5d36f19aa2a3', 'f8f1a8f2-92c8-462b-8a0f-4c4147aeaba9', 'CLA_ALL'),
('3a147c4b-523a-4816-a573-5fe826cb1ba3', 'f14bda82-b18a-4a45-871b-06d7a2b71ac9', 'CLA_SUB'),
('3ab98632-b24b-4762-aa7d-49f9e30d7ac3', 'c9b80ec4-2c0d-4db3-8b17-87ba9131e49f', 'SCO_ALL'),
('3ad9b22d-6313-4e61-8e93-12019ece2155', 'ad992f74-9cf8-4b3e-9c7a-07a39e24e8b9', 'CLA_SUB'),
('3b294ab5-3fe1-476d-86d2-fdfd24d87715', '8c10cc7d-0bb5-4fdb-8e06-18efed42a904', 'CLA_ALL'),
('3b523c36-263c-4e22-9c03-c93e13f73b06', '64f540d3-7bc8-4755-8b86-563285f4796f', 'CLA_SUB'),
('3cb0ff20-c03f-4f08-a825-eb49d254056a', '07a7d676-6836-4cfb-b720-75942355ddc2', 'SCO_UPD'),
('3d0f5ec9-556e-4f38-a01b-2494ad696e24', 'efc318c2-9b56-4e94-bf6a-465c07121a03', 'SCH_ALL'),
('3d1d1e98-80e9-4231-9df4-aeb4d2887032', 'c7a14517-eb14-4c8f-b1e7-e9aec175672e', 'CLA_SUB'),
('3d1ea834-77a0-40c8-bbf9-458cd7c02f24', '680b3f8a-22c9-4770-8763-71a17371790c', 'STU_UPD'),
('3d2a83b8-80ca-4a7e-8495-397dac1caf16', '37ecc0f7-99fa-4205-ab8b-12bc0ee6d16d', 'SCO_UPD'),
('3d6db3f3-9bce-416c-9137-369112fe8e8d', '03f813ca-6012-40e2-b9a5-62c9c0021428', 'SCO_UPD'),
('3d9aaeec-611f-463c-8232-a7ed6d53f99b', '70040c21-1fdf-47f8-9c90-b11d07c01333', 'SCO_ALL'),
('3dd7c13a-d8d8-411c-afa2-31bab9ac1497', '6b0364aa-bb37-4490-96ea-a7b13d340d6b', 'SCO_ALL'),
('3dfcdf30-ed87-45cc-a3c1-836cd50e5d2c', '0a05da5e-d3aa-4473-917f-c92be07a502e', 'VAC_ALL'),
('3e257cfd-a509-48d3-a6cc-fc4c40b68e15', '6895b0d7-e390-48c5-a697-b55e657fde8d', 'VAC_ALL'),
('3e5a8315-c47a-4ab2-b265-d0c623a2480d', '3e1c5d55-d72d-4508-a02c-f4826434c5e4', 'VAC_ALL'),
('3e95c847-09d2-4673-a4da-b0a67cbdb1af', 'd6e8f41a-0680-4923-be59-fd9ce02c847d', 'CLA_SUB'),
('3eb12fbd-d559-4ff3-8e12-f914d3c03aef', '8c10cc7d-0bb5-4fdb-8e06-18efed42a904', 'CLA_SUB'),
('3ee5f9cc-b894-414c-b124-8e48f29f786c', '39e1484b-b830-4598-b84d-d501f9b4c630', 'SCO_ALL'),
('3f1902f6-609c-4412-9499-45264b1197ef', 'c6e20fb5-6a54-4eeb-9bb4-69abf9418dcc', 'CLA_SUB'),
('3f51148b-f148-4494-9bac-96f60fc504bd', '41208dac-aa22-41ed-85f2-44739459f61a', 'SCO_ALL'),
('3f5d002f-60ff-4d92-bff6-68e0fd37983f', '82be5c71-fbbd-4cef-b963-4f55f238ae9b', 'SCO_UPD'),
('3f750eb0-78f2-4b17-8968-2849909bc961', '765f67f5-7a59-4118-8704-c13ce3b3c891', 'CLA_ALL'),
('3f826aa9-cfee-40e3-848a-6097cc36c9aa', '1a778b97-5a6b-4947-9371-365a7b4e28f7', 'CLA_SUB'),
('3fc2cd4d-ce63-4a8d-8116-0e88e4e13e07', '9d52e8ad-fb93-40fd-a888-461af5d258e4', 'CLA_SUB'),
('3fc86847-0a7b-41d5-8d2a-f2aa169405b1', '34c649d5-b928-4798-9e60-8036cdc56c14', 'CLA_SUB'),
('3fdbce11-f971-423f-a5d8-0a193c785dec', '3a78bfd9-eee5-400e-bd59-ac96faef1823', 'CLA_ALL'),
('400f09e8-6587-4df0-9062-c6f5cdb7bd06', '0d1cb7e1-a5be-4b8b-8d7c-fbe90db3db1b', 'CLA_ALL'),
('40328cd2-a315-47e7-9272-5fa68902a539', '4a5ffc19-eabc-427a-b352-06d4db378f43', 'CLA_SUB'),
('409e0830-1f77-4ed5-adf1-5cd677e76e75', 'd7554100-16ed-4713-998e-721deb14a7fc', 'SCO_ALL'),
('40b3f113-818d-4def-aa2c-a455ff49650b', '03f813ca-6012-40e2-b9a5-62c9c0021428', 'SCT_UPD'),
('40c6f7fb-2654-4973-bd14-a90ca4a0ac2b', 'b7783270-41bc-4966-870a-ff1e18a15e63', 'SCO_UPD'),
('40d9b1e3-d3ce-4a33-a855-8f3a736c2588', '08457dd3-daab-4af5-b7b3-73646da0f89c', 'SCO_ALL'),
('411197cb-fcbf-4962-8764-ae112ff9e2cd', '6ba449c0-efd5-4d3a-82f8-bf9255d0d280', 'CLA_ALL'),
('41210779-4026-423e-a7ec-87ea7c085795', 'c9985a45-22f0-4992-9774-12694de33893', 'SCO_UPD'),
('414a1844-a8f7-47da-b8e2-1dff1ebd99b1', '2ab74578-80c9-4918-a4ef-3fe87541bf9e', 'SCO_UPD'),
('418d469b-47f2-457b-8957-38244a727781', 'dc6ffd24-ede5-43d9-874c-5ddacbca851a', 'CLA_SUB'),
('41968d9f-f4fb-4bc2-a46f-d7ec3b2c2490', 'af85528c-031b-44d7-ba74-f02350e9f4fc', 'SCO_UPD'),
('41b2eb2d-7cf4-4ed3-af23-c89080cceb2e', 'd18f007b-5233-4147-ae72-565b88042b54', 'CLA_ALL'),
('41e923d4-cd92-4fd9-b25b-08b538b7c177', '5d8be887-a08c-47db-bcf8-9032102a3b95', 'CLA_SUB'),
('42538b63-d805-46d7-be56-d79c440fddc3', '6b0364aa-bb37-4490-96ea-a7b13d340d6b', 'SCO_UPD'),
('4253dade-b686-41fc-b0cd-1a2d854027aa', 'ba675915-419a-4954-a71e-9ff45a166c2a', 'STU_ALL'),
('42669738-5586-4392-893d-96e709a1f6bb', '60908191-db55-418d-a88a-859c30d2420d', 'CLA_STU'),
('426ea0e6-5f87-44b4-a709-3ed0f7add908', '70e4b7a6-f9fa-4427-bca0-a5957463dcc7', 'VAC_ALL'),
('42ba92df-e175-47e8-8fd8-d93b1066d40f', '4a5ffc19-eabc-427a-b352-06d4db378f43', 'VAC_ALL'),
('42c91ca2-cb24-40cf-8d2f-e6d62b2cdd70', '34c649d5-b928-4798-9e60-8036cdc56c14', 'SCO_ALL'),
('43115974-253c-41a5-84ee-33a916529b88', 'fd6e2fd9-04b0-4ff0-94b2-9e79b28c5503', 'VAC_ALL'),
('432e4fb8-e58c-4dd8-b67d-ac727f9d1897', '03f813ca-6012-40e2-b9a5-62c9c0021428', 'USE_ALL'),
('434ae3af-6edb-4cd8-82cb-29f45b0f7f08', '83b5c413-dad9-4474-8b30-d0b680d6057a', 'CLA_ALL'),
('43522d04-f7b5-423e-a0a5-678ba5cb8dde', '5617956e-3643-4559-91a3-46793211d7b3', 'CLA_SUB'),
('43c60e8f-739c-4cf1-b8ea-76a451838031', 'c210f0c1-26eb-49e2-b76c-bd705942272c', 'SCO_UPD'),
('44414a0c-1205-431e-a954-8847899627df', '70040c21-1fdf-47f8-9c90-b11d07c01333', 'SCO_UPD'),
('4457408d-eb43-42f8-9a07-2bb244de73b4', '7284db14-4ae4-4b8a-ab47-cf637ee3cde3', 'CLA_STU'),
('445b0b5e-c821-4896-877b-82c94717c44f', 'ba675915-419a-4954-a71e-9ff45a166c2a', 'SCT_ALL'),
('44874cf3-4b4c-4def-b6ca-fd72478855c4', '37ecc0f7-99fa-4205-ab8b-12bc0ee6d16d', 'SCO_ALL'),
('44c2ef1f-1c14-4772-9aa6-a246572ae380', '765f67f5-7a59-4118-8704-c13ce3b3c891', 'SCT_ALL'),
('44d6a2be-80a9-4623-bf4f-d317b76d64c6', 'c5daf0b9-b664-4117-8a6a-657bb79fe4cc', 'CLA_SUB'),
('4521bbdc-c958-4451-9ff1-c647fecc2e99', '34c649d5-b928-4798-9e60-8036cdc56c14', 'VAC_ALL'),
('453c9896-c234-4d92-8497-525f7955fbc9', 'a16fe72d-e6df-4fa7-8a53-43325fde0034', 'CLA_SUB'),
('4551e9ca-c21e-4d97-8750-41c3b89cb6c6', 'a4d1edb4-50c7-4639-a266-14076523463a', 'CLA_ALL'),
('45cf1467-1d7b-4f16-84ff-577a375b5de3', 'df7bd63f-d340-4948-9ac6-0d17f8f92ded', 'CLA_ALL'),
('4613e911-ffe4-4097-a9de-1cc0f384271a', 'f8f1a8f2-92c8-462b-8a0f-4c4147aeaba9', 'SCO_ALL'),
('46356557-be7e-4567-83af-ffc1a4e13656', 'b7783270-41bc-4966-870a-ff1e18a15e63', 'CLA_ALL'),
('46608f35-d17f-435f-96c5-e6292a78a988', '71e73856-66c5-400b-9903-3a773694028d', 'VAC_ALL'),
('47467325-e2b2-4580-9f2b-d5334eedda50', 'd6bf7cca-e9bd-48be-921e-b4a13601c912', 'CLA_SUB'),
('4751089c-2cea-430b-952c-8ae0e972c531', '14936e4f-24fd-448f-84be-aa10b0bb8e25', 'VAC_ALL'),
('476be502-4da9-4e55-9bfd-4618f102a9cf', '1f959b62-ef15-4b00-a07b-a59ca4db2b22', 'SCO_ALL'),
('477c4276-dee2-450a-a71d-dc02d70986c0', '4567572f-e050-410e-96b0-c9f1238f5c76', 'CLA_SUB'),
('47aeed94-c01e-49a1-956a-7622e667e5e2', '9bb2df2f-9f03-4e08-8d33-a1f77296ed38', 'SCH_ALL'),
('47d7721b-f10c-4814-bb4c-30f50ba0163a', 'b0391c32-ddaf-426c-8e0a-1d385839fdf7', 'SCO_UPD'),
('4846f852-75d9-4a18-a84a-e1d9baabdcab', '547fa92b-cd78-4f7b-b37e-3a26e0f0a00d', 'VAC_ALL'),
('4857796f-a6f6-45c6-b5b3-773670ee732d', 'f00acc82-c283-4dbe-a314-b72473e68334', 'SCO_ALL'),
('4866a0ef-a020-45a0-b721-6dbfcd26c7d7', '1ed038a4-3856-4847-a131-c60d94862f32', 'SCO_UPD'),
('48c9e651-3641-4a8e-bfde-779311e55fb6', '099e1c0f-8e92-4ff1-945f-30270013e1fe', 'SCO_ALL'),
('494fdc12-12b9-4257-a555-0a2446b9b5ca', '547fa92b-cd78-4f7b-b37e-3a26e0f0a00d', 'SCO_UPD'),
('49dc2918-4b32-4a9d-bdaf-b98005c66520', '59e17975-beb5-45c2-9d48-de3809532d7b', 'SCO_ALL'),
('4aaf9d43-cbe8-4625-9c63-4911d5fc97b6', '59e17975-beb5-45c2-9d48-de3809532d7b', 'CLA_SUB'),
('4b2a7033-da1c-471b-847e-ffc58e4ba92c', 'b7783270-41bc-4966-870a-ff1e18a15e63', 'SCO_UPD'),
('4b8572ff-b3fb-4ead-b856-0f8f2ee83681', '08457dd3-daab-4af5-b7b3-73646da0f89c', 'CLA_SUB'),
('4b9d6999-cd23-4248-97f0-e2e1e6d4da55', 'ad5e9f9d-e982-423a-bc94-21022525aa48', 'SCO_ALL'),
('4bcd1b0c-8fb8-4239-a8e7-092139f92b99', '4241a537-b62a-4f0b-9bb7-864b900f570b', 'CLA_SUB'),
('4c1a0b8a-2e64-4d9d-8dce-403da55b3a8d', '71e73856-66c5-400b-9903-3a773694028d', 'SCO_UPD'),
('4c1f13d2-7394-4343-bd6f-81212e5be279', '312faa0c-598e-4833-9989-35928b405dac', 'CLA_STU'),
('4c70870f-1e8a-42ee-b217-7f8ddfb946c2', 'a6df08dc-ca7f-43b0-a159-d8b0cebaab37', 'VAC_ALL'),
('4c8bdaca-a010-487e-a6fc-a8a2999690db', '70040c21-1fdf-47f8-9c90-b11d07c01333', 'VAC_ALL'),
('4cc530ac-1172-4f47-b156-1af2ec5c3fc8', '67beef80-9f11-4e42-82ce-3af8e6b7a97b', 'CLA_STU'),
('4d1c2ad7-cd5d-42b9-a205-c97e46519be0', '43321715-fe6a-458b-9d5e-ce92d253495e', 'CLA_SUB'),
('4d69d1c6-8026-42f2-b420-0c5cb2a10422', 'd7554100-16ed-4713-998e-721deb14a7fc', 'CLA_SUB'),
('4d6a73e9-3ea6-46f1-be63-4167cfceaf4a', 'df7bd63f-d340-4948-9ac6-0d17f8f92ded', 'CLA_ALL'),
('4d817a72-9084-4cd3-9809-d99a52ff7bde', '70e4b7a6-f9fa-4427-bca0-a5957463dcc7', 'CLA_SUB'),
('4db74d6e-5338-43ca-9c12-6cb2247394c9', '57fc5198-3413-492e-b93e-070787dad7de', 'VAC_ALL'),
('4df29389-b325-47f9-b402-6fd24069df7e', '5d8be887-a08c-47db-bcf8-9032102a3b95', 'SCO_UPD'),
('4e1d9d23-f8da-4d21-b799-b363e85f9e17', '37e6f856-c19c-44fe-8618-2f53a7c90a5d', 'SCO_UPD'),
('4e76adc6-7fc7-402c-83df-e93df2094cc0', 'afb1906d-7db9-4049-b560-ad766e4cf14b', 'CLA_ALL'),
('4e90246e-9bca-4773-9e78-f9354af9238b', 'dbdf19be-81f3-4630-8e9a-b897d82a194b', 'SCO_UPD'),
('4e9e56e6-28ad-4fd6-a935-5abfa6c5db8b', 'afb1906d-7db9-4049-b560-ad766e4cf14b', 'SCO_ALL'),
('4ec17441-5aad-4b23-91d0-bb40a90d8288', 'f477e015-de1d-4415-b993-9435d66daa99', 'CLA_SUB'),
('4ed0b60c-73bf-4cd6-b01c-560879a03504', '7ce98ce1-22e8-4f94-ad07-3d5bb61e1a22', 'CLA_SUB'),
('4efe56c1-fbec-401f-9c70-dd74e3efa689', '0d1cb7e1-a5be-4b8b-8d7c-fbe90db3db1b', 'SCO_ALL'),
('4eff4514-56f5-4535-84a9-e3987a68990e', '43321715-fe6a-458b-9d5e-ce92d253495e', 'SCO_UPD'),
('4f0121af-1cdd-4f0c-9074-a40bd58f7069', '39e1484b-b830-4598-b84d-d501f9b4c630', 'VAC_ALL'),
('4f1929ab-5343-4316-9b4d-1e6ef66c97c9', '890e9b20-041a-44ec-9929-c72f0bfec484', 'SCO_UPD'),
('4f3ddf02-10bb-49db-ad9b-2043303eedfa', '594e04f4-16de-4ced-9483-c6ee0a226902', 'VAC_ALL'),
('4f5ad8ae-401e-4d9f-b8f2-bd46201a8f0a', 'c5daf0b9-b664-4117-8a6a-657bb79fe4cc', 'SCO_ALL'),
('4f5ebc91-1ac6-46f4-bfb4-94a1856489fd', 'a59ffb9c-b7a1-4f49-8cc4-5bbf13adafcf', 'SCO_ALL'),
('4f80674b-1b3c-459f-8ed4-29806a4de702', '765f67f5-7a59-4118-8704-c13ce3b3c891', 'SCO_ALL'),
('4f8290e0-2a13-4caa-97b8-9d67e9a5a3ca', '56a587eb-77fa-4026-af7c-f6d96aeff1fa', 'VAC_ALL'),
('4f876e0b-7465-4fe3-819b-be7cc8aa1556', 'a16fe72d-e6df-4fa7-8a53-43325fde0034', 'SCO_ALL'),
('4f97c7cd-b906-4909-aa11-e4814dab005c', '5ae28cc7-3830-4f8f-9716-5ab75ccc356a', 'VAC_ALL'),
('4f9a45ac-ab6d-497d-9d2e-9faaf402a41f', '239300b2-4872-45ee-afde-5dc15d7f2fac', 'SCH_ALL'),
('4fa3359a-b61b-4df0-8222-fc83ccd6c020', '6d4c9699-6f81-41c7-a3c0-50b6b49abf97', 'VAC_ALL'),
('4fa90fde-0a74-4cd3-be3d-e2e4244e0837', '6d4c9699-6f81-41c7-a3c0-50b6b49abf97', 'SCO_UPD'),
('4fdad0e2-5de6-4580-9e36-66985cfe4335', 'df7bd63f-d340-4948-9ac6-0d17f8f92ded', 'VAC_ALL'),
('500223ff-9b62-4344-b0b1-196eb21323c4', 'afb1906d-7db9-4049-b560-ad766e4cf14b', 'VAC_ALL'),
('5033a6eb-827b-4fc9-b063-bb94a9e2352f', '08457dd3-daab-4af5-b7b3-73646da0f89c', 'CLA_ALL'),
('5046e773-c5c4-408a-9a25-e9bd496124e5', 'ec9c6e58-98ae-4696-a783-bd94b1206159', 'VAC_ALL'),
('509bf8e1-70cc-48b8-951a-3c4bf0e9aa7d', 'afb1906d-7db9-4049-b560-ad766e4cf14b', 'SCO_UPD'),
('50addb80-073e-458a-ace2-7ea86dc56669', '906fb313-2372-4a5b-a044-402c1de2c16e', 'CLA_SUB'),
('50dedd99-da9c-4dc0-84aa-bc10d8f6c3cc', '42b80b43-d2cf-413a-bfc3-4f4e5902cf8c', 'CLA_SUB'),
('5101a5e0-9868-41af-ae00-e5c07fdfe6bc', 'e13d5f81-8e82-42e6-9236-7e22efa95adf', 'VAC_ALL'),
('51969dee-fac4-45ea-8b06-8836b082067e', 'c9b80ec4-2c0d-4db3-8b17-87ba9131e49f', 'CLA_ALL'),
('519fa855-b894-4cba-9f5d-7aeddf762629', '6ba449c0-efd5-4d3a-82f8-bf9255d0d280', 'CLA_SUB'),
('51afcf32-0fe2-4fb5-9273-3e1f842bbd65', 'b7783270-41bc-4966-870a-ff1e18a15e63', 'CLA_ALL'),
('51b99244-b4a6-45d3-a193-ee2ed4404c3f', '2ab74578-80c9-4918-a4ef-3fe87541bf9e', 'SCO_UPD'),
('51d2df4a-5f80-4786-9f64-98607e99b61a', '15ad579e-3951-4a27-a793-b9bb68758113', 'SCH_ALL'),
('522fe216-9e45-458e-b76c-5920f50f9d5f', 'a511d038-3223-4995-8ae8-8ecd917b57eb', 'SCT_UPD'),
('52988acb-fdd8-4367-b756-b905f923239f', 'e13d5f81-8e82-42e6-9236-7e22efa95adf', 'SCO_ALL'),
('52f8879b-9758-4b05-ba54-52b40b1d1be6', '765f67f5-7a59-4118-8704-c13ce3b3c891', 'CLA_SUB'),
('53303bbc-054c-4c5c-8df9-5156837d5575', '07a7d676-6836-4cfb-b720-75942355ddc2', 'VAC_ALL'),
('536c629e-ffa4-47e3-97de-b3160fa88024', '53ddb719-1f24-45c2-9560-f4efd5bbed5a', 'SCO_UPD'),
('538b3730-56b4-4230-8de5-b9e7722500cf', '57fc5198-3413-492e-b93e-070787dad7de', 'VAC_ALL'),
('53934a1e-946d-4397-8dfd-1fdae3c15483', '496276d6-f8f5-4f81-8a1c-fe8d4bfcec2e', 'VAC_ALL'),
('53ac4c42-5bf3-4876-8948-a16f6494d906', '70040c21-1fdf-47f8-9c90-b11d07c01333', 'CLA_SUB'),
('53bc1f63-6c1b-4b8e-aa85-e17b182e9f5f', 'd0719a80-7a45-4ed1-9d4f-433c375f235f', 'SCO_UPD'),
('53e6cfa5-faa8-4d87-a448-50d198b85057', 'f9872086-af68-4525-861d-dbc73c470f84', 'SCO_ALL'),
('53ed2db7-358a-45b9-b32d-779176b7bac7', '7284db14-4ae4-4b8a-ab47-cf637ee3cde3', 'SCH_ALL'),
('543328a9-e9be-46ff-be14-753f24440b91', '37ecc0f7-99fa-4205-ab8b-12bc0ee6d16d', 'CLA_SUB'),
('543f704a-3a87-47e0-9d46-e7a50da0141d', '3b80293e-bc6d-4061-9cde-cfbf0693aed0', 'CLA_STU'),
('54b7e47f-ca9d-4081-9b5a-7d37f198e145', 'f5527519-1bda-485c-83d3-0fe65c968212', 'VAC_ALL'),
('551df470-026b-4fe7-bfbd-9b97db930eb3', 'fe6acd7a-bb3e-4a25-bbd6-64a4093b1d08', 'STU_ALL'),
('556e2e62-797c-4c96-a625-424fdd23eb7c', '03f813ca-6012-40e2-b9a5-62c9c0021428', 'VAC_UPD'),
('55781e9e-4cf4-4d9d-b31f-18270fb08f84', '64f540d3-7bc8-4755-8b86-563285f4796f', 'CLA_ALL'),
('5591a347-2d35-4f01-8301-e77a7e7d66dc', 'f5527519-1bda-485c-83d3-0fe65c968212', 'CLA_SUB'),
('55ad7005-92ab-4d33-b716-552355115f29', '30d6b54a-5c47-45d2-93d2-8c02939937f4', 'SCO_UPD'),
('55fcd698-2177-4151-94a3-8cb8767bfd4b', '8c10cc7d-0bb5-4fdb-8e06-18efed42a904', 'SCO_ALL'),
('567ac0ca-0391-4513-89e6-9c1f3f2a73e4', 'f8f1a8f2-92c8-462b-8a0f-4c4147aeaba9', 'VAC_ALL'),
('56875cf1-7b9d-49f9-b686-93d46480809e', 'dedb95db-ee1f-4ed8-838b-41717e8b5581', 'SCO_UPD'),
('56b1a5b2-1205-4d06-94d6-9de37a61a9f8', '79940f8a-e5ea-49ec-9143-8d96707bfa62', 'SCT_UPD'),
('571eb10a-c01a-4893-a73c-b1fb95ca226d', '3118eca6-7b6b-421f-99d6-2b6586a42115', 'SCO_UPD'),
('5738c151-bb6e-43c6-a611-a79ed4c5a81f', '08457dd3-daab-4af5-b7b3-73646da0f89c', 'SCO_ALL'),
('57543228-5162-4956-8b99-92238b5de755', '3a52b381-e3cb-463f-a04f-41fb2215847c', 'CLA_ALL'),
('57612bd1-ce1a-43dd-bfe5-68dbd108e469', 'fe6acd7a-bb3e-4a25-bbd6-64a4093b1d08', 'CLA_ALL'),
('579be321-dd3d-48d2-9f00-1c76611f05a3', '91b091db-ca47-4030-9a72-1932bf10f53f', 'CLA_SUB'),
('57d24022-9999-487f-a4d3-9509c71fde92', 'bf54b8fd-8a7c-4a93-acb2-a38aa7f07128', 'CLA_SUB'),
('5803bcd1-8b51-4bf6-ac0b-9a97696348c5', '70040c21-1fdf-47f8-9c90-b11d07c01333', 'SCO_UPD'),
('585ec15e-b706-48e8-8e29-42ed82cc2be9', 'b57476c8-2af5-4bc1-9ac8-af3a207639c1', 'VAC_ALL'),
('58641b40-fd6a-44a0-9163-dad801aa60f9', 'c32975ba-125c-45fb-a647-cb1b5c2ba8ff', 'CLA_SUB'),
('58786f7a-811f-4c08-8005-6f7a6985039c', '51d3c309-94a7-4b8c-b392-f68a16892032', 'SCO_ALL'),
('58804fa7-1d13-41e7-bd27-e1f24885f379', 'c9b80ec4-2c0d-4db3-8b17-87ba9131e49f', 'SCO_UPD'),
('5890da11-a7a9-4401-b78e-d9bbf285806e', '56a587eb-77fa-4026-af7c-f6d96aeff1fa', 'CLA_ALL'),
('58b129a3-43b5-4602-b77f-4c56842ca7b9', 'c32975ba-125c-45fb-a647-cb1b5c2ba8ff', 'SCO_UPD'),
('58c8c38c-676a-4bbd-8853-9aad307639aa', 'a1227a08-c6c5-4449-a911-3e04852ea7c6', 'SCH_ALL'),
('58cfe67e-5707-4422-917a-9e0964442265', 'afb1906d-7db9-4049-b560-ad766e4cf14b', 'CLA_ALL'),
('591766ec-2c47-48a0-9ba4-587346531dbc', '9a1652d1-fd3f-47dd-b1c3-2a0e4abc999d', 'CLA_SUB'),
('5942f1f1-fc35-4611-9ffc-cfb2dccc1f28', 'd6e8f41a-0680-4923-be59-fd9ce02c847d', 'SCO_ALL'),
('596032b4-6635-45f1-a803-8d14e6d6e3dc', 'a1227a08-c6c5-4449-a911-3e04852ea7c6', 'SCO_UPD'),
('59f67436-f5ff-4d34-a8aa-32c883503fa8', 'b57476c8-2af5-4bc1-9ac8-af3a207639c1', 'CLA_SUB'),
('5a5d2ca8-7007-4a6b-9d6d-11290dba96be', '962670de-68e6-461c-8063-0a687eb6cad9', 'CLA_SUB'),
('5a65f8f1-6cc3-47a1-a7fa-b5215cb8967d', '3a78bfd9-eee5-400e-bd59-ac96faef1823', 'VAC_ALL'),
('5a8caf82-0cc2-48f2-9b1b-cf3df46cdcd9', 'ad992f74-9cf8-4b3e-9c7a-07a39e24e8b9', 'SCO_UPD'),
('5ae7651c-7d39-4974-95c6-6bbd53caf4b7', '01c39718-f10b-42d5-9f46-55ec8d56e862', 'CLA_ALL'),
('5b48b9d8-f05d-4866-b8c1-6e4c89305c40', '07a7d676-6836-4cfb-b720-75942355ddc2', 'SCO_ALL'),
('5b8dd376-75c1-4e6e-84b3-6b01e29ea324', 'ec9c6e58-98ae-4696-a783-bd94b1206159', 'CLA_SUB'),
('5b9b4cae-19eb-4326-b8e4-4dfbc99b9a38', '53ddb719-1f24-45c2-9560-f4efd5bbed5a', 'CLA_SUB'),
('5bb3061c-79e0-41e6-9320-da30b2ffa144', '64032660-ceaa-4412-847c-d8fd1a470391', 'CLA_STU'),
('5bbcb0fb-b3af-4be4-9846-525decc03a60', 'b0391c32-ddaf-426c-8e0a-1d385839fdf7', 'SCO_UPD'),
('5bdbc0da-7402-45fa-b20a-083cdfeff2cc', 'd0719a80-7a45-4ed1-9d4f-433c375f235f', 'CLA_ALL'),
('5bf064e8-a105-4d96-bfc4-f640019127da', '0731148d-1cc8-4049-ae47-7dc54f3f4e1b', 'VAC_ALL'),
('5c175cc9-9235-4d8d-b617-c426a93cd3c8', '73b8bec5-b7aa-4930-b748-366c68a4f3c9', 'SCO_UPD'),
('5cdb5aae-77ea-4c12-a3e2-183d6208801e', 'ad992f74-9cf8-4b3e-9c7a-07a39e24e8b9', 'SCO_ALL'),
('5d03f7cd-dd2e-4355-82fb-9870880088ac', '8356355b-c00c-459a-ada2-f18b09a7ad28', 'SCO_ALL'),
('5d5549bc-a63c-4fda-b139-f6753aa898cf', 'd18f007b-5233-4147-ae72-565b88042b54', 'SCT_ALL'),
('5d7e88ba-be51-4b3e-9bb3-f53203908e4e', '8356355b-c00c-459a-ada2-f18b09a7ad28', 'SCO_ALL'),
('5d93c3a3-e810-4221-b1b5-adfb03f8e84f', 'd0719a80-7a45-4ed1-9d4f-433c375f235f', 'CLA_SUB'),
('5d99d962-a192-443f-b7be-92d0c1d714c1', 'd63eb2b0-8f0f-435d-93bb-b164fbff9958', 'CLA_SUB'),
('5e3ba33a-9596-4f6c-ae89-d8d560eaac03', 'ec9c6e58-98ae-4696-a783-bd94b1206159', 'SCO_UPD'),
('5e40b160-a8a7-476c-b65a-7e3623cd60f7', 'f5527519-1bda-485c-83d3-0fe65c968212', 'SCO_ALL'),
('5e70f9e6-d233-4356-b382-f6c1840c4c38', '6d4c9699-6f81-41c7-a3c0-50b6b49abf97', 'CLA_SUB'),
('5ece69b2-c9f9-4339-b640-11939f484957', 'a2066252-2e50-4001-a628-eb2d0948d924', 'VAC_ALL'),
('5edc1115-8fb9-4408-b94f-6ba98af4b704', '7453bb69-00cd-448e-a1f9-5d74a8fd2a86', 'SCO_ALL'),
('5efdaac4-7cdd-4e00-bd49-15d01cf16151', '6895b0d7-e390-48c5-a697-b55e657fde8d', 'SCO_ALL'),
('5f0aae78-78d7-4a8b-85b2-4980b012d96b', '7ce98ce1-22e8-4f94-ad07-3d5bb61e1a22', 'VAC_ALL'),
('5f1af073-268f-42e6-955f-9798b1dfa4b5', '539d9521-a901-4ea7-ab2a-2efcb15eb759', 'SCO_UPD'),
('5f9ed4ae-43b3-4a83-bd6d-62e9c0084dee', '1bfe8257-163e-43fb-9d08-cf2f96dbba55', 'CLA_ALL'),
('5fb16402-a5b9-4983-bf40-3d7f02eb0411', '3cd9e96e-93c6-4093-a8e6-a6afd75bd45c', 'SCO_ALL'),
('601715ff-cef3-4771-9ba0-1fd3c607bb56', '01c39718-f10b-42d5-9f46-55ec8d56e862', 'CLA_SUB'),
('60307e3d-61c9-45ff-9f9a-38c54f859ca2', 'a1227a08-c6c5-4449-a911-3e04852ea7c6', 'STU_ALL'),
('605613d1-3b99-4289-9d27-833a6422d6c2', '64032660-ceaa-4412-847c-d8fd1a470391', 'SCT_ALL'),
('608daed0-cb79-45dd-925a-0c560077c757', 'b4b76ad5-d4bd-4ea7-93d0-89367db25132', 'SCO_UPD'),
('60d64d2a-64a5-43eb-97ec-daeade0141b3', '70040c21-1fdf-47f8-9c90-b11d07c01333', 'CLA_ALL'),
('6100eef0-aa57-4eae-92c3-fa08942756eb', '01c39718-f10b-42d5-9f46-55ec8d56e862', 'VAC_ALL'),
('61618e18-a18e-4ee6-a624-d58399dee3d4', '6d4c9699-6f81-41c7-a3c0-50b6b49abf97', 'CLA_ALL'),
('6186078c-a4fc-4f21-bb7e-9af2141645ab', 'ec9c6e58-98ae-4696-a783-bd94b1206159', 'SCO_ALL'),
('62274d3b-673a-4754-abe3-1f0374bd7b88', 'f477e015-de1d-4415-b993-9435d66daa99', 'SCO_UPD'),
('622947b9-2dab-4df1-9695-a79055c759a5', 'a59ffb9c-b7a1-4f49-8cc4-5bbf13adafcf', 'SCO_UPD'),
('62662d40-2062-486c-ac95-fdfce07188d8', 'a1227a08-c6c5-4449-a911-3e04852ea7c6', 'LEC_UD'),
('627c5e9a-2c02-4153-860a-fff0d6783851', 'af85528c-031b-44d7-ba74-f02350e9f4fc', 'SCO_ALL'),
('628ee5a9-83ee-431d-95f9-80137ccf45e1', '21dfd738-8427-4dbc-b2c1-802d8184ac95', 'CLA_ALL'),
('628f4f69-e752-49ff-a758-57acb5a1e8ec', 'f8f1a8f2-92c8-462b-8a0f-4c4147aeaba9', 'SCO_UPD'),
('62b2f9ee-1b41-4932-b464-c00a4435954a', '4a152bba-3e31-4694-86b9-eb67fbee55f4', 'VAC_ALL'),
('62e98f10-1e32-4412-b42f-b730454d99c1', '15ad579e-3951-4a27-a793-b9bb68758113', 'CLA_STU'),
('6314631a-0cd4-42a9-85e2-ea35d4095180', '1b70f811-e25d-42b5-8f1f-454971c00e85', 'CLA_SUB'),
('635abd2c-0a47-4e59-aa12-07c5aa405b33', '03f813ca-6012-40e2-b9a5-62c9c0021428', 'CLA_STU'),
('63a3917a-40a4-417f-a29b-49a22da3f21f', '2590b1e6-25bf-4f6e-9a41-344b547d34a2', 'CLA_SUB'),
('63bff4a3-fc33-4021-93bb-6e46c742cb76', '655c18b1-09b4-4968-ac98-f018b7bd04ec', 'SCO_UPD'),
('63efc72b-4046-41d0-9863-f5e5c0196325', '64f540d3-7bc8-4755-8b86-563285f4796f', 'VAC_ALL'),
('63f07595-20b1-4ac4-b8ff-5e8e7ffc8466', '547fa92b-cd78-4f7b-b37e-3a26e0f0a00d', 'SCO_ALL'),
('6496eadf-630d-4688-8d9c-edf46d12ba30', 'd6e8f41a-0680-4923-be59-fd9ce02c847d', 'SCO_ALL'),
('64d339dc-5efb-4573-b509-1a09008be075', '71e73856-66c5-400b-9903-3a773694028d', 'CLA_ALL'),
('6592a6ce-c688-43ef-888c-d0f477dd190e', '3a78bfd9-eee5-400e-bd59-ac96faef1823', 'SCO_UPD'),
('659d6164-5582-4a05-bc3c-d6c39228b904', '67beef80-9f11-4e42-82ce-3af8e6b7a97b', 'SCT_ALL'),
('65b925d6-3ff7-44b8-b1be-574d8646d5f3', '9bb2df2f-9f03-4e08-8d33-a1f77296ed38', 'SCT_ALL'),
('65bc99d9-3633-4173-8c05-9f2cf207463a', '0731148d-1cc8-4049-ae47-7dc54f3f4e1b', 'CLA_ALL'),
('65c94448-86f8-4005-b645-9a2d81b5ced4', '9c3e1c4a-7dd8-40ad-8934-ddf59fe82a77', 'SCO_ALL'),
('65ef2564-5cd4-4628-97ac-0f403a45e3bd', '962670de-68e6-461c-8063-0a687eb6cad9', 'SCO_UPD'),
('6645b732-2571-4a24-a3f0-f38b226ba13c', '03f813ca-6012-40e2-b9a5-62c9c0021428', 'SCH_UPD'),
('66601af6-cdd5-4983-b245-725a9e1eb6cd', 'f14bda82-b18a-4a45-871b-06d7a2b71ac9', 'CLA_ALL'),
('66c31e86-1398-4a04-a159-44578d9e9591', '4241a537-b62a-4f0b-9bb7-864b900f570b', 'SCH_ALL'),
('671b84e6-b427-44d5-b4ee-7be7c9d04b31', '83b5c413-dad9-4474-8b30-d0b680d6057a', 'CLA_SUB'),
('673a2492-e28f-4c6e-8bbf-2d2976d0e222', 'dc6ffd24-ede5-43d9-874c-5ddacbca851a', 'CLA_ALL'),
('680b5cf3-2904-42f5-b4ac-5ecfb3bb4127', '30d6b54a-5c47-45d2-93d2-8c02939937f4', 'SCO_ALL'),
('681f9ee2-a2e6-4910-81a7-2cd3e588a8f2', 'a1227a08-c6c5-4449-a911-3e04852ea7c6', 'STU_UPD'),
('68279395-2ad0-4632-b392-c486e3c3bdbb', 'ba675915-419a-4954-a71e-9ff45a166c2a', 'CLA_SUB'),
('684d26ee-886d-4811-80a3-ef9f42698daf', '1a778b97-5a6b-4947-9371-365a7b4e28f7', 'VAC_ALL'),
('689d4334-2073-4eaf-9aed-d73534b63c30', '3118eca6-7b6b-421f-99d6-2b6586a42115', 'SCO_ALL'),
('689e0f1c-5e3d-45a6-88df-ed73d339f334', '79940f8a-e5ea-49ec-9143-8d96707bfa62', 'STU_CEL'),
('68b7b91c-4470-45da-b97a-de9e50efadfb', '765f67f5-7a59-4118-8704-c13ce3b3c891', 'STU_ALL'),
('68dbbb06-6429-4b25-9873-b794544d433a', '70e4b7a6-f9fa-4427-bca0-a5957463dcc7', 'SCO_ALL'),
('69233de5-4556-41c7-8b42-eafa081386f7', '6d4c9699-6f81-41c7-a3c0-50b6b49abf97', 'SCO_ALL'),
('692f8cae-0c0f-4568-8c2d-4b4f19ec4afa', 'c7a14517-eb14-4c8f-b1e7-e9aec175672e', 'CLA_ALL'),
('695f3e3d-b2ef-48a3-9073-32a4dcbb3275', 'dc6ffd24-ede5-43d9-874c-5ddacbca851a', 'CLA_ALL'),
('69a7beec-dacd-40ef-ac21-851ac0975a4a', 'f981f02c-254d-460f-a937-c11e8423cedb', 'SCT_ALL'),
('69c665c3-6e64-43e4-8642-ff36d16a8727', '21dfd738-8427-4dbc-b2c1-802d8184ac95', 'CLA_SUB'),
('6a155260-6308-407c-a9ed-2f239402d07a', 'c9b80ec4-2c0d-4db3-8b17-87ba9131e49f', 'CLA_SUB'),
('6a3a19a9-3129-4b6a-9ea8-172d315a635e', '312faa0c-598e-4833-9989-35928b405dac', 'SCH_ALL'),
('6a5a0542-bda2-4bca-8ec6-ad8be4833b4f', 'a4d1edb4-50c7-4639-a266-14076523463a', 'SCO_ALL'),
('6a8023a6-b1d9-42c7-9c27-992a887f08c9', 'b7783270-41bc-4966-870a-ff1e18a15e63', 'CLA_SUB'),
('6a96528e-51e4-44e2-82c1-032358b3bea8', 'efc318c2-9b56-4e94-bf6a-465c07121a03', 'CLA_STU'),
('6af0d984-8129-49f8-b568-a7bbad02c778', 'fee76368-638a-46fa-a18d-414865deaa8f', 'SCO_ALL'),
('6b46b62c-cc72-40b7-86f3-5d11b2f8e0ea', 'f981f02c-254d-460f-a937-c11e8423cedb', 'CLA_SUB'),
('6b4e35c2-744c-4c43-a3d6-aa6256c9c069', 'f14bda82-b18a-4a45-871b-06d7a2b71ac9', 'CLA_SUB'),
('6b5a9e0b-4816-46e2-8cd2-df291044b7a7', '962670de-68e6-461c-8063-0a687eb6cad9', 'SCO_UPD'),
('6b683079-72d8-4ca2-a2c0-46649748085e', '4755a697-7a81-487f-964c-749817bf4d3e', 'SCO_UPD'),
('6b78d9fb-a6f7-4f7d-84f5-5068213fa2ee', '7453bb69-00cd-448e-a1f9-5d74a8fd2a86', 'VAC_ALL'),
('6b923534-7f70-4948-af4a-a303c0d7e18c', '312faa0c-598e-4833-9989-35928b405dac', 'STU_ALL');
INSERT INTO `rc_account_permissions` (`account_permission_id`, `account_id`, `permission_code`) VALUES
('6ba23720-db14-4239-a623-ed303d5442e1', '3e1c5d55-d72d-4508-a02c-f4826434c5e4', 'CLA_ALL'),
('6bf0e759-9ee1-4a6f-aabc-eb239a36b976', '9c3e1c4a-7dd8-40ad-8934-ddf59fe82a77', 'SCO_UPD'),
('6c2fd992-0238-49d0-bfbc-28658c427bb3', '2ab74578-80c9-4918-a4ef-3fe87541bf9e', 'CLA_SUB'),
('6c88633d-0441-47f5-a5b3-9322acec0972', 'f981f02c-254d-460f-a937-c11e8423cedb', 'CLA_ALL'),
('6cae6ac4-af6d-4512-ba65-d208d2b0e436', '4755a697-7a81-487f-964c-749817bf4d3e', 'VAC_ALL'),
('6cff6b57-7c6c-49f6-9ca4-4943859f1626', 'b7783270-41bc-4966-870a-ff1e18a15e63', 'SCO_ALL'),
('6d636685-176d-4ff9-8ad0-1a9feb80c28c', 'a2066252-2e50-4001-a628-eb2d0948d924', 'SCO_UPD'),
('6d94d3a0-072f-473b-a957-96be7456bd4b', '53ddb719-1f24-45c2-9560-f4efd5bbed5a', 'STU_ALL'),
('6d9d21b5-586b-4348-885d-595a89774eed', '5b646be2-9f65-4ef2-9e1e-e42438fb83fa', 'CLA_ALL'),
('6dd37356-7ac5-4ca8-84d6-b7bf47255763', '59e17975-beb5-45c2-9d48-de3809532d7b', 'SCO_ALL'),
('6e07e812-ad3a-46f1-9159-93f64f855bfb', 'e3201e1b-eb3b-48ec-895a-344e3c677009', 'STU_ALL'),
('6e33a90d-44d6-4bdf-b12f-05751c5b07a9', '4f906ade-01c8-4034-b621-b15738461180', 'VAC_ALL'),
('6e3a4f26-5f44-4fd0-ad57-2fd0611ae9a7', 'b4b76ad5-d4bd-4ea7-93d0-89367db25132', 'CLA_SUB'),
('6e501b2c-bb1a-4851-97da-093ede723f04', '37e6f856-c19c-44fe-8618-2f53a7c90a5d', 'SCO_ALL'),
('6eb9385f-a09c-4aad-a036-2f1d25098452', 'efc318c2-9b56-4e94-bf6a-465c07121a03', 'SCO_UPD'),
('6eb9de03-7b17-4eba-8c48-1eeb401b9196', 'c6e20fb5-6a54-4eeb-9bb4-69abf9418dcc', 'SCO_UPD'),
('6f0decfa-3a20-4a16-964c-53e92c698e27', '4a152bba-3e31-4694-86b9-eb67fbee55f4', 'VAC_ALL'),
('6f0f7e03-d8e7-4441-a9f8-e187e6b1bd84', 'dedb95db-ee1f-4ed8-838b-41717e8b5581', 'STU_ALL'),
('6f19bc7c-b2cf-4790-aa89-2dabc50a15cb', '539d9521-a901-4ea7-ab2a-2efcb15eb759', 'SCO_ALL'),
('6f1af5af-5f9f-4bb7-b12c-778304c6c8f0', '4a152bba-3e31-4694-86b9-eb67fbee55f4', 'SCO_UPD'),
('6f3392fe-a736-4ceb-9cc5-9cd6c52f665b', '03f813ca-6012-40e2-b9a5-62c9c0021428', 'STU_ALL'),
('6fbd3fc2-4d2d-409d-8fd6-1478aba30705', 'c7a14517-eb14-4c8f-b1e7-e9aec175672e', 'SCO_UPD'),
('6fccd12e-700f-42c2-8e97-23cecb549ce6', 'ad5e9f9d-e982-423a-bc94-21022525aa48', 'SCO_UPD'),
('6fdccd93-55db-4a73-bb2d-01cbbb1a28ca', '6895b0d7-e390-48c5-a697-b55e657fde8d', 'CLA_SUB'),
('6ffdff23-479b-4700-be28-cebab97ec2a4', '4a152bba-3e31-4694-86b9-eb67fbee55f4', 'SCO_ALL'),
('702cf2e0-7152-42c0-81d5-59c804e3fd02', '70e4b7a6-f9fa-4427-bca0-a5957463dcc7', 'STU_UPD'),
('70d9fa68-fe1c-47b1-8491-bc454dd0be91', 'c1936cca-afbb-43c9-b649-da866caf898a', 'SCO_ALL'),
('7141cfd5-fa5d-4588-a07d-bb8b96787fd4', '03f813ca-6012-40e2-b9a5-62c9c0021428', 'SCO_ALL'),
('714372c0-26a1-4eaf-9c50-10355aeaea31', '9bb2df2f-9f03-4e08-8d33-a1f77296ed38', 'VAC_ALL'),
('71958455-8109-435e-945d-ccf0e7da22cf', '39b4c07e-c09f-4c5b-b6d5-09cb2bc63a1a', 'CLA_SUB'),
('71bb83b1-d8e4-4dda-ac0a-baf2d9b1bfa0', '30d6b54a-5c47-45d2-93d2-8c02939937f4', 'CLA_SUB'),
('71c145b9-bc27-4109-ad09-87217150d860', 'c32975ba-125c-45fb-a647-cb1b5c2ba8ff', 'SCO_UPD'),
('72146dc1-beac-47dc-822e-0bcdf8c357da', '7284db14-4ae4-4b8a-ab47-cf637ee3cde3', 'SCO_UPD'),
('722dfba3-cf29-4a5d-9d63-868016de927c', '07a7d676-6836-4cfb-b720-75942355ddc2', 'CLA_SUB'),
('724e7f09-675b-4e61-ad7c-91d7ba185db3', '1bfe8257-163e-43fb-9d08-cf2f96dbba55', 'CLA_ALL'),
('724f55d4-555f-482d-9f49-32cf7b42e8e6', 'b57476c8-2af5-4bc1-9ac8-af3a207639c1', 'SCO_ALL'),
('725d71d5-c332-4680-b493-5fe0159cca5f', 'c1936cca-afbb-43c9-b649-da866caf898a', 'SCO_UPD'),
('72dd0703-b592-4e85-9ff9-1bac89299a92', '82be5c71-fbbd-4cef-b963-4f55f238ae9b', 'CLA_SUB'),
('730720ba-7177-4717-931d-5acfb301a8a2', 'a78795ca-90dc-4307-9e8a-a52589f98b22', 'STU_ALL'),
('7399b9a2-03a2-4935-9d39-d5d8444d0954', 'a4d1edb4-50c7-4639-a266-14076523463a', 'SCO_ALL'),
('73b0c73c-ddde-42da-bad3-11f1e5422e1b', '5d8be887-a08c-47db-bcf8-9032102a3b95', 'VAC_ALL'),
('740cece4-6975-4252-beeb-2235abbde477', '9e86052f-9ffc-4ef6-a25e-c7b4b884ea8a', 'CLA_ALL'),
('74619753-4c6e-4ece-9423-05d1126b050b', '547fa92b-cd78-4f7b-b37e-3a26e0f0a00d', 'CLA_SUB'),
('749d5947-bbea-4454-b452-207a8c45b6bd', 'c601d902-0618-49a4-b4a8-a1dc037ac4f5', 'SCO_UPD'),
('74d464b9-268b-4dac-8b9b-69fbcc7bca82', '60908191-db55-418d-a88a-859c30d2420d', 'SCH_ALL'),
('74ec3bfb-1a26-43ef-8d05-ed1f49705c67', '42b80b43-d2cf-413a-bfc3-4f4e5902cf8c', 'VAC_ALL'),
('74f571a3-0a29-415d-8731-5410577d1708', '82be5c71-fbbd-4cef-b963-4f55f238ae9b', 'SCO_UPD'),
('74f6f565-5ffe-49a1-bb8c-7f211531478e', '547fa92b-cd78-4f7b-b37e-3a26e0f0a00d', 'STU_ALL'),
('74facc80-db31-45af-ab8a-0451ab0bbb9e', 'f8f1a8f2-92c8-462b-8a0f-4c4147aeaba9', 'VAC_ALL'),
('75240205-f660-4987-ace7-34e2bbbfcc08', '4241a537-b62a-4f0b-9bb7-864b900f570b', 'SCO_UPD'),
('758fb131-4cb6-4953-bf68-4d8fbeca8bb3', '70e4b7a6-f9fa-4427-bca0-a5957463dcc7', 'CLA_ALL'),
('75d35ec9-8859-4e66-913f-ba9dfbe4e1a6', 'dc6ffd24-ede5-43d9-874c-5ddacbca851a', 'VAC_ALL'),
('76286d43-b84b-4a96-b466-32ee5ff373fc', 'd6bf7cca-e9bd-48be-921e-b4a13601c912', 'SCO_ALL'),
('76865e19-3acc-4f82-a972-4f7f333126f9', 'e8f63bcb-4e40-4548-b874-8641c35f484d', 'CLA_ALL'),
('76b0418a-30da-4cbd-9dc2-19bc6f798ef3', '01c39718-f10b-42d5-9f46-55ec8d56e862', 'CLA_ALL'),
('76d162b5-de59-4c7d-a58f-7369fbdf29c8', '03f813ca-6012-40e2-b9a5-62c9c0021428', 'EDU_UPD'),
('76e00a11-a323-47e9-8bec-08aa89a6c324', '07a7d676-6836-4cfb-b720-75942355ddc2', 'VAC_ALL'),
('77104dfd-c4bf-4bc2-8404-db6f1ab2fb06', 'f5527519-1bda-485c-83d3-0fe65c968212', 'SCO_UPD'),
('77369a6e-98a1-4798-9e80-e11331a33f72', '312faa0c-598e-4833-9989-35928b405dac', 'SCO_ALL'),
('775d2622-eae5-4cca-9473-c3b7e4a15574', '64032660-ceaa-4412-847c-d8fd1a470391', 'SCO_ALL'),
('77c41611-c8c7-4345-9570-99d063898a70', 'ec9c6e58-98ae-4696-a783-bd94b1206159', 'CLA_ALL'),
('78230542-799d-4509-946b-82d17ecb3d8c', '680b3f8a-22c9-4770-8763-71a17371790c', 'CLA_SUB'),
('790006eb-9e56-4cd6-a7ac-f349fa0afd10', '39e1484b-b830-4598-b84d-d501f9b4c630', 'CLA_SUB'),
('79227663-8ee6-4c48-9140-c98a6b9be58b', '59e17975-beb5-45c2-9d48-de3809532d7b', 'VAC_ALL'),
('794863cc-b9d0-4988-92d9-3d73a978f8bf', '655c18b1-09b4-4968-ac98-f018b7bd04ec', 'VAC_ALL'),
('794cc6da-736f-4f08-b5a8-30646f396b33', '3a78bfd9-eee5-400e-bd59-ac96faef1823', 'SCO_ALL'),
('79889b87-8bac-4b04-a18a-dd5ff3a86b0e', 'fe6acd7a-bb3e-4a25-bbd6-64a4093b1d08', 'VAC_ALL'),
('7a348b1b-c829-4fa6-b93b-9dc5fffe35e6', '79940f8a-e5ea-49ec-9143-8d96707bfa62', 'STU_ALL'),
('7a367726-538e-42c8-a23a-824d7d66c0a3', '0731148d-1cc8-4049-ae47-7dc54f3f4e1b', 'CLA_SUB'),
('7a6a078e-0266-4454-a6fe-9b1825712b3a', '6d4c9699-6f81-41c7-a3c0-50b6b49abf97', 'CLA_ALL'),
('7ae593b9-77a1-494e-9adf-e26b8f4832f6', '57fc5198-3413-492e-b93e-070787dad7de', 'SCO_UPD'),
('7b2b9e61-c3eb-4be8-8923-eff096a9d00d', '6895b0d7-e390-48c5-a697-b55e657fde8d', 'CLA_ALL'),
('7b66ead4-4e36-4bdc-8dd6-99cb33da3d4b', '7284db14-4ae4-4b8a-ab47-cf637ee3cde3', 'CLA_SUB'),
('7b6d7653-15bf-44c1-a0b7-d09ae355c3a9', '962670de-68e6-461c-8063-0a687eb6cad9', 'VAC_ALL'),
('7b749536-847d-43f2-a5fe-3fced032fe28', 'dedb95db-ee1f-4ed8-838b-41717e8b5581', 'CLA_SUB'),
('7b91fb2b-0321-4e74-a49b-58e6052a3354', '70e4b7a6-f9fa-4427-bca0-a5957463dcc7', 'LEC_UD'),
('7bb49a4a-9a88-419f-8aee-053b41c4c511', '5fd8c958-2277-4d72-a36c-c76577c77e62', 'SCO_ALL'),
('7c0ab609-907e-41f9-9afc-126093a9201f', '9e86052f-9ffc-4ef6-a25e-c7b4b884ea8a', 'SCO_ALL'),
('7c0ff4f3-eb00-4aa9-97f9-5b2cb04fbf7a', 'c50d257b-de06-4768-a7e2-fef8013c4a68', 'CLA_SUB'),
('7c173154-d831-4b65-8495-db49851a2e5d', 'c32975ba-125c-45fb-a647-cb1b5c2ba8ff', 'CLA_SUB'),
('7c1c4bb3-0357-4f8f-af6e-8245d54de158', '1d7c99eb-329f-4886-a44f-8618efa61460', 'SCO_UPD'),
('7c32bd12-c5ae-402d-b53b-0f48524ff221', '51d3c309-94a7-4b8c-b392-f68a16892032', 'SCO_UPD'),
('7c959cd7-e52f-4aa3-90c5-ca3148963677', 'f981f02c-254d-460f-a937-c11e8423cedb', 'SCH_ALL'),
('7cebd38f-8ad6-4e7a-b7a4-d91099c98604', 'a2066252-2e50-4001-a628-eb2d0948d924', 'SCO_ALL'),
('7cf21713-391c-48a4-a5ba-fc8a5bb298f0', '6895b0d7-e390-48c5-a697-b55e657fde8d', 'SCO_UPD'),
('7d642e34-bf42-4764-8375-02ae487f6c76', '1bfe8257-163e-43fb-9d08-cf2f96dbba55', 'SCO_ALL'),
('7dc363cb-6019-43f2-9363-e367c3e9a658', '3118eca6-7b6b-421f-99d6-2b6586a42115', 'SCO_UPD'),
('7dcd76d4-ef3f-47fc-b4c2-95e5ac9ecb1f', '8356355b-c00c-459a-ada2-f18b09a7ad28', 'SCO_UPD'),
('7e0177b0-654d-42b7-8945-4d054ca375ae', '70e4b7a6-f9fa-4427-bca0-a5957463dcc7', 'SCO_UPD'),
('7e27c8bb-6a34-4dac-af5b-088197063b0c', 'fe6acd7a-bb3e-4a25-bbd6-64a4093b1d08', 'CLA_UPD'),
('7e2e6c5d-5f15-4b0e-937b-1273fc20eb7c', '6b0364aa-bb37-4490-96ea-a7b13d340d6b', 'SCO_ALL'),
('7e5cf508-13a3-4082-a7ef-4fcb63a1e96b', 'dc6ffd24-ede5-43d9-874c-5ddacbca851a', 'VAC_ALL'),
('7eb91e56-1555-4874-9721-f6762dd97d5f', '547fa92b-cd78-4f7b-b37e-3a26e0f0a00d', 'CLA_ALL'),
('7ed7b71c-3bf9-4b3c-83c0-28af22266d3b', '765f67f5-7a59-4118-8704-c13ce3b3c891', 'VAC_ALL'),
('7ee305bf-bf7d-4c7d-b0a0-8a75fd34defa', '565174ac-4908-4b17-8149-cb6bc5f47608', 'SCO_UPD'),
('7ee5ba7d-a270-4460-93b5-1ff7cd92271d', '2680459f-69f3-48bb-97d7-2128b2323bcd', 'CLA_STU'),
('7efab2b3-8d4a-4bfd-8408-20addd1dcef9', '0d1cb7e1-a5be-4b8b-8d7c-fbe90db3db1b', 'CLA_SUB'),
('7f47d164-5633-49f5-8e64-8c7fb251efe5', '3b80293e-bc6d-4061-9cde-cfbf0693aed0', 'SCO_UPD'),
('7f5ac6fa-b924-4c6f-9581-c76118110c94', 'a2066252-2e50-4001-a628-eb2d0948d924', 'SCO_ALL'),
('7faccf94-839b-47f5-a915-44eff438ffeb', '0d1cb7e1-a5be-4b8b-8d7c-fbe90db3db1b', 'VAC_ALL'),
('7fbe2f4a-bd78-4756-a206-1e622423282c', 'b0391c32-ddaf-426c-8e0a-1d385839fdf7', 'VAC_ALL'),
('7fbee852-a187-40ea-98ac-2b75f6b02657', '1bfe8257-163e-43fb-9d08-cf2f96dbba55', 'CLA_SUB'),
('7fdb29e2-5fc4-4719-9509-be0542ab0c69', '70e4b7a6-f9fa-4427-bca0-a5957463dcc7', 'VAC_UPD'),
('7fff9018-0384-42bb-a15a-735e37c4d42d', 'ad5e9f9d-e982-423a-bc94-21022525aa48', 'CLA_ALL'),
('80249e08-e343-4525-9949-3087cce26b7e', 'f14bda82-b18a-4a45-871b-06d7a2b71ac9', 'CLA_ALL'),
('803059c4-92bc-4053-9e93-51f14db0ab4b', '60908191-db55-418d-a88a-859c30d2420d', 'CLA_ALL'),
('805c2c56-d8c3-449a-808c-fcbb6e0b8a3c', 'a16fe72d-e6df-4fa7-8a53-43325fde0034', 'SCO_UPD'),
('808df14a-c534-4a58-b9be-c8cba900ee83', '82be5c71-fbbd-4cef-b963-4f55f238ae9b', 'VAC_ALL'),
('80d0db99-06c2-43e3-86e8-b2da459e2cff', '21dfd738-8427-4dbc-b2c1-802d8184ac95', 'VAC_ALL'),
('80e757fe-9bd3-4a88-b100-7b27fe3efba0', '70040c21-1fdf-47f8-9c90-b11d07c01333', 'SCO_ALL'),
('80f66c00-0258-4175-b697-ffcc4d195a47', '9bb2df2f-9f03-4e08-8d33-a1f77296ed38', 'SCO_UPD'),
('80fa6a8e-8559-48e2-92f1-25a3799aa445', '2680459f-69f3-48bb-97d7-2128b2323bcd', 'SCH_ALL'),
('818a6ae6-d9d4-4e29-a8b3-bb7facbacb0c', '5d8be887-a08c-47db-bcf8-9032102a3b95', 'CLA_ALL'),
('819fb765-c40b-47cf-b44d-5944af18f24b', '3118eca6-7b6b-421f-99d6-2b6586a42115', 'CLA_ALL'),
('81ba36fc-e30c-43e6-874b-88206a7ef8a6', '8c846fb5-71a5-4a5c-b472-53c9f1ce9f3e', 'CLA_ALL'),
('821c3b63-3733-469f-9c00-9239990c89a0', '6895b0d7-e390-48c5-a697-b55e657fde8d', 'VAC_ALL'),
('82338194-0afb-4f76-b924-978ad6e042ea', '43321715-fe6a-458b-9d5e-ce92d253495e', 'CLA_SUB'),
('8293bd7e-a729-4bab-b0f3-32bb259e457c', '2ab74578-80c9-4918-a4ef-3fe87541bf9e', 'CLA_SUB'),
('8387b696-9ada-473f-b074-7ead9f6c3be5', '01c39718-f10b-42d5-9f46-55ec8d56e862', 'SCO_ALL'),
('83cf17b1-e6e3-422a-a4a2-41df49c986ae', '9c3e1c4a-7dd8-40ad-8934-ddf59fe82a77', 'SCO_ALL'),
('83d5a4f8-b2a8-4c44-ba4e-9414010b3455', '37e6f856-c19c-44fe-8618-2f53a7c90a5d', 'SCT_ALL'),
('83f9e836-b24e-4d62-9217-bc53763fb76c', '2ab74578-80c9-4918-a4ef-3fe87541bf9e', 'VAC_ALL'),
('846bf5f1-3ba8-41a1-86bc-6da77cc2cba0', '0a05da5e-d3aa-4473-917f-c92be07a502e', 'CLA_ALL'),
('84fc358d-4893-4385-afa5-7ac76ca5376d', 'b4b76ad5-d4bd-4ea7-93d0-89367db25132', 'VAC_ALL'),
('84ffcdc4-2468-4022-9f83-42621cfa923a', '1d7c99eb-329f-4886-a44f-8618efa61460', 'CLA_SUB'),
('854ec928-410d-4e16-837d-c0f10d38d9d8', '962670de-68e6-461c-8063-0a687eb6cad9', 'CLA_SUB'),
('85d1798c-b9bc-472b-9f8d-a9e9c179cb54', '0a05da5e-d3aa-4473-917f-c92be07a502e', 'SCO_UPD'),
('85fedca9-5c35-454c-88d9-03a123fb952c', '5ae28cc7-3830-4f8f-9716-5ab75ccc356a', 'CLA_ALL'),
('86b33c72-9777-4383-aa68-5ed6de3df667', 'd0719a80-7a45-4ed1-9d4f-433c375f235f', 'SCO_UPD'),
('86fb3762-e233-4b6b-ad84-2f516ff38d54', 'ba675915-419a-4954-a71e-9ff45a166c2a', 'CLA_ALL'),
('86ff8c8d-969b-4f24-b7d8-dc3f6cf730c5', '56a587eb-77fa-4026-af7c-f6d96aeff1fa', 'SCO_UPD'),
('875a8bf6-3b3b-4d8d-82c5-327235e393c6', 'e13d5f81-8e82-42e6-9236-7e22efa95adf', 'CLA_ALL'),
('8788c3e9-d753-472b-8be1-bcb8c94d60ce', 'd0719a80-7a45-4ed1-9d4f-433c375f235f', 'CLA_SUB'),
('8799c19b-b6de-4c73-9df7-4fc36bf201e6', '5d8be887-a08c-47db-bcf8-9032102a3b95', 'SCO_ALL'),
('879eec7f-00b6-4bb1-a1cb-1ab8d5f8c8b9', '5ae28cc7-3830-4f8f-9716-5ab75ccc356a', 'CLA_SUB'),
('87d8a54b-8fb3-45d9-9a9a-e39ce3889113', '239300b2-4872-45ee-afde-5dc15d7f2fac', 'SCO_ALL'),
('87e9d2b3-5863-401b-b1f9-add7a4524030', '5fd8c958-2277-4d72-a36c-c76577c77e62', 'CLA_SUB'),
('88142211-3d32-462a-b345-7e7db0a455ad', '547fa92b-cd78-4f7b-b37e-3a26e0f0a00d', 'CLA_STU'),
('8814c91d-7f61-4065-94e1-af27e4563801', 'a1227a08-c6c5-4449-a911-3e04852ea7c6', 'SCH_UPD'),
('882b4adc-bc85-4ef0-8042-da82cb126cf4', 'd18f007b-5233-4147-ae72-565b88042b54', 'VAC_ALL'),
('88a03e6e-789c-4449-a39b-7c1e44701255', 'f00acc82-c283-4dbe-a314-b72473e68334', 'VAC_ALL'),
('88ade6bd-6db7-4aec-8afc-4dafb84f8feb', '5fd8c958-2277-4d72-a36c-c76577c77e62', 'VAC_ALL'),
('8936d820-a931-4628-a94d-dda80419e61c', 'c50d257b-de06-4768-a7e2-fef8013c4a68', 'SCO_UPD'),
('89adaaa5-497e-4b3c-8fb7-6a0df89cadac', '9e86052f-9ffc-4ef6-a25e-c7b4b884ea8a', 'SCO_UPD'),
('89df870d-c54d-40dd-95a1-3eb00e70c472', '79940f8a-e5ea-49ec-9143-8d96707bfa62', 'CLA_SUB'),
('89e8e30e-fe35-4550-887a-cd2eebc64b1e', '6ba449c0-efd5-4d3a-82f8-bf9255d0d280', 'VAC_ALL'),
('8a8c3812-6353-448b-a31e-545de844660e', '565174ac-4908-4b17-8149-cb6bc5f47608', 'VAC_ALL'),
('8a9efb36-14f4-4675-bcbe-bf69e6fb99ae', 'd6bf7cca-e9bd-48be-921e-b4a13601c912', 'CLA_ALL'),
('8acaa58f-6ea6-45dd-9f57-3c2c9006e261', 'c5daf0b9-b664-4117-8a6a-657bb79fe4cc', 'SCO_UPD'),
('8b393868-35dd-45f4-806c-a5745be43517', '57fc5198-3413-492e-b93e-070787dad7de', 'CLA_SUB'),
('8b834913-d97d-497e-bd99-eb3edea78136', '655c18b1-09b4-4968-ac98-f018b7bd04ec', 'VAC_ALL'),
('8c4c60b9-1aa9-4ab8-8331-86e867efa310', '891bc19c-225a-4464-b802-662e7c87c32e', 'SCO_UPD'),
('8c872ccc-8478-4534-8398-002f2d38fe2d', 'efc318c2-9b56-4e94-bf6a-465c07121a03', 'SCT_ALL'),
('8cc43c5c-9038-4d50-a0d3-dc135ecc1d80', 'd7554100-16ed-4713-998e-721deb14a7fc', 'CLA_SUB'),
('8ce99503-4767-47f5-9298-fb0156914458', 'b4b76ad5-d4bd-4ea7-93d0-89367db25132', 'VAC_ALL'),
('8d166f26-d911-47bf-a567-1c281c3bcaf7', '2ab74578-80c9-4918-a4ef-3fe87541bf9e', 'CLA_ALL'),
('8d212463-dc3c-431b-9be4-7dbc471f5109', '890e9b20-041a-44ec-9929-c72f0bfec484', 'CLA_SUB'),
('8d44d0b7-5602-47e4-8fda-fd7e4810edd0', '891bc19c-225a-4464-b802-662e7c87c32e', 'SCO_ALL'),
('8dc35558-ddcb-419d-a28c-e6862ea48512', 'cf648aa9-92cb-4722-b4fc-62002ad9ff7f', 'CLA_SUB'),
('8dd6538c-d17e-4a2e-9d38-6f0707c662bb', 'b4b76ad5-d4bd-4ea7-93d0-89367db25132', 'SCO_ALL'),
('8de4716c-ee95-4baa-8a82-ea733a789ae5', '37e6f856-c19c-44fe-8618-2f53a7c90a5d', 'CLA_STU'),
('8e0f632a-f23c-4d23-b77c-76c97857a68a', '14936e4f-24fd-448f-84be-aa10b0bb8e25', 'SCO_ALL'),
('8e2793dd-ed09-412b-bbf1-3fe303644b1a', 'efc318c2-9b56-4e94-bf6a-465c07121a03', 'CLA_SUB'),
('8e327b7c-14ca-4ee1-8526-d0e319913d7a', 'dedb95db-ee1f-4ed8-838b-41717e8b5581', 'SCH_ALL'),
('8e5d9c91-2f40-463f-9944-b8ab981d1cbe', 'a16fe72d-e6df-4fa7-8a53-43325fde0034', 'VAC_ALL'),
('8e69d969-d39c-4bd5-a65d-0e75148eb8e4', 'cf648aa9-92cb-4722-b4fc-62002ad9ff7f', 'CLA_ALL'),
('8e7d1b34-f2e9-4e07-bf58-e974d6bab8e4', 'c6e20fb5-6a54-4eeb-9bb4-69abf9418dcc', 'CLA_ALL'),
('8e8de737-826d-41f6-9c4e-ceb3ed942182', 'a1227a08-c6c5-4449-a911-3e04852ea7c6', 'SCO_ALL'),
('8e95d710-05fc-4dfe-a0f1-7e85355c0b95', '37ecc0f7-99fa-4205-ab8b-12bc0ee6d16d', 'SCH_ALL'),
('8ec4ac03-0fb0-4442-b587-2357c01d636b', 'ec9c6e58-98ae-4696-a783-bd94b1206159', 'VAC_ALL'),
('8ede0ae9-f32e-4177-b27d-64102f40947d', '3b80293e-bc6d-4061-9cde-cfbf0693aed0', 'VAC_ALL'),
('8ee25fe6-3a1a-4910-a977-1896f8cac04d', 'c1936cca-afbb-43c9-b649-da866caf898a', 'CLA_SUB'),
('8f32f123-cf1b-4470-a99d-afcf45e1eade', 'd0719a80-7a45-4ed1-9d4f-433c375f235f', 'CLA_ALL'),
('8f384a08-7d76-4037-bc49-017e29492e12', '51d3c309-94a7-4b8c-b392-f68a16892032', 'CLA_ALL'),
('8f3dc19d-2692-44c9-9d08-7ac81b3f6038', '70040c21-1fdf-47f8-9c90-b11d07c01333', 'CLA_SUB'),
('8f4c16bb-f163-4db6-8bc9-c340351e86d3', '6895b0d7-e390-48c5-a697-b55e657fde8d', 'CLA_SUB'),
('8f547651-f22a-4ea3-936d-ba0bc8882425', '3a52b381-e3cb-463f-a04f-41fb2215847c', 'CLA_SUB'),
('8f6fa3b6-f713-4917-a1c9-bd50ca3d17db', '56a587eb-77fa-4026-af7c-f6d96aeff1fa', 'SCO_ALL'),
('9047c9bf-b375-4e9e-8d39-3268ba10119b', 'b4b76ad5-d4bd-4ea7-93d0-89367db25132', 'SCO_UPD'),
('90e91005-8c73-41cf-8040-b1f7f73e3ac1', '79940f8a-e5ea-49ec-9143-8d96707bfa62', 'CLA_STU'),
('91605526-afe3-444b-8971-5e9d6d51c319', 'a59ffb9c-b7a1-4f49-8cc4-5bbf13adafcf', 'VAC_ALL'),
('91969127-f4a3-4ae4-bb9a-5a5536e2afc7', '82be5c71-fbbd-4cef-b963-4f55f238ae9b', 'CLA_ALL'),
('919fe936-70f7-49f8-bd33-84b2f24435b6', 'cf648aa9-92cb-4722-b4fc-62002ad9ff7f', 'VAC_ALL'),
('9215dc0d-dd70-4d65-8361-c7cc7b891384', 'c7a14517-eb14-4c8f-b1e7-e9aec175672e', 'SCO_UPD'),
('93193076-0817-482e-9b1a-361c593c81ff', 'd18f007b-5233-4147-ae72-565b88042b54', 'SCO_UPD'),
('931de2df-724c-4268-a7b9-3c7aad286c59', 'a4d1edb4-50c7-4639-a266-14076523463a', 'CLA_ALL'),
('933fb282-a889-43a4-b075-cdbc6fd43c81', '6ba449c0-efd5-4d3a-82f8-bf9255d0d280', 'SCO_ALL'),
('9377a570-912c-4b8c-ac8b-8874b1244f86', '39e1484b-b830-4598-b84d-d501f9b4c630', 'CLA_SUB'),
('93848f22-49b6-4933-a544-c22114357125', '2ab74578-80c9-4918-a4ef-3fe87541bf9e', 'SCO_ALL'),
('93fcc532-51ca-40d9-9da8-50a50dbdd397', 'd18f007b-5233-4147-ae72-565b88042b54', 'STU_ALL'),
('94b3b4db-221a-4f3c-8283-18fb33a53ad1', 'd6e8f41a-0680-4923-be59-fd9ce02c847d', 'CLA_ALL'),
('94ea7b0b-162b-42fe-8def-f3e459009346', '37e6f856-c19c-44fe-8618-2f53a7c90a5d', 'STU_ALL'),
('94f98036-fb3b-4cec-8c9d-9001c9d8233d', '9e86052f-9ffc-4ef6-a25e-c7b4b884ea8a', 'CLA_SUB'),
('95332a4e-ff77-4c19-9f54-04ac4a6d5b0a', 'e8f63bcb-4e40-4548-b874-8641c35f484d', 'CLA_SUB'),
('95995205-cabb-4cc5-b211-879881babe42', 'efc318c2-9b56-4e94-bf6a-465c07121a03', 'SCO_ALL'),
('959f30cc-93f8-4410-b9ab-e8752f5cd73c', '4241a537-b62a-4f0b-9bb7-864b900f570b', 'CLA_ALL'),
('95b8bfd6-6ed2-4d4f-a0b4-f08344c64bcb', 'a4d1edb4-50c7-4639-a266-14076523463a', 'CLA_SUB'),
('95bd5309-2951-46a7-ba92-67eaa4f7bb53', 'f8f1a8f2-92c8-462b-8a0f-4c4147aeaba9', 'CLA_ALL'),
('95d457b2-bf5b-4902-ab90-64fcb1cf2e95', '765f67f5-7a59-4118-8704-c13ce3b3c891', 'SCH_ALL'),
('95f8aa59-6fe1-41b6-8314-18cd4a401ee5', 'c210f0c1-26eb-49e2-b76c-bd705942272c', 'SCO_ALL'),
('96174424-023e-4342-8237-3e7141bc4ca7', '03f813ca-6012-40e2-b9a5-62c9c0021428', 'LEC_UD'),
('96447cd0-ae07-46ed-9b39-8048edaa241e', '4a152bba-3e31-4694-86b9-eb67fbee55f4', 'CLA_ALL'),
('9652f1e1-9316-4e9c-acf1-317b1dc12345', '03f813ca-6012-40e2-b9a5-62c9c0021428', 'SCT_ALL'),
('968f6f3d-ae00-43c8-ad0c-476d7b33382e', '1bfe8257-163e-43fb-9d08-cf2f96dbba55', 'VAC_ALL'),
('96c4c92d-82c8-42f5-8de5-20a6c5521dfc', '7284db14-4ae4-4b8a-ab47-cf637ee3cde3', 'VAC_ALL'),
('97134307-9c2f-4686-bc91-89367262f625', '34c649d5-b928-4798-9e60-8036cdc56c14', 'SCO_UPD'),
('971f0e12-6991-46c5-9cfe-71dedf68df81', '655c18b1-09b4-4968-ac98-f018b7bd04ec', 'SCO_ALL'),
('97c9c4ab-27cf-4897-a1c4-c7a18324ad21', '655c18b1-09b4-4968-ac98-f018b7bd04ec', 'SCO_UPD'),
('97cecfef-0bd1-410c-a4af-defdf6ec681b', '6b0364aa-bb37-4490-96ea-a7b13d340d6b', 'CLA_ALL'),
('9811496b-053f-4b71-a51e-b0d6112c21fc', '927fa3f6-d188-496c-975f-b166409261cc', 'CLA_SUB'),
('98484b11-23c2-444f-900c-6d35640a4d1e', 'df7bd63f-d340-4948-9ac6-0d17f8f92ded', 'SCO_UPD'),
('986fa155-d4e4-468d-b90e-c98d3f490026', '891bc19c-225a-4464-b802-662e7c87c32e', 'CLA_SUB'),
('98ac0812-8b3b-43b3-a66f-8053631d7880', '4a152bba-3e31-4694-86b9-eb67fbee55f4', 'SCO_ALL'),
('98c55a09-d5ab-42ad-b09d-a64bc474e93e', '70e4b7a6-f9fa-4427-bca0-a5957463dcc7', 'USE_UPD'),
('98c65525-f770-46c8-8be7-5498a11cac4d', '39b4c07e-c09f-4c5b-b6d5-09cb2bc63a1a', 'CLA_ALL'),
('98ce66ca-c7c1-483d-8d91-71cec62ca2ab', '59e17975-beb5-45c2-9d48-de3809532d7b', 'CLA_SUB'),
('98d4ea3a-ff35-414d-aa56-94c08a6b598a', '51d3c309-94a7-4b8c-b392-f68a16892032', 'VAC_ALL'),
('995be347-8812-425f-8618-53bc4460eb5d', '4567572f-e050-410e-96b0-c9f1238f5c76', 'SCO_UPD'),
('99969f28-df1f-44f3-be2a-ae30fb883263', '891bc19c-225a-4464-b802-662e7c87c32e', 'SCO_ALL'),
('99a8a492-0f1d-44d1-81e2-b44cea7f9358', 'd7554100-16ed-4713-998e-721deb14a7fc', 'SCO_UPD'),
('99cac754-3745-4d88-b8ae-a26958c6cd15', '70e4b7a6-f9fa-4427-bca0-a5957463dcc7', 'EDU_ALL'),
('9a0ec3a6-ed0f-4422-97e2-ac0c14afd1f6', '099e1c0f-8e92-4ff1-945f-30270013e1fe', 'CLA_ALL'),
('9a6c8902-7fb4-4644-84a9-42acc43dbc16', 'fe6acd7a-bb3e-4a25-bbd6-64a4093b1d08', 'STU_UPD'),
('9a831645-fbca-4fcc-9062-2a88a268858d', '312faa0c-598e-4833-9989-35928b405dac', 'SCT_ALL'),
('9aa900af-e819-4c90-be66-bad890503a9b', '2590b1e6-25bf-4f6e-9a41-344b547d34a2', 'SCO_UPD'),
('9b14c46b-b2f7-4af4-b624-6a67089335ef', '9bb2df2f-9f03-4e08-8d33-a1f77296ed38', 'CLA_STU'),
('9b4ed333-8693-48c5-8e7c-547bbb7afe1b', 'd7554100-16ed-4713-998e-721deb14a7fc', 'VAC_ALL'),
('9b5ef369-d51f-4d1f-a09d-d765607964f7', '1b70f811-e25d-42b5-8f1f-454971c00e85', 'SCO_ALL'),
('9b7960c0-0a6d-4c9e-b19a-9a551729de91', 'd7554100-16ed-4713-998e-721deb14a7fc', 'SCO_UPD'),
('9b845c7e-8e86-4a9f-8328-4227d8e6d6f4', '9bb2df2f-9f03-4e08-8d33-a1f77296ed38', 'STU_ALL'),
('9b9e0f5b-70af-49d3-8c77-0e2edf024cab', 'd18f007b-5233-4147-ae72-565b88042b54', 'SCO_ALL'),
('9be58352-3fe1-48b6-9d5a-e5392a4fb88d', 'a2066252-2e50-4001-a628-eb2d0948d924', 'CLA_SUB'),
('9c0b5548-8ba9-4c91-a902-7ba56f281789', 'fd6e2fd9-04b0-4ff0-94b2-9e79b28c5503', 'CLA_SUB'),
('9c1a8ed5-6530-45c4-8bf0-4e7b028db5fc', 'f14bda82-b18a-4a45-871b-06d7a2b71ac9', 'SCO_ALL'),
('9c2032e4-b949-4036-a26e-dbbd8fb24bd1', 'e13d5f81-8e82-42e6-9236-7e22efa95adf', 'CLA_SUB'),
('9c6dd39b-8ba6-46e6-9317-ab33def5cfd8', 'a78795ca-90dc-4307-9e8a-a52589f98b22', 'SCO_UPD'),
('9c6f5c50-b13b-4605-97f3-6abe629b5e02', '7284db14-4ae4-4b8a-ab47-cf637ee3cde3', 'SCT_ALL'),
('9c9196e8-bcae-4c06-bf00-796d3c52c9ad', '9e86052f-9ffc-4ef6-a25e-c7b4b884ea8a', 'SCO_ALL'),
('9cb9ca9e-d71f-441d-ad08-122e655ae22e', 'cd4546f0-d60a-422d-9cc9-91d02aad7bf1', 'CLA_SUB'),
('9cb9d413-0067-4c0b-8258-9a7987a501f8', '9a1652d1-fd3f-47dd-b1c3-2a0e4abc999d', 'CLA_ALL'),
('9cc2656c-2834-433f-a695-a5241e004ea7', 'a78795ca-90dc-4307-9e8a-a52589f98b22', 'SCO_ALL'),
('9d962e2a-0696-488b-a92f-63853cc3b34a', 'efc318c2-9b56-4e94-bf6a-465c07121a03', 'CLA_ALL'),
('9e3ab767-1dc2-4ea0-9f28-c7dcecdc27f4', '9a1652d1-fd3f-47dd-b1c3-2a0e4abc999d', 'SCO_ALL'),
('9e430823-3274-4cb3-8c6b-c93f24260cba', '6ba449c0-efd5-4d3a-82f8-bf9255d0d280', 'SCO_UPD'),
('9e82de33-9ba1-4997-9f04-ad926d1acc00', '3a52b381-e3cb-463f-a04f-41fb2215847c', 'CLA_SUB'),
('9eeb8874-a66e-4aa1-bd66-fd70f9c2fb25', 'a6df08dc-ca7f-43b0-a159-d8b0cebaab37', 'CLA_ALL'),
('9f06d2fa-7b92-4b8e-b92a-bdcf617ca060', '57fc5198-3413-492e-b93e-070787dad7de', 'SCO_ALL'),
('9f0787c3-2ad4-4c5a-a943-a9c7f7095108', '30d6b54a-5c47-45d2-93d2-8c02939937f4', 'CLA_SUB'),
('9f5a4348-9c06-4de6-8914-90aef8dd9794', '42b80b43-d2cf-413a-bfc3-4f4e5902cf8c', 'CLA_ALL'),
('9f631b96-531c-48f4-9573-442bd5a56d4c', 'e85aa410-06b4-41a4-b8a8-026fc2e8d37b', 'VAC_ALL'),
('9f6feac8-fe18-48fb-a26e-a4bf21821a32', '9c3e1c4a-7dd8-40ad-8934-ddf59fe82a77', 'VAC_ALL'),
('9fa8ad26-cbe1-4e76-a023-4d6e5687d9e7', '1a778b97-5a6b-4947-9371-365a7b4e28f7', 'CLA_ALL'),
('a010758e-af00-4ad6-8f34-327bd043b23c', '08457dd3-daab-4af5-b7b3-73646da0f89c', 'VAC_ALL'),
('a017de77-6f01-4dc8-8fb6-63b6edf55234', '70e4b7a6-f9fa-4427-bca0-a5957463dcc7', 'REV_REP'),
('a04a5eec-e32b-4173-b062-13d40241a5bc', '655c18b1-09b4-4968-ac98-f018b7bd04ec', 'SCO_ALL'),
('a0662ccc-a336-48de-bf75-d6a76edf074e', '2590b1e6-25bf-4f6e-9a41-344b547d34a2', 'SCO_ALL'),
('a0aec041-7580-4250-92c9-c519e96b8523', '4241a537-b62a-4f0b-9bb7-864b900f570b', 'CLA_STU'),
('a0b63b48-d639-408e-ba84-825c842fd01b', '6895b0d7-e390-48c5-a697-b55e657fde8d', 'SCO_ALL'),
('a0bf4931-6251-414f-b27d-35e8c20dd494', '4a152bba-3e31-4694-86b9-eb67fbee55f4', 'CLA_SUB'),
('a12486f5-d940-4add-aa0f-8bf13a3e7c04', 'a1227a08-c6c5-4449-a911-3e04852ea7c6', 'STU_CEL'),
('a15b268f-50a3-4ee4-a509-9f234937f3cd', 'b6fe65c8-6c15-434f-8051-25465834ea4d', 'VAC_ALL'),
('a199363d-8ff1-4aec-a398-1e8922125602', '5b646be2-9f65-4ef2-9e1e-e42438fb83fa', 'SCH_ALL'),
('a1a91ca5-8d37-49cc-9d6d-28ef9b8bae07', '890e9b20-041a-44ec-9929-c72f0bfec484', 'VAC_ALL'),
('a1d03b8d-1424-4670-a60b-2814305445bb', '30d6b54a-5c47-45d2-93d2-8c02939937f4', 'CLA_ALL'),
('a1f3903d-e1c8-4d3b-8aad-9aae02ca292e', '5d8be887-a08c-47db-bcf8-9032102a3b95', 'SCO_UPD'),
('a2129f73-1973-40d6-b481-ce6f6e1604f2', 'a59ffb9c-b7a1-4f49-8cc4-5bbf13adafcf', 'SCO_UPD'),
('a22eca9f-d3b5-4678-8abe-e4bc5ccf4f6b', '3118eca6-7b6b-421f-99d6-2b6586a42115', 'CLA_SUB'),
('a26a4e67-6499-4a5d-832c-4f2173473a16', '5617956e-3643-4559-91a3-46793211d7b3', 'SCO_ALL'),
('a2f5226b-404f-4402-a5c0-b0a3e0e29fa3', '4241a537-b62a-4f0b-9bb7-864b900f570b', 'VAC_ALL'),
('a335c332-9511-448d-a28e-44897eac95ec', 'c50d257b-de06-4768-a7e2-fef8013c4a68', 'SCO_UPD'),
('a33e3c84-e526-42c7-b7a8-4d27cc47527b', '4567572f-e050-410e-96b0-c9f1238f5c76', 'VAC_ALL'),
('a3ce22ce-c2a8-445e-9e49-f1883867297e', 'c6e20fb5-6a54-4eeb-9bb4-69abf9418dcc', 'VAC_ALL'),
('a3d23d25-cdf6-43a6-881f-76ac1225471c', '7453bb69-00cd-448e-a1f9-5d74a8fd2a86', 'SCO_UPD'),
('a3f9ccd5-600c-47d0-ab07-d134e322cb87', '21dfd738-8427-4dbc-b2c1-802d8184ac95', 'CLA_ALL'),
('a41d01be-302c-4762-8d9c-94dc35257733', '0d1cb7e1-a5be-4b8b-8d7c-fbe90db3db1b', 'CLA_SUB'),
('a44fc2b6-2f1a-499c-ae40-ba918f170299', '7453bb69-00cd-448e-a1f9-5d74a8fd2a86', 'SCO_ALL'),
('a45b6326-02f9-41e8-8413-00757754a38d', 'c50d257b-de06-4768-a7e2-fef8013c4a68', 'SCO_ALL'),
('a4ad7440-253b-4e92-a960-b6dcdda8b2b3', '4567572f-e050-410e-96b0-c9f1238f5c76', 'CLA_ALL'),
('a4ca6231-58fd-4de3-bbd0-7fe38b8b23c5', '1b70f811-e25d-42b5-8f1f-454971c00e85', 'SCO_UPD'),
('a4e36592-333f-41cd-a039-1ecf62dcf777', '03f813ca-6012-40e2-b9a5-62c9c0021428', 'EDU_ALL'),
('a501572c-8e28-413d-af74-0a5931d931ae', '41208dac-aa22-41ed-85f2-44739459f61a', 'CLA_ALL'),
('a50352ec-6cee-41b7-b4f0-ff638c275ec7', 'a78795ca-90dc-4307-9e8a-a52589f98b22', 'VAC_ALL'),
('a516af15-8fdd-40a7-a843-587738990bfc', '1bfe8257-163e-43fb-9d08-cf2f96dbba55', 'SCO_UPD'),
('a5714939-87e6-4f1b-9554-17d4d8e97d51', 'ec9c6e58-98ae-4696-a783-bd94b1206159', 'SCO_ALL'),
('a57af67a-9487-4b85-8e62-f27429d25911', '3b80293e-bc6d-4061-9cde-cfbf0693aed0', 'STU_ALL'),
('a5c5f351-c6e9-450f-b16b-e25201f4217c', '594e04f4-16de-4ced-9483-c6ee0a226902', 'VAC_ALL'),
('a5d2401b-6f13-46c8-b821-e1c7cadd8107', 'efc318c2-9b56-4e94-bf6a-465c07121a03', 'STU_ALL'),
('a5ea294a-33f6-4f53-999f-dcf5fa7ae7c2', '32c07c48-b023-457a-9f3f-0cd6aed220b9', 'SCO_UPD'),
('a60286f6-f781-4f06-9992-d32826f6775c', '8c10cc7d-0bb5-4fdb-8e06-18efed42a904', 'VAC_ALL'),
('a606814d-67fd-461a-a1ad-4709c74ea1cd', '43321715-fe6a-458b-9d5e-ce92d253495e', 'SCO_UPD'),
('a62441a5-b5b8-45b0-9434-f70ce4373f74', 'e13d5f81-8e82-42e6-9236-7e22efa95adf', 'SCO_UPD'),
('a649945d-5772-436d-b1ee-fb24c48262b9', 'b0391c32-ddaf-426c-8e0a-1d385839fdf7', 'CLA_SUB'),
('a68e7282-85c5-40e1-aba0-ebddc95b59cc', 'c210f0c1-26eb-49e2-b76c-bd705942272c', 'VAC_ALL'),
('a69bbe0e-e378-490b-bb76-e57e6256859d', 'd7554100-16ed-4713-998e-721deb14a7fc', 'VAC_ALL'),
('a6c74bd2-4b42-403a-ad97-60c2a6c79d7e', '4567572f-e050-410e-96b0-c9f1238f5c76', 'SCO_ALL'),
('a6f13fa4-a0e0-4cef-aabd-bf2f4e5823b2', 'b6fe65c8-6c15-434f-8051-25465834ea4d', 'VAC_ALL'),
('a6f5eb58-f6e6-4219-bc02-e0724d8fed15', 'ba675915-419a-4954-a71e-9ff45a166c2a', 'SCH_ALL'),
('a7158878-254d-4581-9645-b874c28369a8', '64032660-ceaa-4412-847c-d8fd1a470391', 'STU_ALL'),
('a7249acd-3cc7-4e67-aad0-b949f6de409a', '594e04f4-16de-4ced-9483-c6ee0a226902', 'SCO_ALL'),
('a73fbe34-3000-4349-9d94-29c0104c7f16', '01c39718-f10b-42d5-9f46-55ec8d56e862', 'SCO_UPD'),
('a74a753b-2e2f-4695-9dbf-45b94a47e7d8', '53ddb719-1f24-45c2-9560-f4efd5bbed5a', 'SCT_ALL'),
('a76132f2-19a5-4935-b0de-851c2d0dde6f', '73b8bec5-b7aa-4930-b748-366c68a4f3c9', 'CLA_ALL'),
('a7c631e3-3c92-4e9f-991c-bc8478fedc17', '3b80293e-bc6d-4061-9cde-cfbf0693aed0', 'CLA_ALL'),
('a7ef9637-07a1-47e4-907b-537d13fa1269', 'f981f02c-254d-460f-a937-c11e8423cedb', 'VAC_ALL'),
('a86f3605-4303-4c7a-b893-ba1219bc59eb', 'b57476c8-2af5-4bc1-9ac8-af3a207639c1', 'VAC_ALL'),
('a871ce45-e2dd-47b4-bf04-d5e8b75f6d76', '53ddb719-1f24-45c2-9560-f4efd5bbed5a', 'SCO_ALL'),
('a8987af4-7d2f-4470-8d86-471042e3f075', '39b4c07e-c09f-4c5b-b6d5-09cb2bc63a1a', 'SCO_UPD'),
('a8a3e701-1fe5-42fa-9090-c455302a7ef6', '765f67f5-7a59-4118-8704-c13ce3b3c891', 'SCO_UPD'),
('a8b91706-6183-4aff-a888-c460a4aac5e4', '9c3e1c4a-7dd8-40ad-8934-ddf59fe82a77', 'CLA_ALL'),
('a8d5de60-9a02-42a1-a66a-c1a7fd585578', '43321715-fe6a-458b-9d5e-ce92d253495e', 'VAC_ALL'),
('a8f3d4dc-0902-4963-8401-a171cffda1ad', 'a511d038-3223-4995-8ae8-8ecd917b57eb', 'STU_ALL'),
('a9061996-4026-4d32-9317-68228829ac13', '3cd9e96e-93c6-4093-a8e6-a6afd75bd45c', 'VAC_ALL'),
('a9240144-ad0a-45f9-9aba-d04d613eda5b', 'c210f0c1-26eb-49e2-b76c-bd705942272c', 'CLA_SUB'),
('a9922ac5-b295-4600-963c-cb93b72afb23', '2680459f-69f3-48bb-97d7-2128b2323bcd', 'CLA_ALL'),
('a9c1633f-9a3e-4fae-b27b-e0e5e3d08358', 'a2066252-2e50-4001-a628-eb2d0948d924', 'CLA_ALL'),
('a9fcd093-5583-47d9-9241-e878a6ac17d3', 'b6fe65c8-6c15-434f-8051-25465834ea4d', 'CLA_ALL'),
('aa0ebb92-bd64-4ada-8d8b-a32b4f79296b', '5b646be2-9f65-4ef2-9e1e-e42438fb83fa', 'CLA_SUB'),
('aa1262d6-554b-4952-880a-62ef33e076e3', '41208dac-aa22-41ed-85f2-44739459f61a', 'VAC_ALL'),
('aa8119ad-7025-47e3-bcfc-ccfbe533efdb', '0d1cb7e1-a5be-4b8b-8d7c-fbe90db3db1b', 'SCO_UPD'),
('aa90e0e1-389b-4966-9eb4-1bb5a8ae59a5', '9c3e1c4a-7dd8-40ad-8934-ddf59fe82a77', 'CLA_SUB'),
('aafb41be-020d-43b9-9c61-9a7a5290461a', '44397288-3038-45dc-a0ee-c2e0a8aa6199', 'CLA_STU'),
('ab179af5-cebe-487d-b298-45fa7c6ee57f', '57fc5198-3413-492e-b93e-070787dad7de', 'SCO_UPD'),
('ab22fb9f-6258-47cf-b991-bc3be245bda5', 'd0719a80-7a45-4ed1-9d4f-433c375f235f', 'SCO_ALL'),
('ab83609f-7a50-4a7a-b775-f023e7e401bb', '1b70f811-e25d-42b5-8f1f-454971c00e85', 'CLA_ALL'),
('ab9a9792-ac12-4af3-a68f-ed569aba4b0f', 'dc6ffd24-ede5-43d9-874c-5ddacbca851a', 'SCO_ALL'),
('ab9cd888-0ea2-49cf-9041-976bf4727ace', '1d7c99eb-329f-4886-a44f-8618efa61460', 'SCO_ALL'),
('abc4561c-c935-4287-9828-eb8b5daea578', '71e73856-66c5-400b-9903-3a773694028d', 'CLA_SUB'),
('abcc613a-2374-4c69-869e-bae8af5bf306', '82be5c71-fbbd-4cef-b963-4f55f238ae9b', 'VAC_ALL'),
('ac10c0a1-d819-4338-bb60-e7b9a5050404', 'e85aa410-06b4-41a4-b8a8-026fc2e8d37b', 'SCO_ALL'),
('ac3f75a6-2b70-459a-91b7-c4ade4fbda54', '3e1c5d55-d72d-4508-a02c-f4826434c5e4', 'SCO_ALL'),
('ac68ecae-76e7-4519-a49b-9318336addd0', '8356355b-c00c-459a-ada2-f18b09a7ad28', 'CLA_SUB'),
('acabf6ff-5bba-450f-b2ac-5e0e5a2aad23', '0d1cb7e1-a5be-4b8b-8d7c-fbe90db3db1b', 'VAC_ALL'),
('ad105d41-8f71-4524-96e1-af8d4fa605e0', '099e1c0f-8e92-4ff1-945f-30270013e1fe', 'SCO_UPD'),
('ad162f14-0c6b-4721-a5df-8fd6040220fb', 'fee76368-638a-46fa-a18d-414865deaa8f', 'SCO_UPD'),
('ad34aa34-dd75-40d9-b2e4-1e91de434dc6', '239300b2-4872-45ee-afde-5dc15d7f2fac', 'STU_ALL'),
('ad3a7257-7e81-4e0f-867a-ec498e67ca53', '60908191-db55-418d-a88a-859c30d2420d', 'STU_ALL'),
('adf30090-bac6-4b6c-b570-3babb86483f1', 'fd6e2fd9-04b0-4ff0-94b2-9e79b28c5503', 'SCO_UPD'),
('ae52a8d2-e7bb-4d9d-8c8f-0d39fa22060c', 'e3201e1b-eb3b-48ec-895a-344e3c677009', 'CLA_ALL'),
('ae58207a-e079-4398-8813-06b283c94cbf', 'a16fe72d-e6df-4fa7-8a53-43325fde0034', 'CLA_SUB'),
('ae5bd301-696d-4a9b-953a-e384585389b8', '01c39718-f10b-42d5-9f46-55ec8d56e862', 'CLA_SUB'),
('ae78b468-6065-4718-99d1-25bfdd4ddbf8', '34c649d5-b928-4798-9e60-8036cdc56c14', 'VAC_ALL'),
('ae8fc6cb-64ae-44a9-9c79-78494f377204', 'fee76368-638a-46fa-a18d-414865deaa8f', 'VAC_ALL'),
('aed636ac-ac5d-4776-b593-a4f4061dac3b', '08457dd3-daab-4af5-b7b3-73646da0f89c', 'CLA_ALL'),
('aef25bb5-bea7-4395-8921-6780eaa105fd', 'd7554100-16ed-4713-998e-721deb14a7fc', 'CLA_ALL'),
('af4b132f-6e54-4711-8df2-b5e1ced2f815', '39b4c07e-c09f-4c5b-b6d5-09cb2bc63a1a', 'VAC_ALL'),
('af6698e3-ad06-4aa2-afcd-8246e1540953', '1b70f811-e25d-42b5-8f1f-454971c00e85', 'CLA_ALL'),
('af759c5a-c77f-4c0c-887f-f41b8668c684', '5617956e-3643-4559-91a3-46793211d7b3', 'VAC_ALL'),
('af9a92ed-b028-4c96-afce-34b5cc9ed41e', '9d52e8ad-fb93-40fd-a888-461af5d258e4', 'VAC_ALL'),
('af9afe27-7c22-42b6-af02-44ffaaf93152', 'e85aa410-06b4-41a4-b8a8-026fc2e8d37b', 'CLA_ALL'),
('afc23766-b0c9-4265-9676-b550e7c33fa2', 'c9b80ec4-2c0d-4db3-8b17-87ba9131e49f', 'SCO_ALL'),
('afeb395e-b8a5-40cf-a740-b9375963e7f6', 'fe6acd7a-bb3e-4a25-bbd6-64a4093b1d08', 'SCT_ALL'),
('b0779cb9-bf89-45e9-ba09-897ae78ca43d', '9d52e8ad-fb93-40fd-a888-461af5d258e4', 'CLA_ALL'),
('b0cb7fbc-a4f0-40a5-88ef-2ab234511f61', '312faa0c-598e-4833-9989-35928b405dac', 'SCO_UPD'),
('b0cee436-2876-4c59-9535-1494d72ef386', '594e04f4-16de-4ced-9483-c6ee0a226902', 'CLA_SUB'),
('b0eba426-b154-4a06-b7ec-8bc5195aaed3', 'bf54b8fd-8a7c-4a93-acb2-a38aa7f07128', 'VAC_ALL'),
('b103d567-11da-4d27-a50b-aa394c9125b8', '44397288-3038-45dc-a0ee-c2e0a8aa6199', 'CLA_ALL'),
('b155c6bc-eeb6-4e17-85e1-eaac1b98683c', 'afb1906d-7db9-4049-b560-ad766e4cf14b', 'SCO_UPD'),
('b176fae3-5d90-41be-9342-12cba973c88e', '73b8bec5-b7aa-4930-b748-366c68a4f3c9', 'VAC_ALL'),
('b18286eb-0942-4e7b-8ac9-ef930006307b', 'd63eb2b0-8f0f-435d-93bb-b164fbff9958', 'VAC_ALL'),
('b1848398-5eac-4cb9-ac86-6dafe73f7709', '1f959b62-ef15-4b00-a07b-a59ca4db2b22', 'VAC_ALL'),
('b1a6201f-e851-4757-9baa-8ccaabe80ae2', '680b3f8a-22c9-4770-8763-71a17371790c', 'CLA_STU'),
('b1ada828-1db7-4042-97c0-813ac60936dd', '1bfe8257-163e-43fb-9d08-cf2f96dbba55', 'SCO_ALL'),
('b1d01a16-b7ba-43d4-9685-c6016b5fe20a', '9a1652d1-fd3f-47dd-b1c3-2a0e4abc999d', 'VAC_ALL'),
('b1f004e8-ce82-44e9-9600-fc13d13b17ab', 'dbdf19be-81f3-4630-8e9a-b897d82a194b', 'VAC_ALL'),
('b23eb6d9-64ff-4408-929e-e5cdc633f6c5', 'a1227a08-c6c5-4449-a911-3e04852ea7c6', 'CLA_UPD'),
('b246ba46-2a3e-4d60-ac51-66f6405f3206', '57fc5198-3413-492e-b93e-070787dad7de', 'CLA_ALL'),
('b2617216-23b7-480e-95cc-84507cf7ae13', '890e9b20-041a-44ec-9929-c72f0bfec484', 'SCO_ALL'),
('b26a5bc6-c8a1-4e95-b106-37d8b9fd26a0', 'f8f1a8f2-92c8-462b-8a0f-4c4147aeaba9', 'SCO_UPD'),
('b29ce7fd-0626-44e1-9184-d35c4c4cd054', '6ba449c0-efd5-4d3a-82f8-bf9255d0d280', 'CLA_ALL'),
('b2a6820b-2bf2-45ee-aa0a-91cc84d888a6', '3a52b381-e3cb-463f-a04f-41fb2215847c', 'CLA_ALL'),
('b2dfd8a8-d6d9-43c1-ba37-c893d6d85393', '15ad579e-3951-4a27-a793-b9bb68758113', 'CLA_SUB'),
('b399d8fb-151b-4da6-a90f-b1072148fafc', '6ba449c0-efd5-4d3a-82f8-bf9255d0d280', 'VAC_ALL'),
('b39f8f27-8b21-4bae-ab2d-340d99560647', '3118eca6-7b6b-421f-99d6-2b6586a42115', 'CLA_SUB'),
('b3aecbc9-e050-454f-9a79-8cc7a5e97533', '64f540d3-7bc8-4755-8b86-563285f4796f', 'CLA_ALL'),
('b3be50f5-81d8-4a7a-9ac5-5e73bba78714', 'e8f63bcb-4e40-4548-b874-8641c35f484d', 'SCO_ALL'),
('b3c1e117-83c5-4270-a559-12572c2de947', '9c3e1c4a-7dd8-40ad-8934-ddf59fe82a77', 'VAC_ALL'),
('b438c7bb-d25c-45ec-ad93-13688b986bf7', 'dedb95db-ee1f-4ed8-838b-41717e8b5581', 'CLA_STU'),
('b4544373-f073-4141-8d8d-6a600c0a582f', 'f981f02c-254d-460f-a937-c11e8423cedb', 'SCO_UPD'),
('b4e6daaf-e87c-47f1-b2a9-a033f4e07942', '60908191-db55-418d-a88a-859c30d2420d', 'VAC_ALL'),
('b4ef2348-aedd-4974-a1f4-cf263a8e756e', 'b4b76ad5-d4bd-4ea7-93d0-89367db25132', 'SCO_ALL'),
('b5bb72c8-8239-492e-9781-2c67fba8dbde', '5d8be887-a08c-47db-bcf8-9032102a3b95', 'SCO_ALL'),
('b5e6bedd-d954-4b21-a1c2-4213e1ebe27f', '891bc19c-225a-4464-b802-662e7c87c32e', 'VAC_ALL'),
('b68c1620-4b82-4fb6-abfa-a897aadc6418', '03f813ca-6012-40e2-b9a5-62c9c0021428', 'CLA_SUB'),
('b6a21bb8-5a43-4256-ad27-47b72a9d0034', '1f959b62-ef15-4b00-a07b-a59ca4db2b22', 'SCO_ALL'),
('b6a4fe49-12d0-4cef-8f52-c409c1cb81ba', '4f906ade-01c8-4034-b621-b15738461180', 'SCO_UPD'),
('b6b5d947-673c-4681-8b21-db37daedb4f6', 'bf54b8fd-8a7c-4a93-acb2-a38aa7f07128', 'SCO_ALL'),
('b6bf7860-6164-4851-ac7b-7109eef0e2cf', 'a1227a08-c6c5-4449-a911-3e04852ea7c6', 'SCT_UPD'),
('b6c3f703-463d-4ecb-9e28-668a9e515202', 'd63eb2b0-8f0f-435d-93bb-b164fbff9958', 'VAC_ALL'),
('b70f60c4-6d81-4239-b70b-29a04144a1a5', '1a778b97-5a6b-4947-9371-365a7b4e28f7', 'VAC_ALL'),
('b797ce50-dd7e-4076-bd53-a32cef41d9dd', 'b0391c32-ddaf-426c-8e0a-1d385839fdf7', 'SCO_ALL'),
('b7acb1a5-ad0a-4a00-bbb9-eeb6d1f51ede', 'a2066252-2e50-4001-a628-eb2d0948d924', 'CLA_SUB'),
('b7e3bf96-1803-4de8-b8ff-9bbb6f8f7530', '3a52b381-e3cb-463f-a04f-41fb2215847c', 'SCO_UPD'),
('b819ad40-ea62-49c2-8f8d-c9dca87b1560', 'e3201e1b-eb3b-48ec-895a-344e3c677009', 'STU_CEL'),
('b82272a9-c2a1-4980-895c-33b243428204', '594e04f4-16de-4ced-9483-c6ee0a226902', 'CLA_SUB'),
('b8d6e09c-4b2b-43f2-90cd-1ea090af0bcd', 'a1227a08-c6c5-4449-a911-3e04852ea7c6', 'VAC_ALL'),
('b967332b-cf9a-42e0-b8b1-134067bae108', '7284db14-4ae4-4b8a-ab47-cf637ee3cde3', 'SCO_ALL'),
('ba48c345-06cd-4f63-85a8-f12a40fb23fd', '6895b0d7-e390-48c5-a697-b55e657fde8d', 'SCO_UPD'),
('baaed167-83f0-490c-9ab8-b07079aea079', 'b7783270-41bc-4966-870a-ff1e18a15e63', 'VAC_ALL'),
('bae487e4-d4d8-4272-94bc-bf13bd76bce8', '15ad579e-3951-4a27-a793-b9bb68758113', 'VAC_ALL'),
('bb24d6e9-0b97-4b7c-b785-ce38180c71ff', 'a2066252-2e50-4001-a628-eb2d0948d924', 'CLA_ALL'),
('bb9cba94-8782-47f0-a0af-1f50402ac605', 'ad5e9f9d-e982-423a-bc94-21022525aa48', 'VAC_ALL'),
('bbb085b7-c032-4108-9baa-b84fd932360a', 'dbdf19be-81f3-4630-8e9a-b897d82a194b', 'CLA_ALL'),
('bbf932d7-22fe-4ec0-a2c4-bbd3970d6489', '39e1484b-b830-4598-b84d-d501f9b4c630', 'CLA_ALL'),
('bc2841cf-63a5-46c6-bb67-91ee82130386', 'c601d902-0618-49a4-b4a8-a1dc037ac4f5', 'VAC_ALL'),
('bc2bfe6e-676b-47e7-9517-3997d5b9706f', '39e1484b-b830-4598-b84d-d501f9b4c630', 'VAC_ALL'),
('bc4927fd-71eb-45e3-a3d3-c405aca613b3', 'dbdf19be-81f3-4630-8e9a-b897d82a194b', 'SCO_UPD'),
('bc89087a-bfab-41a5-b612-1142dd14ba77', '70e4b7a6-f9fa-4427-bca0-a5957463dcc7', 'SCH_ALL'),
('bc92b21c-cf1c-417d-b2bf-e7ee70d756d4', 'c5daf0b9-b664-4117-8a6a-657bb79fe4cc', 'SCO_ALL'),
('bc941763-a305-4c9d-a445-6fe2354d4a95', 'c7a14517-eb14-4c8f-b1e7-e9aec175672e', 'VAC_ALL'),
('bca1c234-e4e6-4e56-9ec6-0969318d32c1', 'd63eb2b0-8f0f-435d-93bb-b164fbff9958', 'CLA_SUB'),
('bd9e9cc2-a015-4912-b81f-b861d80abd7c', '5ae28cc7-3830-4f8f-9716-5ab75ccc356a', 'SCO_UPD'),
('bdf422dc-3435-4728-98dd-1cb46e36e97e', '3e1c5d55-d72d-4508-a02c-f4826434c5e4', 'CLA_SUB'),
('bdfa4600-f2f6-41de-b4d9-1f8a6e426db7', '67beef80-9f11-4e42-82ce-3af8e6b7a97b', 'CLA_ALL'),
('be1e003b-af38-4cce-82b0-ee0058036106', 'c50d257b-de06-4768-a7e2-fef8013c4a68', 'CLA_ALL'),
('be691fd5-d972-48b7-a18f-82b52330a080', 'a511d038-3223-4995-8ae8-8ecd917b57eb', 'STU_UPD'),
('be72e520-c07d-479f-9e86-69dfd0b299c9', 'd6e8f41a-0680-4923-be59-fd9ce02c847d', 'CLA_SUB'),
('be771483-c987-46a8-8eb5-4a08c28776db', '39e1484b-b830-4598-b84d-d501f9b4c630', 'SCO_UPD'),
('be7f1bbe-a216-4f28-a817-ab2ef2d7de7c', 'fe6acd7a-bb3e-4a25-bbd6-64a4093b1d08', 'EDU_ALL'),
('be83da4f-0b46-40e2-a05b-a2672532ac13', '71e73856-66c5-400b-9903-3a773694028d', 'SCO_ALL'),
('be9dc2ec-3db2-4321-bc6b-65d5aa402dd0', '9bb2df2f-9f03-4e08-8d33-a1f77296ed38', 'CLA_SUB'),
('bebf22d5-bf24-41b3-8838-3622ea267672', '37e6f856-c19c-44fe-8618-2f53a7c90a5d', 'CLA_ALL'),
('bf225913-e96f-4fac-b2e0-998c72b1c2ec', '9a1652d1-fd3f-47dd-b1c3-2a0e4abc999d', 'SCO_UPD'),
('bf3cfe79-b68b-488f-a207-b7006f7d2371', 'a511d038-3223-4995-8ae8-8ecd917b57eb', 'CLA_STU'),
('bf40299f-4f52-46c0-b560-a770102cd059', '680b3f8a-22c9-4770-8763-71a17371790c', 'SCT_UPD'),
('bf881987-869c-4acb-930d-f801cd0de21e', 'f477e015-de1d-4415-b993-9435d66daa99', 'CLA_ALL'),
('bffddf1a-76e2-481f-8b0f-33f53eb26644', '890e9b20-041a-44ec-9929-c72f0bfec484', 'SCO_ALL'),
('c007d64c-f240-4e1b-b681-485434b45f14', '51d3c309-94a7-4b8c-b392-f68a16892032', 'VAC_ALL'),
('c07556d2-c487-466d-aa19-7b2a89c26bfb', '7453bb69-00cd-448e-a1f9-5d74a8fd2a86', 'CLA_SUB'),
('c083353a-1e8b-4085-96ea-b01b738a53e6', '8c10cc7d-0bb5-4fdb-8e06-18efed42a904', 'SCO_ALL'),
('c0a33eaf-dafd-4f10-9697-01a768d920d2', 'fe6acd7a-bb3e-4a25-bbd6-64a4093b1d08', 'SCH_UPD'),
('c0f686d5-7523-4213-897f-5b566fdc2c43', '56a587eb-77fa-4026-af7c-f6d96aeff1fa', 'CLA_SUB'),
('c10c25b1-17df-4c0f-9f2f-9362c4067e79', 'd18f007b-5233-4147-ae72-565b88042b54', 'CLA_STU'),
('c11f531e-f874-409b-b515-55c5f84694cd', '39b4c07e-c09f-4c5b-b6d5-09cb2bc63a1a', 'CLA_ALL'),
('c1231055-55a5-4970-a0e0-a89a41dc0ebc', '91b091db-ca47-4030-9a72-1932bf10f53f', 'SCO_ALL'),
('c1393060-df68-4579-8dbb-f361f8bece22', '594e04f4-16de-4ced-9483-c6ee0a226902', 'CLA_ALL'),
('c1448063-37fa-4ad4-850c-447ff337b18f', 'c7a14517-eb14-4c8f-b1e7-e9aec175672e', 'SCO_ALL'),
('c1579a93-67bf-45ed-8c27-c0fc6eb2a30f', 'b57476c8-2af5-4bc1-9ac8-af3a207639c1', 'SCO_UPD'),
('c183e644-a76c-4dff-bb6e-1b03b15d47d4', '8c10cc7d-0bb5-4fdb-8e06-18efed42a904', 'CLA_SUB'),
('c18d1700-19dc-4711-adfb-f3f79c7278de', '9c3e1c4a-7dd8-40ad-8934-ddf59fe82a77', 'CLA_SUB'),
('c190e039-3b58-452f-aa51-352a038519c7', 'a6df08dc-ca7f-43b0-a159-d8b0cebaab37', 'CLA_SUB'),
('c20e441a-aabb-4a21-b600-ffb14b127913', '4241a537-b62a-4f0b-9bb7-864b900f570b', 'STU_ALL'),
('c2109663-8c52-4264-8e8c-cdc9753f3d83', 'f9872086-af68-4525-861d-dbc73c470f84', 'SCO_UPD'),
('c22c6ef3-578c-4739-8cff-031274a7d7f4', 'f14bda82-b18a-4a45-871b-06d7a2b71ac9', 'SCO_UPD'),
('c22ccf84-8547-44ba-b295-5d0c0b5deec3', 'df7bd63f-d340-4948-9ac6-0d17f8f92ded', 'SCO_ALL'),
('c255eb4d-bf2a-4bbb-805d-a6c8e8502253', 'a1227a08-c6c5-4449-a911-3e04852ea7c6', 'REV_REP'),
('c2880850-ee70-48ac-9fdf-d8418967bca2', 'e3201e1b-eb3b-48ec-895a-344e3c677009', 'STU_UPD'),
('c2daec2d-8a27-4ccb-bf43-de5c67f540ef', '539d9521-a901-4ea7-ab2a-2efcb15eb759', 'CLA_SUB'),
('c32468b3-083e-44a6-9a21-9df0189e483d', '39b4c07e-c09f-4c5b-b6d5-09cb2bc63a1a', 'SCO_ALL'),
('c3262758-204d-476f-9315-3047bf3f95ae', '3118eca6-7b6b-421f-99d6-2b6586a42115', 'CLA_ALL'),
('c367d006-30e1-4c96-8744-4e3b19c5e4a8', 'fe6acd7a-bb3e-4a25-bbd6-64a4093b1d08', 'CLA_STU'),
('c36d65d1-8663-444b-a3b6-948e7b22dd2f', '4f906ade-01c8-4034-b621-b15738461180', 'SCO_ALL'),
('c381847c-dcdb-4e14-94a3-09932f1e93e9', '91b091db-ca47-4030-9a72-1932bf10f53f', 'VAC_ALL'),
('c486e807-4068-43a5-ae4d-8150c21a221e', 'fe6acd7a-bb3e-4a25-bbd6-64a4093b1d08', 'LEC_UD'),
('c52f9a34-a384-4583-959e-d353952aba95', 'fe6acd7a-bb3e-4a25-bbd6-64a4093b1d08', 'SCO_ALL'),
('c538ca27-c598-4c16-b1be-35626b86d582', '03f813ca-6012-40e2-b9a5-62c9c0021428', 'LEC_ALL'),
('c57b7128-9cdd-43a9-9f7d-50f2ab68867e', 'd6e8f41a-0680-4923-be59-fd9ce02c847d', 'SCO_UPD'),
('c58bad04-b4fe-453d-a6b1-296adfe71ed2', '43321715-fe6a-458b-9d5e-ce92d253495e', 'SCO_ALL'),
('c5eed357-2c8d-4223-a4af-edebd5045bed', '08457dd3-daab-4af5-b7b3-73646da0f89c', 'CLA_SUB'),
('c5fbd7c2-54c1-43c8-b235-54f20b6cc702', '927fa3f6-d188-496c-975f-b166409261cc', 'SCO_UPD'),
('c62202f5-fe58-4667-be64-2bbc6671f55e', '1ed038a4-3856-4847-a131-c60d94862f32', 'SCO_UPD'),
('c63bea32-0f45-4875-bb9b-26a2eebea349', 'dbdf19be-81f3-4630-8e9a-b897d82a194b', 'SCO_ALL'),
('c63d5ae0-5f48-4f25-9e7b-09eff003af82', 'd6bf7cca-e9bd-48be-921e-b4a13601c912', 'CLA_STU'),
('c649c3ba-c194-4936-81e5-c13cdb068e2c', '1bfe8257-163e-43fb-9d08-cf2f96dbba55', 'SCO_UPD'),
('c68d6bb1-3c49-42a9-8c28-938f9d0246c8', 'e8f63bcb-4e40-4548-b874-8641c35f484d', 'SCO_UPD'),
('c69b6366-ce98-405a-a5ba-e4422852574a', 'dedb95db-ee1f-4ed8-838b-41717e8b5581', 'VAC_ALL'),
('c6b4860d-97ae-4094-96ca-0565b220677b', '680b3f8a-22c9-4770-8763-71a17371790c', 'STU_ALL'),
('c6e2196e-5966-49b7-9237-b346717d00a0', 'e8f63bcb-4e40-4548-b874-8641c35f484d', 'VAC_ALL'),
('c6f7b992-66e6-43af-97a8-bd62ca91a0c3', '5d8be887-a08c-47db-bcf8-9032102a3b95', 'CLA_ALL'),
('c7136fbf-c7be-4c2c-ad89-56bac811ff75', '1f959b62-ef15-4b00-a07b-a59ca4db2b22', 'CLA_ALL'),
('c7500499-1b71-46eb-b266-bc7783d3b248', '0731148d-1cc8-4049-ae47-7dc54f3f4e1b', 'SCO_ALL'),
('c76af4f5-c169-4b47-824a-46e8c19a29cc', '099e1c0f-8e92-4ff1-945f-30270013e1fe', 'CLA_STU'),
('c7836e97-cdb8-4ce5-b759-0d685cbdc908', '07a7d676-6836-4cfb-b720-75942355ddc2', 'CLA_ALL'),
('c7beb759-2c2d-4e87-85ac-8aef4023fcb9', '1ed038a4-3856-4847-a131-c60d94862f32', 'CLA_SUB'),
('c7beea0a-0939-4583-ac7d-48011371ba1c', '53ddb719-1f24-45c2-9560-f4efd5bbed5a', 'CLA_STU'),
('c7c5eb24-598b-45b7-9c07-2f45a156e878', 'b57476c8-2af5-4bc1-9ac8-af3a207639c1', 'CLA_ALL'),
('c7e6ef6f-72c6-4ccf-95e5-a1a58028939b', 'a59ffb9c-b7a1-4f49-8cc4-5bbf13adafcf', 'CLA_SUB'),
('c809de8e-4985-4f0e-8816-8dfc1d16e376', '51d3c309-94a7-4b8c-b392-f68a16892032', 'SCO_UPD'),
('c80a21b0-f638-4832-a7a9-54888867e3c9', 'd6bf7cca-e9bd-48be-921e-b4a13601c912', 'SCH_ALL'),
('c81236df-2bee-4c63-8a1c-2f8a94a26b98', '765f67f5-7a59-4118-8704-c13ce3b3c891', 'CLA_STU'),
('c88938cb-1aea-4f5e-bd58-dc72bd834130', 'c50d257b-de06-4768-a7e2-fef8013c4a68', 'SCO_ALL'),
('c89b83a2-b7f1-482a-b793-340c462ac9d2', 'b0391c32-ddaf-426c-8e0a-1d385839fdf7', 'CLA_SUB'),
('c8ae1593-14d9-4481-949b-ce9f6af0526f', '2680459f-69f3-48bb-97d7-2128b2323bcd', 'STU_ALL'),
('c8b54485-833b-4123-a121-fb4b42e2c14f', '496276d6-f8f5-4f81-8a1c-fe8d4bfcec2e', 'SCO_ALL'),
('c8fb9a6b-624b-4909-a1fd-5a47168d8742', '680b3f8a-22c9-4770-8763-71a17371790c', 'STU_CEL'),
('c8fcdba2-5095-4d15-ba45-ce306287027c', 'e13d5f81-8e82-42e6-9236-7e22efa95adf', 'CLA_ALL'),
('c96cacf4-089e-45e9-9bfc-92e468e18faf', '41208dac-aa22-41ed-85f2-44739459f61a', 'SCO_UPD'),
('c983e7a0-e151-4862-913d-eb098708d4eb', '3118eca6-7b6b-421f-99d6-2b6586a42115', 'SCO_ALL'),
('c9cfbe2a-123a-4115-bb0a-97990e04c967', 'c9b80ec4-2c0d-4db3-8b17-87ba9131e49f', 'CLA_SUB'),
('c9d2d7bd-79ef-4a34-a4ea-b11756517b6f', '1a778b97-5a6b-4947-9371-365a7b4e28f7', 'CLA_SUB'),
('c9e10386-b8f8-4459-a591-49ff3a45c3cb', '5d8be887-a08c-47db-bcf8-9032102a3b95', 'CLA_SUB'),
('c9e39d6f-9ff3-4081-aa34-b6574fca8f8e', '60908191-db55-418d-a88a-859c30d2420d', 'SCO_ALL'),
('c9f569f3-2d71-400e-bff6-89c7b30df0d7', 'c9b80ec4-2c0d-4db3-8b17-87ba9131e49f', 'VAC_ALL'),
('ca6219e7-49aa-4390-a919-f471e4d77770', '32c07c48-b023-457a-9f3f-0cd6aed220b9', 'CLA_SUB'),
('caa058fd-6b88-4fa5-b272-23e05645737f', '547fa92b-cd78-4f7b-b37e-3a26e0f0a00d', 'SCH_ALL'),
('cac17edd-3708-4a35-8940-70b1e024b580', 'c5daf0b9-b664-4117-8a6a-657bb79fe4cc', 'CLA_SUB'),
('cb0d8d74-a5b3-44b3-9232-f845fd08449b', '73b8bec5-b7aa-4930-b748-366c68a4f3c9', 'SCO_ALL'),
('cb3cddf3-d5ea-48fd-a6eb-7ef7c6bfccb4', '890e9b20-041a-44ec-9929-c72f0bfec484', 'CLA_ALL'),
('cb3d095f-04ed-4941-b364-eb31c3514223', 'df7bd63f-d340-4948-9ac6-0d17f8f92ded', 'CLA_SUB'),
('cb5437ba-c9fc-40b5-b0dc-79620bd783be', 'c5daf0b9-b664-4117-8a6a-657bb79fe4cc', 'SCO_UPD'),
('cb792f2b-4905-4b7f-b81c-117523a9b413', '59e17975-beb5-45c2-9d48-de3809532d7b', 'VAC_ALL'),
('cbd2479d-91d8-4226-98e8-b7a4728624a3', 'c9985a45-22f0-4992-9774-12694de33893', 'CLA_ALL'),
('cc4b9064-6917-4cbb-b18a-d5317797869e', 'dedb95db-ee1f-4ed8-838b-41717e8b5581', 'SCT_ALL'),
('cc4f89e5-68b6-4ca4-9156-b510d102e9ea', '21dfd738-8427-4dbc-b2c1-802d8184ac95', 'SCO_UPD'),
('cc77de66-d6b7-40eb-a5f9-9d3ab6d79da8', 'c32975ba-125c-45fb-a647-cb1b5c2ba8ff', 'CLA_ALL'),
('cc8683b1-9d8e-4b62-8dcb-187257a957ab', '39b4c07e-c09f-4c5b-b6d5-09cb2bc63a1a', 'SCO_UPD'),
('cc8ecd49-3294-465f-8cf1-6ed28cdb0dad', 'd63eb2b0-8f0f-435d-93bb-b164fbff9958', 'CLA_ALL'),
('ccbd1a5d-4a86-497b-8a5b-c7079572a1a8', 'd18f007b-5233-4147-ae72-565b88042b54', 'CLA_SUB'),
('cd4b2a92-eb57-472a-85ed-66bc023cb805', '1ed038a4-3856-4847-a131-c60d94862f32', 'SCO_ALL'),
('cdd8933e-32a3-49fa-90ce-c6be45a918cc', 'a78795ca-90dc-4307-9e8a-a52589f98b22', 'CLA_STU'),
('cde231c2-5682-4df6-a551-91249adbcbd0', '64f540d3-7bc8-4755-8b86-563285f4796f', 'SCO_UPD'),
('ce0b4992-3164-4019-ae1a-46dd648fb650', 'fe6acd7a-bb3e-4a25-bbd6-64a4093b1d08', 'SCO_UPD'),
('ce38290a-ed1c-4faa-b167-d47ef5e98a65', 'afb1906d-7db9-4049-b560-ad766e4cf14b', 'CLA_SUB'),
('ce525005-5bb2-4ec0-9fce-04b15a19111b', '539d9521-a901-4ea7-ab2a-2efcb15eb759', 'CLA_SUB'),
('ce6cc3cd-3b68-4aca-a0c4-8b47ab9de133', 'fe6acd7a-bb3e-4a25-bbd6-64a4093b1d08', 'USE_UPD'),
('cea30016-cdc0-4a9b-9bcf-28cac917c539', '906fb313-2372-4a5b-a044-402c1de2c16e', 'SCO_ALL'),
('cec0c003-33a9-46d1-bb35-f1dbf23dd405', '59e17975-beb5-45c2-9d48-de3809532d7b', 'CLA_ALL'),
('cf077770-b5b9-4325-a792-f0593b5b02ce', 'af85528c-031b-44d7-ba74-f02350e9f4fc', 'SCO_ALL'),
('cf41c903-5df2-4f51-beb0-7b057cd4074c', '539d9521-a901-4ea7-ab2a-2efcb15eb759', 'VAC_ALL'),
('cf49f14b-284a-43c0-ac54-d98b9e116f67', 'c50d257b-de06-4768-a7e2-fef8013c4a68', 'VAC_ALL'),
('cf61cd3e-647d-40be-9509-ffb8e16dad51', '0731148d-1cc8-4049-ae47-7dc54f3f4e1b', 'SCO_UPD'),
('cf70963f-5d96-42af-a970-fc8443337e5c', '239300b2-4872-45ee-afde-5dc15d7f2fac', 'CLA_STU'),
('cfcbaed0-99cf-4ddc-9832-2b4d43e7d5f9', '64f540d3-7bc8-4755-8b86-563285f4796f', 'VAC_ALL'),
('cfd14435-4f29-48fa-8740-b28dcff5fd54', 'c6e20fb5-6a54-4eeb-9bb4-69abf9418dcc', 'CLA_SUB'),
('d0080a8e-85f9-441b-a65e-5f867472793c', '67beef80-9f11-4e42-82ce-3af8e6b7a97b', 'CLA_SUB'),
('d054a499-f63d-4276-9699-5d644655c4b5', '41208dac-aa22-41ed-85f2-44739459f61a', 'CLA_ALL'),
('d060a854-ca0a-4ae2-8016-5c3a2081fc6f', 'c210f0c1-26eb-49e2-b76c-bd705942272c', 'CLA_ALL'),
('d060e266-1ea4-48bc-8dc4-cb56924107c1', '655c18b1-09b4-4968-ac98-f018b7bd04ec', 'CLA_ALL'),
('d06a7af6-e742-4264-9828-e6c9afbb6231', '927fa3f6-d188-496c-975f-b166409261cc', 'SCO_ALL'),
('d0cc37f0-faf0-4527-afd0-d5b5a72a9595', '07a7d676-6836-4cfb-b720-75942355ddc2', 'SCO_UPD'),
('d0d3feba-260f-4375-af17-e64bb5aa559b', 'f8f1a8f2-92c8-462b-8a0f-4c4147aeaba9', 'CLA_SUB'),
('d1596246-1ede-46e6-9d1b-2bc8ebaccb40', 'b6fe65c8-6c15-434f-8051-25465834ea4d', 'CLA_ALL'),
('d16845f5-48c5-4fb1-8439-335c5c5891db', 'dedb95db-ee1f-4ed8-838b-41717e8b5581', 'CLA_ALL'),
('d18a4171-9bf5-41a1-90e5-8a5fa3093a0b', '42b80b43-d2cf-413a-bfc3-4f4e5902cf8c', 'SCO_ALL'),
('d1cd36ff-d5cf-4bc7-a7d8-959d4f2a0018', '9c3e1c4a-7dd8-40ad-8934-ddf59fe82a77', 'SCO_UPD'),
('d225968e-6f50-43e6-a3dd-af84cb9022da', 'bf54b8fd-8a7c-4a93-acb2-a38aa7f07128', 'CLA_SUB'),
('d22f2645-63f4-4ea5-adb2-03786230d273', 'a2066252-2e50-4001-a628-eb2d0948d924', 'SCO_UPD'),
('d265ca5a-9cef-4a60-8e3d-c8a403f403d8', '70040c21-1fdf-47f8-9c90-b11d07c01333', 'VAC_ALL'),
('d2995b3b-41b1-46b7-b37e-102bee9861f7', '39b4c07e-c09f-4c5b-b6d5-09cb2bc63a1a', 'VAC_ALL'),
('d3069eca-8de1-4f1a-b73b-c4b820b911cb', '83b5c413-dad9-4474-8b30-d0b680d6057a', 'VAC_ALL'),
('d34e2a1f-ccc8-4dc3-8e89-e898aaed38de', '64032660-ceaa-4412-847c-d8fd1a470391', 'SCO_UPD'),
('d36b1902-44ba-49bb-be58-69fffdea805c', '4a5ffc19-eabc-427a-b352-06d4db378f43', 'SCO_ALL'),
('d377069b-82e2-42ae-912b-20bbf70516d9', '51d3c309-94a7-4b8c-b392-f68a16892032', 'CLA_ALL'),
('d39d10e3-4113-4985-a64b-d9944f6461bc', '01c39718-f10b-42d5-9f46-55ec8d56e862', 'SCO_UPD'),
('d3a8fd1c-01fb-4b38-83bf-b2aec81dd410', '5d8be887-a08c-47db-bcf8-9032102a3b95', 'VAC_ALL'),
('d405794f-5286-4e64-ac52-e4098341e8a9', '57fc5198-3413-492e-b93e-070787dad7de', 'CLA_ALL'),
('d42c6913-3999-425d-b040-f1e1841e4074', 'c1936cca-afbb-43c9-b649-da866caf898a', 'VAC_ALL'),
('d45e9e50-d370-409d-8e42-26877c732aa4', '34c649d5-b928-4798-9e60-8036cdc56c14', 'CLA_SUB'),
('d4a14314-c4f9-467e-bf03-3f00a67d46c7', '6b0364aa-bb37-4490-96ea-a7b13d340d6b', 'CLA_SUB');
INSERT INTO `rc_account_permissions` (`account_permission_id`, `account_id`, `permission_code`) VALUES
('d4d65bef-d907-4650-947f-ed263b83087f', '099e1c0f-8e92-4ff1-945f-30270013e1fe', 'SCT_ALL'),
('d4f8e1c6-a7ef-4ff0-8ae5-b914c53cdf74', 'cd4546f0-d60a-422d-9cc9-91d02aad7bf1', 'VAC_ALL'),
('d51f81f2-abc5-4f5c-a22c-6b4968db48ef', '64032660-ceaa-4412-847c-d8fd1a470391', 'CLA_ALL'),
('d52ebf72-7434-4397-ac5b-e356e02271db', 'ad992f74-9cf8-4b3e-9c7a-07a39e24e8b9', 'CLA_ALL'),
('d5479d7e-ba68-41ad-8e53-a8b4f37b05a4', 'c9b80ec4-2c0d-4db3-8b17-87ba9131e49f', 'VAC_ALL'),
('d6553643-ffbe-4348-b4f8-2d0bfdac6143', 'f5527519-1bda-485c-83d3-0fe65c968212', 'CLA_SUB'),
('d6b9a2df-b931-41ec-bcf5-2c5a7bf14976', '8c846fb5-71a5-4a5c-b472-53c9f1ce9f3e', 'VAC_ALL'),
('d6e329a4-5722-402e-9ce6-97983e58cb6e', '7ce98ce1-22e8-4f94-ad07-3d5bb61e1a22', 'CLA_ALL'),
('d6e5f203-66a9-4568-8704-273530c0a39e', 'f14bda82-b18a-4a45-871b-06d7a2b71ac9', 'VAC_ALL'),
('d7069a61-08a0-4194-8ccd-0e76ed68f8a9', '44397288-3038-45dc-a0ee-c2e0a8aa6199', 'SCH_ALL'),
('d739e6ff-e33d-4cc6-97e1-7a9838a3629b', '39b4c07e-c09f-4c5b-b6d5-09cb2bc63a1a', 'SCO_ALL'),
('d75d4e7b-a12d-418d-98a8-cf23783c465e', '680b3f8a-22c9-4770-8763-71a17371790c', 'CLA_ALL'),
('d7638d25-2481-4e20-a84b-d7ae47920717', '239300b2-4872-45ee-afde-5dc15d7f2fac', 'SCT_ALL'),
('d7645438-4389-4606-8fb6-8ed1dd78cc9b', 'df7bd63f-d340-4948-9ac6-0d17f8f92ded', 'VAC_ALL'),
('d7699e07-5268-4b90-84e4-6805780d33eb', 'c9985a45-22f0-4992-9774-12694de33893', 'SCO_ALL'),
('d77e9a69-7cd4-4480-8e18-0c425c59415c', 'd6e8f41a-0680-4923-be59-fd9ce02c847d', 'CLA_ALL'),
('d7afd016-702c-4d7e-adaa-c1c33547b0b5', 'fd6e2fd9-04b0-4ff0-94b2-9e79b28c5503', 'CLA_ALL'),
('d7b8904f-bb43-456f-9543-e97552d8e1a5', 'df7bd63f-d340-4948-9ac6-0d17f8f92ded', 'SCO_ALL'),
('d7c354c8-efd2-4ffd-b1be-7aa63f300bf1', '2590b1e6-25bf-4f6e-9a41-344b547d34a2', 'CLA_ALL'),
('d7c7eb04-b9d7-483c-a167-0746af42cb64', '496276d6-f8f5-4f81-8a1c-fe8d4bfcec2e', 'CLA_SUB'),
('d7cc91f4-fdae-4f83-91bd-5cbd9bcbb7a7', 'c210f0c1-26eb-49e2-b76c-bd705942272c', 'SCO_UPD'),
('d83130d0-7726-4139-b96b-4d30e89286ee', '82be5c71-fbbd-4cef-b963-4f55f238ae9b', 'CLA_ALL'),
('d856d4d1-027d-46eb-83b1-081f3dd8119b', 'd6bf7cca-e9bd-48be-921e-b4a13601c912', 'VAC_ALL'),
('d883a7a5-6287-4886-a961-e2981e69d8cb', 'dedb95db-ee1f-4ed8-838b-41717e8b5581', 'SCO_ALL'),
('d887c72f-a884-4291-a4f5-746e7c507cce', '4a152bba-3e31-4694-86b9-eb67fbee55f4', 'CLA_ALL'),
('d8cedd84-74ef-42f8-8afc-dd0bf38575be', '60908191-db55-418d-a88a-859c30d2420d', 'CLA_SUB'),
('d904ec58-e2e3-413b-b987-d072bc58ebfc', '1cc222d7-d6ee-4509-a7ab-19e369b03281', 'REV_REP'),
('d9213270-6901-476e-82a1-7882ccbe83f4', 'a16fe72d-e6df-4fa7-8a53-43325fde0034', 'SCO_UPD'),
('d96d031c-f503-4107-bc13-650d67861097', 'b0391c32-ddaf-426c-8e0a-1d385839fdf7', 'CLA_ALL'),
('d9bbad46-9a67-4e6b-81c0-3c912d2c607f', 'c32975ba-125c-45fb-a647-cb1b5c2ba8ff', 'SCO_ALL'),
('d9c7a560-be18-47f7-a8b8-3f275b148e75', 'f9872086-af68-4525-861d-dbc73c470f84', 'CLA_SUB'),
('d9d49983-1396-4d84-8f31-10dc3b4b005e', '34c649d5-b928-4798-9e60-8036cdc56c14', 'SCO_ALL'),
('d9de33fb-8af6-4e06-81d2-0515e7a39944', '565174ac-4908-4b17-8149-cb6bc5f47608', 'CLA_ALL'),
('da223abe-6414-452f-a86b-72f5c9ab16f6', '53ddb719-1f24-45c2-9560-f4efd5bbed5a', 'CLA_ALL'),
('da32d791-f3bc-4984-b09a-93995b912bb2', 'ad5e9f9d-e982-423a-bc94-21022525aa48', 'CLA_SUB'),
('da421b6f-0d91-4ab3-a49f-9a6687196f58', '21dfd738-8427-4dbc-b2c1-802d8184ac95', 'SCO_ALL'),
('da70df65-5146-4e19-bdf1-9733de4db828', '83b5c413-dad9-4474-8b30-d0b680d6057a', 'SCO_UPD'),
('da949867-22f2-4525-9324-88c8f676d7db', 'ec9c6e58-98ae-4696-a783-bd94b1206159', 'CLA_ALL'),
('daa08aca-05b6-4971-a646-e4014eda8d91', 'ad992f74-9cf8-4b3e-9c7a-07a39e24e8b9', 'VAC_ALL'),
('db656d82-96fa-4559-8b4b-e34ce5f962da', 'c32975ba-125c-45fb-a647-cb1b5c2ba8ff', 'SCO_ALL'),
('db7e54d9-7571-4ee6-a06e-3076ca7ec954', '64f540d3-7bc8-4755-8b86-563285f4796f', 'SCO_ALL'),
('db839ed3-20a2-431f-8c7c-b2dfef49e3b8', 'c32975ba-125c-45fb-a647-cb1b5c2ba8ff', 'VAC_ALL'),
('db8e1e59-cebe-4f23-806e-4b112fd5c42e', '7453bb69-00cd-448e-a1f9-5d74a8fd2a86', 'CLA_SUB'),
('dc3f4ed2-f238-45a9-99cd-bcdb53c4f71a', '906fb313-2372-4a5b-a044-402c1de2c16e', 'SCO_UPD'),
('dc8526ae-78a1-4299-8d55-62dd3b395b4e', 'fe6acd7a-bb3e-4a25-bbd6-64a4093b1d08', 'LEC_ALL'),
('dccfbb02-3dbe-4413-81a0-ebc4d89c38d6', '1ed038a4-3856-4847-a131-c60d94862f32', 'SCO_ALL'),
('dd26febd-d886-4645-97d9-f1b7a554930a', 'd6bf7cca-e9bd-48be-921e-b4a13601c912', 'SCT_ALL'),
('dd2edf00-ecb9-4003-ba15-3041bd8645cb', 'f9872086-af68-4525-861d-dbc73c470f84', 'VAC_ALL'),
('ddb48257-8391-4cba-8434-663d825d8032', '1f959b62-ef15-4b00-a07b-a59ca4db2b22', 'CLA_SUB'),
('de358149-b1ef-49d3-bcb5-02f7f6576c48', 'cd4546f0-d60a-422d-9cc9-91d02aad7bf1', 'SCO_ALL'),
('de7965d0-2cd3-41fe-a39e-d1e0a422c10b', '5b646be2-9f65-4ef2-9e1e-e42438fb83fa', 'CLA_STU'),
('debd2f30-bdb0-41fd-963c-3fc9dd263576', 'a1227a08-c6c5-4449-a911-3e04852ea7c6', 'CLA_ALL'),
('def0cc3c-d6b0-46b4-868a-f59fbe84cb16', '239300b2-4872-45ee-afde-5dc15d7f2fac', 'SCO_UPD'),
('defc45ad-ce0e-475a-b65e-270a936b67da', '67beef80-9f11-4e42-82ce-3af8e6b7a97b', 'SCO_UPD'),
('df29b897-fae2-4eed-b042-47cd8a1f3f9b', 'dbdf19be-81f3-4630-8e9a-b897d82a194b', 'SCO_ALL'),
('e031978a-bd5d-44d2-b8dd-0245f1005fa8', '3cd9e96e-93c6-4093-a8e6-a6afd75bd45c', 'CLA_SUB'),
('e0703e86-0f41-40b4-8fe2-247ed2cdd6ec', '08457dd3-daab-4af5-b7b3-73646da0f89c', 'SCO_UPD'),
('e08fe087-1f6d-483f-aeea-e5ac96cdfecf', '03f813ca-6012-40e2-b9a5-62c9c0021428', 'CLA_ALL'),
('e126e98b-30ef-4de2-a89a-22ae5da60501', '9c3e1c4a-7dd8-40ad-8934-ddf59fe82a77', 'CLA_ALL'),
('e12e491b-d53d-4c1c-a1b1-e260348c1742', 'a511d038-3223-4995-8ae8-8ecd917b57eb', 'CLA_ALL'),
('e17de875-371e-4283-b812-ab90f5d7f0ce', 'ba675915-419a-4954-a71e-9ff45a166c2a', 'CLA_STU'),
('e1aedf31-a8f2-4cad-8ee8-ad513031e5a0', '9d52e8ad-fb93-40fd-a888-461af5d258e4', 'SCO_UPD'),
('e1cb31d3-5ba1-44bd-aa41-62643ec34313', '5617956e-3643-4559-91a3-46793211d7b3', 'SCO_UPD'),
('e1e474fe-91d3-427e-9ca8-1584f5728a57', '1f959b62-ef15-4b00-a07b-a59ca4db2b22', 'CLA_SUB'),
('e1ec22e1-d50f-43d3-87a8-a0a43423f997', 'c6e20fb5-6a54-4eeb-9bb4-69abf9418dcc', 'SCO_UPD'),
('e2117161-c6c1-45f2-8d96-1d9c336ee4ca', 'e8f63bcb-4e40-4548-b874-8641c35f484d', 'CLA_ALL'),
('e2210ae3-258f-4612-8fb9-717da43eff82', '1a778b97-5a6b-4947-9371-365a7b4e28f7', 'SCO_UPD'),
('e23f05bc-043b-4360-8f4b-1d51083d60c3', '64f540d3-7bc8-4755-8b86-563285f4796f', 'SCO_ALL'),
('e25f552f-8696-4379-8541-91993af9d5ed', '239300b2-4872-45ee-afde-5dc15d7f2fac', 'CLA_ALL'),
('e276391d-75eb-4b2a-8a81-dde090c216f0', '73b8bec5-b7aa-4930-b748-366c68a4f3c9', 'CLA_SUB'),
('e2c298ef-f48d-4553-bdde-2709958666ff', '37ecc0f7-99fa-4205-ab8b-12bc0ee6d16d', 'CLA_STU'),
('e2cb222a-3a20-48cb-a6b6-f43e2440f0db', '0d1cb7e1-a5be-4b8b-8d7c-fbe90db3db1b', 'SCO_UPD'),
('e2d3839c-834f-45a5-95f5-90f4b6554a20', 'e8f63bcb-4e40-4548-b874-8641c35f484d', 'SCO_ALL'),
('e2e003da-509e-4e6f-9872-c6ae2f881b63', '44397288-3038-45dc-a0ee-c2e0a8aa6199', 'CLA_SUB'),
('e2eb5e9d-81d5-401d-8c14-f7129474acf8', '594e04f4-16de-4ced-9483-c6ee0a226902', 'CLA_ALL'),
('e2ff3f1f-2f8c-44ae-8ff2-f472bc18046b', '4a5ffc19-eabc-427a-b352-06d4db378f43', 'SCO_ALL'),
('e313da47-9a65-4bd7-9ae0-f5b77c8644e6', '6b0364aa-bb37-4490-96ea-a7b13d340d6b', 'CLA_SUB'),
('e31dc508-c4c7-48ee-8b69-46f122973471', '8c10cc7d-0bb5-4fdb-8e06-18efed42a904', 'SCO_UPD'),
('e383efe1-d67a-4593-ba58-21ea058abf18', '9e86052f-9ffc-4ef6-a25e-c7b4b884ea8a', 'SCO_UPD'),
('e3884149-52a7-4ba8-87ae-e7e13a0c5094', 'b7783270-41bc-4966-870a-ff1e18a15e63', 'VAC_ALL'),
('e3d01823-fd96-4a41-b003-bf8e76479da0', '15ad579e-3951-4a27-a793-b9bb68758113', 'STU_ALL'),
('e3daadee-7e43-4226-890a-3ef40cec806c', '4755a697-7a81-487f-964c-749817bf4d3e', 'CLA_ALL'),
('e3f35bba-9146-48c2-b812-9beae8341378', 'c6e20fb5-6a54-4eeb-9bb4-69abf9418dcc', 'VAC_ALL'),
('e425b92f-2cac-49b1-8dde-4c7bd1ad89bb', '539d9521-a901-4ea7-ab2a-2efcb15eb759', 'CLA_ALL'),
('e43b2a9f-fe75-4615-ab0e-67411e1ef2f9', '891bc19c-225a-4464-b802-662e7c87c32e', 'SCO_UPD'),
('e4692eeb-930a-4bb4-8ac1-2822a387d6a0', '43321715-fe6a-458b-9d5e-ce92d253495e', 'CLA_ALL'),
('e47d7518-7826-4359-ad7e-5f7edb17c483', '7453bb69-00cd-448e-a1f9-5d74a8fd2a86', 'CLA_ALL'),
('e4a109a7-d214-4b00-9ccf-9c65ca21002e', 'f14bda82-b18a-4a45-871b-06d7a2b71ac9', 'SCO_UPD'),
('e4c757a5-0f39-407d-ac54-205b0307bdfe', '6895b0d7-e390-48c5-a697-b55e657fde8d', 'CLA_ALL'),
('e4c85b8f-aa91-40a7-9abd-3493ce77bf7f', '8356355b-c00c-459a-ada2-f18b09a7ad28', 'SCO_UPD'),
('e4f7fd3d-847b-447a-bc65-81ef83e17b66', 'c7a14517-eb14-4c8f-b1e7-e9aec175672e', 'CLA_ALL'),
('e555b03c-ebc0-4201-812e-b50972646f38', 'fe6acd7a-bb3e-4a25-bbd6-64a4093b1d08', 'CLA_SUB'),
('e55d38ff-fced-408a-a492-4ee60f64ab29', '9d52e8ad-fb93-40fd-a888-461af5d258e4', 'VAC_ALL'),
('e564c7c5-2203-4de7-bb47-c0b47c20af5c', '83b5c413-dad9-4474-8b30-d0b680d6057a', 'SCO_ALL'),
('e5b2b8be-67ab-4a2f-a68b-9a552f01f576', '91b091db-ca47-4030-9a72-1932bf10f53f', 'SCO_UPD'),
('e600b6bf-0187-4c83-a842-7a236ed5515f', '3b80293e-bc6d-4061-9cde-cfbf0693aed0', 'SCH_ALL'),
('e600dca6-aa86-4abc-b18c-517b77308ba9', 'c5daf0b9-b664-4117-8a6a-657bb79fe4cc', 'CLA_ALL'),
('e60a7162-d7cb-4cd2-9efa-5146caf23103', 'bf54b8fd-8a7c-4a93-acb2-a38aa7f07128', 'VAC_ALL'),
('e60f6abb-1b35-42fa-9aa4-995d4cd16185', 'b7783270-41bc-4966-870a-ff1e18a15e63', 'CLA_SUB'),
('e60fa8c2-e177-4798-8a55-5aeccd83e716', '9e86052f-9ffc-4ef6-a25e-c7b4b884ea8a', 'VAC_ALL'),
('e613785b-a9d0-4fee-8833-f3381b0d4f18', '83b5c413-dad9-4474-8b30-d0b680d6057a', 'CLA_ALL'),
('e64614a3-0a7f-4cf5-80bf-2d7bc38cf96f', '70e4b7a6-f9fa-4427-bca0-a5957463dcc7', 'STU_ALL'),
('e64be3c0-aff4-4cac-ae29-82454ed5fde2', 'c50d257b-de06-4768-a7e2-fef8013c4a68', 'CLA_SUB'),
('e6f2c5d0-3b81-4e4c-8e76-2062e385cff3', '099e1c0f-8e92-4ff1-945f-30270013e1fe', 'STU_ALL'),
('e6fb77c1-0ed1-45de-8953-6640e8b699cc', '5b646be2-9f65-4ef2-9e1e-e42438fb83fa', 'SCO_ALL'),
('e70ffcbf-e44d-479a-b8ca-d7a31a224e59', 'd63eb2b0-8f0f-435d-93bb-b164fbff9958', 'SCO_ALL'),
('e78867ff-6b1d-4b22-bc54-0dfdd5bb8ea1', '83b5c413-dad9-4474-8b30-d0b680d6057a', 'SCO_UPD'),
('e7a195de-1c6a-4cdd-9f1b-a03a225da564', '890e9b20-041a-44ec-9929-c72f0bfec484', 'VAC_ALL'),
('e7ac9a4b-127c-4c2b-ad65-b1f08f8c9036', '1bfe8257-163e-43fb-9d08-cf2f96dbba55', 'VAC_ALL'),
('e7eb10fc-4ba0-4160-9868-753bd42a06ca', '6b0364aa-bb37-4490-96ea-a7b13d340d6b', 'SCO_UPD'),
('e80114f9-9f60-4751-8185-e5faa049b813', 'e3201e1b-eb3b-48ec-895a-344e3c677009', 'CLA_SUB'),
('e8100e71-85e0-460b-a103-327e4134518c', '21dfd738-8427-4dbc-b2c1-802d8184ac95', 'VAC_ALL'),
('e86c3094-3a49-4666-bdba-d266dfb5df0b', '82be5c71-fbbd-4cef-b963-4f55f238ae9b', 'CLA_SUB'),
('e882c434-6330-4120-8fa4-1d82d88a50b6', '1a778b97-5a6b-4947-9371-365a7b4e28f7', 'CLA_ALL'),
('e8dd7643-34b4-452f-82ca-0804af82679b', '59e17975-beb5-45c2-9d48-de3809532d7b', 'SCO_UPD'),
('e8e96941-ed52-49d2-b3b6-b79de4196fc4', 'c601d902-0618-49a4-b4a8-a1dc037ac4f5', 'CLA_ALL'),
('e98c0e35-445a-4293-9c3b-364cd347485c', '2ab74578-80c9-4918-a4ef-3fe87541bf9e', 'CLA_ALL'),
('e99e07a7-082f-4002-97ca-5806de74ebf7', '41208dac-aa22-41ed-85f2-44739459f61a', 'SCO_ALL'),
('e9e86c6c-e87c-432e-aa9c-e044dcdb9958', 'e3201e1b-eb3b-48ec-895a-344e3c677009', 'SCT_UPD'),
('e9f8bc06-0bc6-4139-9152-90cfb9d15cf9', 'ad992f74-9cf8-4b3e-9c7a-07a39e24e8b9', 'SCO_UPD'),
('e9fe470c-6f1d-4ec9-9b5c-4dd66c051de8', '312faa0c-598e-4833-9989-35928b405dac', 'CLA_SUB'),
('ea3853a2-78b8-48a9-8a38-7afddc82eb0b', 'f5527519-1bda-485c-83d3-0fe65c968212', 'CLA_ALL'),
('ea66f3a2-7d67-4ec1-ae76-aa8495e380a9', '59e17975-beb5-45c2-9d48-de3809532d7b', 'SCO_UPD'),
('eaeef152-02eb-409c-ab3a-400ca04ce6f6', '30d6b54a-5c47-45d2-93d2-8c02939937f4', 'VAC_ALL'),
('eb075677-26c4-45ae-ab9e-53a101074a90', '565174ac-4908-4b17-8149-cb6bc5f47608', 'CLA_SUB'),
('eb327c79-e9ee-4857-bbfc-7a07c62d012e', 'af85528c-031b-44d7-ba74-f02350e9f4fc', 'VAC_ALL'),
('ebdbc916-a495-4053-9e41-7ab40578db6c', '6d4c9699-6f81-41c7-a3c0-50b6b49abf97', 'SCO_UPD'),
('ec188620-6bcb-4465-a7b7-5e5ca70d7d84', '37e6f856-c19c-44fe-8618-2f53a7c90a5d', 'SCH_ALL'),
('ec1cecc5-01e5-4da9-92d4-5e16bbb38f7f', 'c32975ba-125c-45fb-a647-cb1b5c2ba8ff', 'VAC_ALL'),
('ec45ee34-306b-485a-87ba-031d54c2dbec', '39e1484b-b830-4598-b84d-d501f9b4c630', 'CLA_ALL'),
('ec4c4f5a-b085-4d7d-8500-9f2adca5b8dd', '3b80293e-bc6d-4061-9cde-cfbf0693aed0', 'SCO_ALL'),
('ec902f7b-6335-4238-af0c-1fe039cdfb41', 'b4b76ad5-d4bd-4ea7-93d0-89367db25132', 'CLA_ALL'),
('ecda3e55-50c4-42c3-bee6-07f4ea4c7c51', 'c601d902-0618-49a4-b4a8-a1dc037ac4f5', 'CLA_SUB'),
('ecfa0a71-2d97-43c9-aa55-2a6990906ab6', '7284db14-4ae4-4b8a-ab47-cf637ee3cde3', 'CLA_ALL'),
('ed25f97e-a18a-47f2-82ac-630a138833e9', '08457dd3-daab-4af5-b7b3-73646da0f89c', 'VAC_ALL'),
('ed2daa86-0999-4424-bc06-4d33d1bb10c6', '37e6f856-c19c-44fe-8618-2f53a7c90a5d', 'CLA_SUB'),
('ed307e77-aa8a-4edb-a28f-3dea22f7f59f', '3a52b381-e3cb-463f-a04f-41fb2215847c', 'SCO_UPD'),
('ed39c3a7-1124-4d86-a8fd-04beb88f8188', 'a4d1edb4-50c7-4639-a266-14076523463a', 'VAC_ALL'),
('ed609482-d73a-4a00-9b85-547aca265903', '3a52b381-e3cb-463f-a04f-41fb2215847c', 'SCO_ALL'),
('ed826473-f261-43fe-84f2-b1b27637333d', 'c5daf0b9-b664-4117-8a6a-657bb79fe4cc', 'VAC_ALL'),
('edbc2600-0e63-4439-a452-87837f442fdb', '2ab74578-80c9-4918-a4ef-3fe87541bf9e', 'VAC_ALL'),
('edc2815e-5f6f-41f5-9fb2-c45a0303d3c3', '30d6b54a-5c47-45d2-93d2-8c02939937f4', 'SCO_ALL'),
('edd16570-a851-40c1-89f7-b6c589215a82', 'f477e015-de1d-4415-b993-9435d66daa99', 'SCO_ALL'),
('ede16dc6-fbc7-4424-8e31-397a800e71ce', 'c210f0c1-26eb-49e2-b76c-bd705942272c', 'SCO_ALL'),
('eea956aa-7640-4959-94f3-e0dcce10fd80', 'b0391c32-ddaf-426c-8e0a-1d385839fdf7', 'CLA_ALL'),
('eead5482-ce7b-445c-84f9-49bab7095f9d', '82be5c71-fbbd-4cef-b963-4f55f238ae9b', 'SCO_ALL'),
('eec7ec7d-2a1e-4c22-ab35-34d5dfed0b41', 'a16fe72d-e6df-4fa7-8a53-43325fde0034', 'CLA_ALL'),
('eefd8578-ee14-46b7-90a1-23cc07312080', 'bf54b8fd-8a7c-4a93-acb2-a38aa7f07128', 'SCO_UPD'),
('ef0f1c38-c214-46d1-b2cc-028ca177f30b', '6ba449c0-efd5-4d3a-82f8-bf9255d0d280', 'CLA_SUB'),
('ef1ed06f-aa7e-4d67-be2b-1e12f67edfb5', 'b0391c32-ddaf-426c-8e0a-1d385839fdf7', 'VAC_ALL'),
('ef29f6a9-70fd-4309-8f17-baa109f61d19', 'cd4546f0-d60a-422d-9cc9-91d02aad7bf1', 'SCO_UPD'),
('ef42d1b0-6adc-4f9b-887c-d2c8e0539384', '1b70f811-e25d-42b5-8f1f-454971c00e85', 'SCO_UPD'),
('ef4dbb1f-ff0d-491c-ab05-9afab65fab7f', 'b6fe65c8-6c15-434f-8051-25465834ea4d', 'CLA_SUB'),
('ef563366-2540-4dd7-941c-d0b575303870', '4567572f-e050-410e-96b0-c9f1238f5c76', 'SCO_UPD'),
('ef6d42b0-f08e-4d8d-9615-540b7d99bc81', 'fe6acd7a-bb3e-4a25-bbd6-64a4093b1d08', 'STU_CEL'),
('ef6df07d-3102-4def-be18-f8b0e5ac5b0c', '2680459f-69f3-48bb-97d7-2128b2323bcd', 'SCO_ALL'),
('efc13ca8-0276-45c5-8487-59dcdfb1b7a9', '37ecc0f7-99fa-4205-ab8b-12bc0ee6d16d', 'STU_ALL'),
('effa7d5f-6c3e-45dd-bdfd-aa5266d79d1b', 'a1227a08-c6c5-4449-a911-3e04852ea7c6', 'VAC_UPD'),
('efff473d-8c93-44dc-a148-ca8d9f9271ba', '8356355b-c00c-459a-ada2-f18b09a7ad28', 'CLA_SUB'),
('f011ce6e-6e81-4596-8819-ed3202722a45', '5fd8c958-2277-4d72-a36c-c76577c77e62', 'SCO_UPD'),
('f0351d8a-19b3-4800-89b1-81ef0e266df8', 'c6e20fb5-6a54-4eeb-9bb4-69abf9418dcc', 'SCO_ALL'),
('f06654e4-6f57-4975-aa7c-c9260522f220', '7ce98ce1-22e8-4f94-ad07-3d5bb61e1a22', 'SCO_ALL'),
('f0b4558b-010a-46fc-924d-a288ba0cf96b', '83b5c413-dad9-4474-8b30-d0b680d6057a', 'CLA_SUB'),
('f0d9066e-ba89-43ad-a335-2b2d27903232', '4f906ade-01c8-4034-b621-b15738461180', 'CLA_ALL'),
('f1126c23-2b9f-46d7-aa36-6d8acbf25fa6', 'fe6acd7a-bb3e-4a25-bbd6-64a4093b1d08', 'USE_ALL'),
('f18c7b36-3115-41b9-b428-f5ec41957fa8', '5b646be2-9f65-4ef2-9e1e-e42438fb83fa', 'VAC_ALL'),
('f1d7b79e-d9de-4952-a68d-0e97f3042984', '57fc5198-3413-492e-b93e-070787dad7de', 'SCO_ALL'),
('f1f3ea7d-345b-4af8-9026-a9d16fa42002', 'df7bd63f-d340-4948-9ac6-0d17f8f92ded', 'CLA_SUB'),
('f1f8bfe7-7f19-43fe-b878-534357a2c2ca', '1d7c99eb-329f-4886-a44f-8618efa61460', 'CLA_ALL'),
('f2368787-9148-4e6f-ae74-2bafac509372', '73b8bec5-b7aa-4930-b748-366c68a4f3c9', 'CLA_SUB'),
('f244ac23-6bf3-4f89-8bd2-7aa8a771bef3', '14936e4f-24fd-448f-84be-aa10b0bb8e25', 'SCO_UPD'),
('f2b919fd-3b82-403c-8af8-b8f2faa48d4d', '565174ac-4908-4b17-8149-cb6bc5f47608', 'SCO_ALL'),
('f2d7d16a-dbb2-457b-a6f7-85ca87a87617', 'c1936cca-afbb-43c9-b649-da866caf898a', 'VAC_ALL'),
('f307c8fd-2402-4325-afea-910b581ca516', '5ae28cc7-3830-4f8f-9716-5ab75ccc356a', 'SCO_ALL'),
('f333c292-c1fc-4281-8226-caf4429c19ec', '44397288-3038-45dc-a0ee-c2e0a8aa6199', 'SCT_ALL'),
('f34ad06c-4fcf-4dca-ba4c-40810165aa08', '1b70f811-e25d-42b5-8f1f-454971c00e85', 'VAC_ALL'),
('f3525835-cded-4c48-9164-492871e811a7', '890e9b20-041a-44ec-9929-c72f0bfec484', 'SCO_UPD'),
('f3631cd1-856c-47cd-bdb9-61c0120bdf65', '594e04f4-16de-4ced-9483-c6ee0a226902', 'SCO_UPD'),
('f3735828-02ba-44cd-9065-e0e6786cb69a', '3a78bfd9-eee5-400e-bd59-ac96faef1823', 'CLA_SUB'),
('f3952f4d-5b7d-45c9-a6ba-581f04017c2a', 'c5daf0b9-b664-4117-8a6a-657bb79fe4cc', 'VAC_ALL'),
('f3d5561c-ffa5-4906-ba09-78107cb58854', 'c9b80ec4-2c0d-4db3-8b17-87ba9131e49f', 'CLA_ALL'),
('f43be774-a364-4cfc-b7a4-131795b501f9', '7453bb69-00cd-448e-a1f9-5d74a8fd2a86', 'SCO_UPD'),
('f4421618-c46f-4f9a-b9fc-289edfbc8b6f', '4241a537-b62a-4f0b-9bb7-864b900f570b', 'SCO_ALL'),
('f4719f86-7518-4bad-b58e-995ee7fc80da', '9d52e8ad-fb93-40fd-a888-461af5d258e4', 'SCO_ALL'),
('f4a83c4b-0e7f-4344-86fd-c38821dc37ac', 'a59ffb9c-b7a1-4f49-8cc4-5bbf13adafcf', 'CLA_ALL'),
('f4b5e8bc-e954-4050-bf82-80f50103fd13', '08457dd3-daab-4af5-b7b3-73646da0f89c', 'SCO_UPD'),
('f4c89ded-6ac5-4b5d-8c41-1a0f5cc378bf', 'f5527519-1bda-485c-83d3-0fe65c968212', 'SCO_ALL'),
('f50f6e31-2fe7-4531-918d-ae337b6cf495', '891bc19c-225a-4464-b802-662e7c87c32e', 'CLA_ALL'),
('f52ab889-96b7-4df4-aab0-75b293e87272', '70e4b7a6-f9fa-4427-bca0-a5957463dcc7', 'SCT_ALL'),
('f551c55d-31c4-40f9-908b-ee657574e0d2', '70e4b7a6-f9fa-4427-bca0-a5957463dcc7', 'STU_CEL'),
('f575c615-d308-4d1c-83e9-11324d320e4b', '67beef80-9f11-4e42-82ce-3af8e6b7a97b', 'SCO_ALL'),
('f5a657b9-1ab0-44e6-804c-afea16ce60e6', 'c7a14517-eb14-4c8f-b1e7-e9aec175672e', 'CLA_SUB'),
('f5daa40d-f207-4718-a045-19429892597f', '8356355b-c00c-459a-ada2-f18b09a7ad28', 'VAC_ALL'),
('f5dd7470-81ac-4fa7-8d8b-53f3f399f449', 'df7bd63f-d340-4948-9ac6-0d17f8f92ded', 'SCO_UPD'),
('f5e43984-7740-48bd-ab80-52bdd627494c', 'a1227a08-c6c5-4449-a911-3e04852ea7c6', 'CLA_STU'),
('f628ef53-25d6-41e7-8566-4150342895a8', '91b091db-ca47-4030-9a72-1932bf10f53f', 'CLA_ALL'),
('f66b2a89-55bc-4e17-bbf4-575df16bee31', 'a78795ca-90dc-4307-9e8a-a52589f98b22', 'SCH_ALL'),
('f6a79326-c14c-4af5-b90f-249a96ad2142', 'c210f0c1-26eb-49e2-b76c-bd705942272c', 'CLA_ALL'),
('f6cefcbb-1872-4fa6-bdd1-ef9940bb79dd', 'a78795ca-90dc-4307-9e8a-a52589f98b22', 'CLA_ALL'),
('f76cd301-cd90-40e9-b133-b1f6fc9d605c', 'e13d5f81-8e82-42e6-9236-7e22efa95adf', 'VAC_ALL'),
('f7da7d9d-efd3-4380-af15-307fba5e8467', '9e86052f-9ffc-4ef6-a25e-c7b4b884ea8a', 'CLA_SUB'),
('f800fbf8-aa7e-4bc2-a95d-79d5670149df', 'b57476c8-2af5-4bc1-9ac8-af3a207639c1', 'CLA_SUB'),
('f8443771-0392-4090-825e-8ff4c28a4946', '3a52b381-e3cb-463f-a04f-41fb2215847c', 'VAC_ALL'),
('f84c90a3-7482-4d9d-8102-9ceb358e08b1', '41208dac-aa22-41ed-85f2-44739459f61a', 'SCO_UPD'),
('f8bbec3b-0147-4cac-8132-f3fac2faaf05', 'afb1906d-7db9-4049-b560-ad766e4cf14b', 'CLA_SUB'),
('f8cfb7ee-4b0d-4e29-bc88-744c3729d6d2', 'f00acc82-c283-4dbe-a314-b72473e68334', 'SCO_UPD'),
('f905d80b-eca7-4048-9051-f75eecc1f135', 'd0719a80-7a45-4ed1-9d4f-433c375f235f', 'VAC_ALL'),
('f914f458-60f6-41c7-b426-1f729ba2b648', 'b69036fe-fc1b-4c5e-802a-de3270c25320', 'REV_REP'),
('f9288cac-8693-4774-8850-292534210dfa', '1f959b62-ef15-4b00-a07b-a59ca4db2b22', 'SCO_UPD'),
('f9719ae2-5c72-40a5-845e-861cb8c261f1', '6ba449c0-efd5-4d3a-82f8-bf9255d0d280', 'SCO_UPD'),
('f9870736-41a3-4677-adea-c4b82658404e', '79940f8a-e5ea-49ec-9143-8d96707bfa62', 'CLA_ALL'),
('f9bae470-965a-4af6-8544-df070aa170b3', '1f959b62-ef15-4b00-a07b-a59ca4db2b22', 'CLA_ALL'),
('f9ca1471-da18-4cb0-a809-d812c9183374', '655c18b1-09b4-4968-ac98-f018b7bd04ec', 'CLA_ALL'),
('f9cd5d4b-8245-4e31-bf2b-8b4275b79b8f', 'c9985a45-22f0-4992-9774-12694de33893', 'CLA_SUB'),
('f9f8e098-1936-46e8-8287-d7710c89b249', '547fa92b-cd78-4f7b-b37e-3a26e0f0a00d', 'SCT_ALL'),
('fa316e1e-7da7-418a-9f45-bdea36bc773a', 'af85528c-031b-44d7-ba74-f02350e9f4fc', 'SCO_UPD'),
('fa44e2bd-b013-42e3-80e8-9bcf9cd18953', '57fc5198-3413-492e-b93e-070787dad7de', 'CLA_SUB'),
('fa825335-e70f-45dd-ba1d-4fbd26b8c483', 'a16fe72d-e6df-4fa7-8a53-43325fde0034', 'VAC_ALL'),
('faf6837b-80f8-4bed-ba95-25368e5fd70f', 'a59ffb9c-b7a1-4f49-8cc4-5bbf13adafcf', 'SCO_ALL'),
('fb2aa411-544b-42c9-9371-528d7ac23253', '70e4b7a6-f9fa-4427-bca0-a5957463dcc7', 'LEC_ALL'),
('fb378a66-b270-4fcb-88ff-89e2a495f55c', 'a16fe72d-e6df-4fa7-8a53-43325fde0034', 'SCO_ALL'),
('fb4893c9-4293-4737-83c3-0ddc07950c6b', '7453bb69-00cd-448e-a1f9-5d74a8fd2a86', 'CLA_ALL'),
('fb5ff132-1a94-4276-a82f-464e769d7266', '83b5c413-dad9-4474-8b30-d0b680d6057a', 'SCO_ALL'),
('fb77ae72-8848-4126-bf89-ddf017cf2395', '14936e4f-24fd-448f-84be-aa10b0bb8e25', 'CLA_SUB'),
('fc73b82b-dc51-44ed-a095-421da2375b9c', 'a6df08dc-ca7f-43b0-a159-d8b0cebaab37', 'SCO_UPD'),
('fc7a94b8-f35a-41fc-b691-70e880744bfc', '962670de-68e6-461c-8063-0a687eb6cad9', 'VAC_ALL'),
('fcede68f-ab10-46a0-a8cf-5e5627ab61de', '4a5ffc19-eabc-427a-b352-06d4db378f43', 'CLA_ALL'),
('fd17c893-8efe-4e24-93e9-fa8c33d5d614', '890e9b20-041a-44ec-9929-c72f0bfec484', 'CLA_ALL'),
('fd459e36-28b7-4209-a04e-51d0b4670bdc', 'e8f63bcb-4e40-4548-b874-8641c35f484d', 'VAC_ALL'),
('fd5dfd97-510a-4847-8fce-4cd96762f9d8', 'f14bda82-b18a-4a45-871b-06d7a2b71ac9', 'SCO_ALL'),
('fda90ff8-c79a-4c36-8ccd-2b15edc4c73e', 'd6e8f41a-0680-4923-be59-fd9ce02c847d', 'VAC_ALL'),
('fdab0187-7ab4-4025-b760-8ee481dbb242', '3a52b381-e3cb-463f-a04f-41fb2215847c', 'VAC_ALL'),
('fdf3ec7b-58f2-4064-899c-0fec2c0f8e6d', '64032660-ceaa-4412-847c-d8fd1a470391', 'VAC_ALL'),
('fdf82039-4074-49b3-8fc4-997cb0e5cc95', '4a5ffc19-eabc-427a-b352-06d4db378f43', 'VAC_ALL'),
('fdf9eff3-2710-4712-b546-9f3d1e440955', '5b646be2-9f65-4ef2-9e1e-e42438fb83fa', 'STU_ALL'),
('fe35ccf2-b3fc-4476-b306-c8669463f63e', 'a78795ca-90dc-4307-9e8a-a52589f98b22', 'CLA_SUB'),
('fe5afdb5-cdea-45e5-88b9-d998cb139600', 'a511d038-3223-4995-8ae8-8ecd917b57eb', 'STU_CEL'),
('fe73bf36-c8c8-4c1d-afbe-a50dcce80fb3', '3cd9e96e-93c6-4093-a8e6-a6afd75bd45c', 'CLA_ALL'),
('fe7f949a-f294-4e33-a74c-ec9a1a0fed92', '2680459f-69f3-48bb-97d7-2128b2323bcd', 'VAC_ALL'),
('feac8ab5-40c4-419a-9488-02627224db2c', 'c1936cca-afbb-43c9-b649-da866caf898a', 'CLA_SUB'),
('fede3c20-98cd-40ad-b010-91a797e76f97', '8356355b-c00c-459a-ada2-f18b09a7ad28', 'VAC_ALL'),
('fee2571b-ca14-437c-afcc-dc2278556fe8', '21dfd738-8427-4dbc-b2c1-802d8184ac95', 'SCO_UPD'),
('fee88516-7852-473d-95ba-8bf2c9802190', '539d9521-a901-4ea7-ab2a-2efcb15eb759', 'SCO_UPD'),
('feede890-edc3-4ab6-849a-fad1701a82a6', 'fe6acd7a-bb3e-4a25-bbd6-64a4093b1d08', 'EDU_UPD'),
('ff0a7c8f-6fe5-48d1-aa13-56cc12276723', 'ad992f74-9cf8-4b3e-9c7a-07a39e24e8b9', 'CLA_ALL'),
('ff0f4d0b-b8d1-458e-b691-937a6bf2bce2', '3b80293e-bc6d-4061-9cde-cfbf0693aed0', 'CLA_SUB'),
('ff2a0c75-f742-4461-80d8-7bddd8b83945', '4a5ffc19-eabc-427a-b352-06d4db378f43', 'SCO_UPD'),
('ff3676cc-9ded-404c-87d2-e8c99c783ccb', '53ddb719-1f24-45c2-9560-f4efd5bbed5a', 'SCH_ALL'),
('ff891c77-fa04-4e76-99a2-0e00193812be', 'd6bf7cca-e9bd-48be-921e-b4a13601c912', 'SCO_UPD'),
('ffad4b26-82c0-4678-99d9-acfafd143600', 'b57476c8-2af5-4bc1-9ac8-af3a207639c1', 'SCO_ALL'),
('ffd73e9a-eedb-4ac3-bab3-19147ac822db', '37ecc0f7-99fa-4205-ab8b-12bc0ee6d16d', 'VAC_ALL'),
('ffed9bbc-ebbe-4242-a189-c6fdde15c94a', '3118eca6-7b6b-421f-99d6-2b6586a42115', 'VAC_ALL');

-- --------------------------------------------------------

--
-- Cấu trúc bảng cho bảng `rc_class`
--

CREATE TABLE `rc_class` (
  `class_id` varchar(36) COLLATE utf8_unicode_ci NOT NULL,
  `class_name` text COLLATE utf8_unicode_ci NOT NULL,
  `class_code` varchar(100) COLLATE utf8_unicode_ci NOT NULL,
  `course_id` varchar(255) COLLATE utf8_unicode_ci NOT NULL,
  `school_year_id` varchar(255) COLLATE utf8_unicode_ci NOT NULL,
  `class_quantity_student` int(11) NOT NULL,
  `class_image` varchar(255) COLLATE utf8_unicode_ci DEFAULT NULL,
  `class_amount` double NOT NULL DEFAULT 0,
  `class_amount_description` text COLLATE utf8_unicode_ci DEFAULT NULL,
  `class_description` text COLLATE utf8_unicode_ci DEFAULT NULL,
  `class_created` timestamp NOT NULL DEFAULT current_timestamp(),
  `class_admission` int(11) NOT NULL DEFAULT 1
) ENGINE=InnoDB DEFAULT CHARSET=utf8 COLLATE=utf8_unicode_ci;

--
-- Đang đổ dữ liệu cho bảng `rc_class`
--

INSERT INTO `rc_class` (`class_id`, `class_name`, `class_code`, `course_id`, `school_year_id`, `class_quantity_student`, `class_image`, `class_amount`, `class_amount_description`, `class_description`, `class_created`, `class_admission`) VALUES
('00ed25f4-cb8b-4271-b482-c5a2970a2d4b', 'Organ - Guitare Sơ cấp', '2020K5NHACCU22021K2', 'b8e6adfe-16c3-4ce7-b317-a9690ee20c1c', 'a3e5978a-21c1-4d36-9f36-9be6547307e0', 20, '', 250000, 'Phòng máy lạnh', 'Phòng máy lạnh', '2020-12-29 23:58:48', 1),
('0544c955-3442-40f1-9716-98ff7015a555', 'CL20201003', 'CL20201003', 'e48b50b2-1398-4201-9c13-ed3bfaf932ac', '1', 25, '', 3500000, 'CL20201003', 'CL20201003', '2020-10-03 03:46:39', 1),
('06bde3f7-9870-4c34-aa85-e6e7ce8cc830', 'Cờ Vua - Cờ Tướng', '2020K5CO', 'ca81bad1-923f-4fe7-b99a-618136217efe', 'a3e5978a-21c1-4d36-9f36-9be6547307e0', 20, '', 220000, 'Phòng máy lạnh', 'Phòng máy lạnh', '2020-09-09 02:55:58', 1),
('079cefda-d504-445e-814d-0eeb906cd190', 'HuyTest 456', '113637372314111842298637372330082842134', '58340b29-f33d-4c35-bbf6-1446c435a37e', '1', 100, 'Class/20201001/1133145749_hinhanhchocorgidethuong10.jpg', 1000000, NULL, NULL, '2020-10-02 03:56:48', 1),
('0c89a627-3a3a-4e84-8720-69bf33b2074a', 'Mongo', 'ELASTIC02', '2c88f7c7-345f-4cf3-b013-08f6181a92ab', '1', 10, 'Class/20201001/393451768_e1627917bb7747291e66.jpg', 10000000, NULL, NULL, '2020-10-01 01:19:27', 1),
('10445cd2-1822-4b6b-b398-48cc8fa2674c', 'HuyTest 123', '113213213', '35f9792e-5c98-446f-bb4c-231608fa9083', '1', 122222, 'Class/20201001/149704618_hinhanhchocorgidethuong10.jpg', 999999999, NULL, NULL, '2020-10-01 03:22:52', 1),
('152e9d17-3001-4a25-9d16-da20d2df8798', '123312', 'antest123', '1', '75032620-cfda-4cac-81b7-ea54b2d5f7b8', 10, 'Class/20201001/408948467_637037687763926758_11promaxxanh.png', 100000, 'hihiam', 'hihi', '2020-09-30 20:14:19', 1),
('161808b0-110f-463c-a3b3-7a5ff90a9da5', 'Nhảy hiện đại Thiếu Nhi (3 tuổi - 10 tuổi)', '2020K5NHAY2637385153185827881', '19ab2420-ef95-4669-884c-331b9d6d9c58', '1', 20, 'Class/20201023/1244649846_z2135101193216_6ca85211e8fb083a110cf6503799366a.jpg', 250000, NULL, NULL, '2020-10-17 00:08:38', 1),
('1f29521f-23de-4031-b07b-851002378945', 'Toán', 'TOAN', '01a1bc03-5d98-4504-b634-a1ad1da6c0e6', '75032620-cfda-4cac-81b7-ea54b2d5f7b8', 1, 'Class/20200914/924680137_Angularvsvuejs1.png', 1, NULL, NULL, '2020-09-13 21:50:25', 0),
('210c7619-b8da-4b8a-b5da-a878c0fe57cf', 'Bóng đá', '2020K5BONGDA637385153185833446', '19ab2420-ef95-4669-884c-331b9d6d9c58', 'a3e5978a-21c1-4d36-9f36-9be6547307e0', 20, '', 500000, NULL, NULL, '2020-10-17 00:08:38', 1),
('21f21e33-e3d8-4409-bafb-0df498132484', 'LT C 001', '111', '55b09033-d9b1-4437-ad22-3fea9481c936', 'b639db10-df4d-419f-b723-1f67ce202eb4', 80, '', 2000000, NULL, NULL, '2020-09-27 20:52:58', 1),
('262999b5-6c9f-4eb4-8b9a-722ea0e59d5d', 'HuyTest 123', '113213213HuyTest1', 'fbaf0872-dac5-4239-bfaf-e3097a15fccc', '1', 122222, 'Class/20201001/149704618_hinhanhchocorgidethuong10.jpg', 999999999, NULL, NULL, '2020-12-17 06:09:32', 1),
('2806aa30-a684-40f9-8eb3-4a8701b41683', 'MC (Dẫn chương trình)', '2020K5MC', 'ca81bad1-923f-4fe7-b99a-618136217efe', 'a3e5978a-21c1-4d36-9f36-9be6547307e0', 20, '', 300000, NULL, NULL, '2020-09-09 03:00:37', 1),
('2b253b31-7208-4940-8fff-5e8107a84153', 'Múa Ấn Độ Bellydance Thiếu Nhi', '2020K5NHAY3637385153185837034', '19ab2420-ef95-4669-884c-331b9d6d9c58', 'a3e5978a-21c1-4d36-9f36-9be6547307e0', 20, '', 250000, NULL, NULL, '2020-10-17 00:08:38', 1),
('2fc71c4a-1c07-4f84-9157-c4b1d8438801', 'Phat', '123', '01a1bc03-5d98-4504-b634-a1ad1da6c0e6', '1', 14, 'Class/20201001/1997940020_118713313_3059029910990082_1270878054595035528_n.jpg', 1444, '4444', '4444', '2020-09-30 23:26:32', 1),
('351570cd-892f-4e5d-ae16-ae9e838e063f', '12A1', '2020K12A1', '3c14a45d-f41a-42c4-ac3b-58db43d8670f', '820a933c-8acd-4796-ae26-19876d0ba6dd', 50, '', 1350000, NULL, NULL, '2020-09-17 21:49:37', 1),
('38f6110c-a949-4665-b219-fa6f774acec3', 'Múa Ballet - Múa Dân Gian (3 tuổi-6 tuổi)', '2020K5NHAY52021K2', 'b8e6adfe-16c3-4ce7-b317-a9690ee20c1c', 'a3e5978a-21c1-4d36-9f36-9be6547307e0', 20, '', 250000, 'Phòng máy lanh', 'Phòng máy lanh', '2020-12-29 23:58:48', 1),
('3ec19587-424c-4a42-94cb-fc954789ef7b', 'ORGAN - Guitare nâng cao', '2020K5NHACCU1', 'ca81bad1-923f-4fe7-b99a-618136217efe', '1', 20, '', 280000, 'Phòng máy lạnh', 'Phòng máy lạnh', '2020-09-09 03:03:58', 1),
('3ed96c90-f793-4215-9d2f-0c3192c3d03b', 'PHATTEST', 'PHATTEST', '01a1bc03-5d98-4504-b634-a1ad1da6c0e6', '1', 1, '', 1, 'PHATTEST', 'PHATTEST', '2020-10-01 01:14:30', 1),
('426e791b-717b-4a76-ac07-d2759ac860cb', 'Viết Chữ Đẹp', '2020K5VIETCHUDEP2021K2', 'b8e6adfe-16c3-4ce7-b317-a9690ee20c1c', 'a3e5978a-21c1-4d36-9f36-9be6547307e0', 20, '', 220000, NULL, NULL, '2020-12-29 23:58:48', 1),
('4b93f164-86aa-4fd6-936a-13555794f29e', 'Tạo hình NT đất sét', '2020K5HOA3', 'ca81bad1-923f-4fe7-b99a-618136217efe', 'a3e5978a-21c1-4d36-9f36-9be6547307e0', 20, '', 270000, 'Phòng máy lạnh', 'Phòng máy lạnh', '2020-09-09 02:48:48', 1),
('4e158695-cd01-49b9-92d4-b577a5801e02', 'Kỹ năng tự vệ Thiếu nhi', '2020K5KYNANGTUVE2021K2', 'b8e6adfe-16c3-4ce7-b317-a9690ee20c1c', 'a3e5978a-21c1-4d36-9f36-9be6547307e0', 20, '', 200000, NULL, NULL, '2020-12-29 23:58:48', 1),
('4f36c6df-ca06-4dd6-883f-9af86c5f0922', 'Lớp tư tưởng Hồ Chí Minh 1', 'LHtthcm1', 'd81a582e-d7ad-4931-ba66-dada0014de74', '1', 10, '', 10000, NULL, NULL, '2020-10-02 21:58:30', 1),
('4ff9068a-3de6-4ec2-a45a-271196faacec', 'Kỹ năng tự vệ Thiếu nhi', '2020K5KYNANGTUVE', 'ca81bad1-923f-4fe7-b99a-618136217efe', 'a3e5978a-21c1-4d36-9f36-9be6547307e0', 20, '', 200000, NULL, NULL, '2020-09-09 03:00:12', 1),
('509b318d-eae0-417f-b660-b4902e85558a', 'Lớp 11A1', 'L11', '01a1bc03-5d98-4504-b634-a1ad1da6c0e6', '3c6533b3-ad28-4b4b-8cad-c5cdd20ffc84', 30, '', 1000000, NULL, NULL, '2020-09-29 20:14:48', 1),
('51c7366a-ea3e-4dbb-8e48-04b880df7a64', 'Akido', 'A1', '01a1bc03-5d98-4504-b634-a1ad1da6c0e6', '820a933c-8acd-4796-ae26-19876d0ba6dd', 1, 'Class/20200929/1209089348_6.png', 1, 'mô tả', 'mô tả', '2020-09-29 04:26:27', 1),
('52b9f576-2e84-4c43-a8aa-25bb63f9a228', 'Viết Chữ Đẹp', '2020K5VIETCHUDEP', 'ca81bad1-923f-4fe7-b99a-618136217efe', 'a3e5978a-21c1-4d36-9f36-9be6547307e0', 20, '', 220000, NULL, NULL, '2020-09-09 02:55:02', 1),
('6302a3e5-2a25-4965-8a43-00d755c94446', 'HuyTest 123', '113213213637372314111856953637372330082845057', '58340b29-f33d-4c35-bbf6-1446c435a37e', '1', 122222, 'Class/20201001/149704618_hinhanhchocorgidethuong10.jpg', 999999999, NULL, NULL, '2020-10-02 03:56:48', 1),
('636bd6af-1645-48aa-b500-d6b80bd83e76', 'Nhảy hiện đại Thiếu Nhi (3 tuổi - 10 tuổi)', '2020K5NHAY2', 'ca81bad1-923f-4fe7-b99a-618136217efe', 'a3e5978a-21c1-4d36-9f36-9be6547307e0', 20, '', 250000, NULL, NULL, '2020-09-09 02:57:36', 1),
('65ac5be1-eb55-4b06-ac65-117edd574be3', 'Họa (sơ cấp)', '2020K5HOA1637385153185831941', '19ab2420-ef95-4669-884c-331b9d6d9c58', 'a3e5978a-21c1-4d36-9f36-9be6547307e0', 20, '', 220000, 'Phòng máy lạnh', 'Phòng máy lạnh', '2020-10-17 00:08:38', 1),
('6657f003-ca8d-44b4-af7f-96a50ca1c7a3', 'Lớp anh văn cơ bản 1', 'Lavcb001', '4db43af8-aada-4d6e-89a4-afb61a1fd9b2', '3c6533b3-ad28-4b4b-8cad-c5cdd20ffc84', 10, '', 100, NULL, NULL, '2020-10-01 01:40:18', 1),
('6716d391-17c4-45ec-97aa-786470e6a2c3', 'HuyTest 456', '113', '35f9792e-5c98-446f-bb4c-231608fa9083', '1', 100, 'Class/20201001/1133145749_hinhanhchocorgidethuong10.jpg', 1000000, NULL, NULL, '2020-10-01 02:43:25', 1),
('70949e69-db5c-4715-8f5a-7ce3145f6581', 'Viết Chữ Đẹp', '2020K5VIETCHUDEP637385153185827130', '19ab2420-ef95-4669-884c-331b9d6d9c58', 'a3e5978a-21c1-4d36-9f36-9be6547307e0', 20, '', 220000, NULL, NULL, '2020-10-17 00:08:38', 1),
('71e8ab82-bc20-4da8-b461-1601fc60a2f7', 'Tạo hình NT đất sét', '2020K5HOA3637385153185824668', '19ab2420-ef95-4669-884c-331b9d6d9c58', 'a3e5978a-21c1-4d36-9f36-9be6547307e0', 20, '', 270000, 'Phòng máy lạnh', 'Phòng máy lạnh', '2020-10-17 00:08:38', 1),
('72c8d6e9-db0a-4af4-9dca-5f8fd8b0b5db', 'Bóng Rổ', '2020K5BONGRO', 'ca81bad1-923f-4fe7-b99a-618136217efe', 'a3e5978a-21c1-4d36-9f36-9be6547307e0', 20, '', 200000, NULL, NULL, '2020-09-09 02:59:36', 1),
('786d8cf0-2324-4ef4-af83-f18263ef52ba', 'Nhảy hiện đại KPop (10 tuổi trở lên)', '2020K5NHAY1637385153185836380', '19ab2420-ef95-4669-884c-331b9d6d9c58', 'a3e5978a-21c1-4d36-9f36-9be6547307e0', 20, '', 280000, NULL, NULL, '2020-10-17 00:08:38', 1),
('78b13875-1d77-4fcb-857c-5d97b08e936d', 'Nhảy Zumba Kid', '2020K5NHAY4637385153185830944', '19ab2420-ef95-4669-884c-331b9d6d9c58', 'a3e5978a-21c1-4d36-9f36-9be6547307e0', 20, '', 300000, NULL, NULL, '2020-10-17 00:08:38', 1),
('78dd60a0-650b-4c8b-b822-9e12f5e4b9f5', 'Họa màu nước', '2020K5HOA2637385153185835222', '19ab2420-ef95-4669-884c-331b9d6d9c58', '1', 20, '', 250000, 'Phòng máy lạnh', 'Phòng máy lạnh', '2020-10-17 00:08:38', 1),
('7bdbf865-c533-414b-b1c1-0d7435e460d5', 'Nhảy hiện đại Thiếu Nhi (3 tuổi - 10 tuổi)', '2020K5NHAY22021K2', 'b8e6adfe-16c3-4ce7-b317-a9690ee20c1c', 'a3e5978a-21c1-4d36-9f36-9be6547307e0', 20, '', 250000, NULL, NULL, '2020-12-29 23:58:48', 1),
('7c7a81da-056a-42e8-8872-a13db6c64b5a', 'Cờ Vua - Cờ Tướng', '2020K5CO637385153185819533', '19ab2420-ef95-4669-884c-331b9d6d9c58', 'a3e5978a-21c1-4d36-9f36-9be6547307e0', 20, '', 220000, 'Phòng máy lạnh', 'Phòng máy lạnh', '2020-10-17 00:08:38', 1),
('7d3df11b-87dd-486f-8fa8-d62c42211335', 'TestTH1', 'TH1', '01a1bc03-5d98-4504-b634-a1ad1da6c0e6', '1', 1, '', 100000000, NULL, NULL, '2020-10-29 01:10:49', 1),
('7e1b48aa-5262-4ce0-af50-5869d58ab402', 'Lớp Công Nghệ Thông Tin 20 A', 'CNTT20A', '4369987f-571a-4993-b775-18a771efae2d', '1', 5, '', 1000000, NULL, NULL, '2020-09-29 03:02:24', 0),
('7e8cef97-c81d-43f7-935f-551ebf16a705', 'ConGHPAT', 'ConGHPAT', '01a1bc03-5d98-4504-b634-a1ad1da6c0e6', '1', 123, '', 1123123, 'asdsasa', 'asdsasa', '2020-10-02 02:45:36', 0),
('7fa438d6-5c6c-4ada-95c1-f9f3dd4a2d64', 'Họa (sơ cấp)', '2020K5HOA12021K2', 'b8e6adfe-16c3-4ce7-b317-a9690ee20c1c', 'a3e5978a-21c1-4d36-9f36-9be6547307e0', 20, '', 220000, 'Phòng máy lạnh', 'Phòng máy lạnh', '2020-12-29 23:58:48', 1),
('86db12b7-c3f6-487c-ac5a-7789e467c021', 'Lớp Công Nghệ Thông Tin 20 A', 'ABC', '4369987f-571a-4993-b775-18a771efae2d', '820a933c-8acd-4796-ae26-19876d0ba6dd', 10, 'Class/20200929/1425961211_6.png', 100000, 'Đây là lớp với ca học tiếp theo', 'Đây là lớp với ca học tiếp theo', '2020-09-29 04:04:06', 1),
('8d5a0667-4e06-4388-8b51-db712e7a2f67', 'Lớp dạy hóa chú sáuPHATPHAT', 'ABCPHAT', '01a1bc03-5d98-4504-b634-a1ad1da6c0e6', '1', 12, '', 12, 'PHAT', 'PHAT', '2020-10-01 00:00:05', 1),
('8e4d396f-870f-4317-86c1-4316127f98c0', 'HuyTest 456', '113', '33aee64d-63c5-40b1-a87b-fecff0b82a30', '1', 100, 'Class/20201001/1133145749_hinhanhchocorgidethuong10.jpg', 1000000, NULL, NULL, '2020-10-02 02:11:09', 1),
('8e86e5da-67ad-498c-b55c-a27f99b16013', '123312', 'antest12345', '1', '75032620-cfda-4cac-81b7-ea54b2d5f7b8', 10, 'Class/20201001/1239946447_637037687763926758_11promaxxanh.png', 100000, 'hihiam', 'hihi', '2020-09-30 23:39:26', 1),
('9425d9aa-b8f0-4fa7-842d-c52ee986041d', 'HuyTest 123', '113213213', '33aee64d-63c5-40b1-a87b-fecff0b82a30', '1', 122222, 'Class/20201001/149704618_hinhanhchocorgidethuong10.jpg', 999999999, NULL, NULL, '2020-10-02 02:11:09', 1),
('9c181116-8ba6-4076-89b6-3b60b6d4f853', 'Test1712', '17022020', '01a1bc03-5d98-4504-b634-a1ad1da6c0e6', '1', 100, 'Class/20201217/448005746_1071387961_3edfc4d8e4c81a9643d92.jpg', 100, NULL, NULL, '2020-12-17 00:39:10', 1),
('9f5fa322-4c12-49c0-bc0e-2f29cccdd3ff', 'ORGAN - Guitare nâng cao', '2020K5NHACCU12021K2', 'b8e6adfe-16c3-4ce7-b317-a9690ee20c1c', '1', 20, '', 280000, 'Phòng máy lạnh', 'Phòng máy lạnh', '2020-12-29 23:58:48', 1),
('a71c8c3e-5d07-44f3-872d-4ec5c7aaf8b2', 'HuyTest 123', '113213213637372582236141695', '7e8d2214-cd2a-4382-bbdb-638aab24d2e8', '1', 122222, 'Class/20201001/149704618_hinhanhchocorgidethuong10.jpg', 999999999, NULL, NULL, '2020-10-02 03:57:03', 1),
('a730ea42-f130-4483-95ad-1c497185c7b3', 'Bóng Rổ', '2020K5BONGRO637385153185829419', '19ab2420-ef95-4669-884c-331b9d6d9c58', 'a3e5978a-21c1-4d36-9f36-9be6547307e0', 20, '', 200000, NULL, NULL, '2020-10-17 00:08:38', 1),
('ac06faff-3ae7-45a3-8e45-0f858aaa16aa', 'CL20201003', 'CL20201003637375641357505724', '22d683c8-e4a3-4ccf-8d92-e3d45da4525c', '1', 25, '', 3500000, 'CL20201003', 'CL20201003', '2020-10-05 23:55:35', 1),
('adaa4dd1-9711-4553-a73a-e1210c06962c', 'Bóng đá', '2020K5BONGDA2021K2', 'b8e6adfe-16c3-4ce7-b317-a9690ee20c1c', 'a3e5978a-21c1-4d36-9f36-9be6547307e0', 20, '', 500000, NULL, NULL, '2020-12-29 23:58:48', 1),
('aea2f16e-8c90-4936-b608-073407b3b976', 'CCCC', 'CCCC', '01a1bc03-5d98-4504-b634-a1ad1da6c0e6', '1', 1, '', 1, 'CCCC', 'CCCC', '2020-10-01 00:33:08', 1),
('b0fd13cd-1eed-4367-b01e-8d9c612a779e', 'Múa Ấn Độ Bellydance Thiếu Nhi', '2020K5NHAY32021K2', 'b8e6adfe-16c3-4ce7-b317-a9690ee20c1c', 'a3e5978a-21c1-4d36-9f36-9be6547307e0', 20, '', 250000, NULL, NULL, '2020-12-29 23:58:48', 1),
('b828740a-fcf8-4195-96f0-c4b2dc381b13', 'Akido 2', 'A2', '01a1bc03-5d98-4504-b634-a1ad1da6c0e6', '820a933c-8acd-4796-ae26-19876d0ba6dd', 1, 'Class/20200929/1745436140_6.png', 1, 'q', 'q', '2020-09-29 04:26:58', 1),
('b83079b6-2b3c-4d5f-b790-9bb960ad6738', 'Múa Ballet - Múa Dân Gian (3 tuổi-6 tuổi)', '2020K5NHAY5637385153185834079', '19ab2420-ef95-4669-884c-331b9d6d9c58', 'a3e5978a-21c1-4d36-9f36-9be6547307e0', 20, '', 250000, 'Phòng máy lanh', 'Phòng máy lanh', '2020-10-17 00:08:38', 1),
('b8957d46-87d1-441f-a02d-44a6fb4a5ff2', 'HuyTest 456', '113637372314111842298', '8c18c2e4-6ca0-4655-a513-ba2b7bb890cb', '1', 100, 'Class/20201001/1133145749_hinhanhchocorgidethuong10.jpg', 1000000, NULL, NULL, '2020-10-02 03:30:11', 1),
('b8dc1f85-9d54-4469-a271-67edc199d350', 'CONGPHAT', 'CONGPHAT', '1c7c5403-378d-4eaa-b0bd-84ca857519f4', '1', 14, '', 14, 'CONGPHAT', 'CONGPHAT', '2020-10-01 00:01:48', 1),
('ba765e0a-16eb-4b66-b6a0-038c66e875c5', 'HuyTest 456', '113HuyTest1', 'fbaf0872-dac5-4239-bfaf-e3097a15fccc', '1', 100, 'Class/20201001/1133145749_hinhanhchocorgidethuong10.jpg', 1000000, NULL, NULL, '2020-12-17 06:09:32', 1),
('bc4f07f2-6e68-453e-a5a1-4ef3bb891e03', 'Cờ Vua - Cờ Tướng', '2020K5CO2021K2', 'b8e6adfe-16c3-4ce7-b317-a9690ee20c1c', '1', 20, '', 220000, 'Phòng máy lạnh', 'Phòng máy lạnh', '2020-12-29 23:58:48', 1),
('bd635911-cb4f-4489-89f9-7ca36b5a6450', 'HuyTest 456', '113637372582236142712', '7e8d2214-cd2a-4382-bbdb-638aab24d2e8', '1', 100, 'Class/20201001/1133145749_hinhanhchocorgidethuong10.jpg', 1000000, NULL, NULL, '2020-10-02 03:57:03', 1),
('c0636bac-8b6a-4eb3-976a-0a641cfd3626', 'Nhảy Zumba Kid', '2020K5NHAY4', 'ca81bad1-923f-4fe7-b99a-618136217efe', 'a3e5978a-21c1-4d36-9f36-9be6547307e0', 20, '', 300000, NULL, NULL, '2020-09-09 02:58:55', 1),
('c0a430be-ff4b-4eec-bfa9-ed15bb73b33f', 'Họa màu nước', '2020K5HOA22021K2', 'b8e6adfe-16c3-4ce7-b317-a9690ee20c1c', '1', 20, '', 250000, 'Phòng máy lạnh', 'Phòng máy lạnh', '2020-12-29 23:58:48', 1),
('c2e62ffd-d47b-4e0f-a942-820d949d4fe6', 'Nhảy hiện đại KPop (10 tuổi trở lên)', '2020K5NHAY12021K2', 'b8e6adfe-16c3-4ce7-b317-a9690ee20c1c', 'a3e5978a-21c1-4d36-9f36-9be6547307e0', 20, '', 280000, NULL, NULL, '2020-12-29 23:58:48', 1),
('c32eac30-50a2-406c-9bdd-e78063a4c420', 'HuyTest 123', '113213213637372314111856953', '8c18c2e4-6ca0-4655-a513-ba2b7bb890cb', '1', 122222, 'Class/20201001/149704618_hinhanhchocorgidethuong10.jpg', 999999999, NULL, NULL, '2020-10-02 03:30:11', 1),
('c540fbb8-2e39-4d70-9ce3-d6d776bfae42', '123312', 'antest12346', '1', '75032620-cfda-4cac-81b7-ea54b2d5f7b8', 10, 'Class/20201001/1546171107_637037687763926758_11promaxxanh.png', 100000, 'hihiam', 'hihi', '2020-09-30 23:40:17', 1),
('c615dc99-fd23-4964-8ed7-0f998f04b16f', 'Họa (sơ cấp)', '2020K5HOA1', 'ca81bad1-923f-4fe7-b99a-618136217efe', 'a3e5978a-21c1-4d36-9f36-9be6547307e0', 20, '', 220000, 'Phòng máy lạnh', 'Phòng máy lạnh', '2020-09-09 02:45:39', 1),
('c759c7f8-01f5-4426-b4fe-f448eda97a80', 'Bóng chuyền 001', 'KCB001', 'f8ccb338-f8f8-4cf5-86ca-a2a542348a8a', '820a933c-8acd-4796-ae26-19876d0ba6dd', 20, '', 1000000, 'UP', 'UP', '2020-09-25 02:52:27', 1),
('c906dded-2a8f-4225-a87a-3b37a3d93cbd', 'Tạo hình NT đất sét', '2020K5HOA32021K2', 'b8e6adfe-16c3-4ce7-b317-a9690ee20c1c', 'a3e5978a-21c1-4d36-9f36-9be6547307e0', 20, '', 270000, 'Phòng máy lạnh', 'Phòng máy lạnh', '2020-12-29 23:58:48', 1),
('caaea565-523c-4bee-a639-b1bc79e2d8dc', 'Bóng đá', '2020K5BONGDA', 'ca81bad1-923f-4fe7-b99a-618136217efe', 'a3e5978a-21c1-4d36-9f36-9be6547307e0', 20, '', 500000, NULL, NULL, '2020-09-09 03:01:17', 1),
('cce580a2-858e-4fb5-abfb-e4f8f1ef8352', 'Organ - Guitare Sơ cấp', '2020K5NHACCU2637385153185835840', '19ab2420-ef95-4669-884c-331b9d6d9c58', 'a3e5978a-21c1-4d36-9f36-9be6547307e0', 20, '', 250000, 'Phòng máy lạnh', 'Phòng máy lạnh', '2020-10-17 00:08:38', 1),
('ce217ede-9a37-48b1-9fdd-262c62f455e8', 'MC (Dẫn chương trình)', '2020K5MC2021K2', 'b8e6adfe-16c3-4ce7-b317-a9690ee20c1c', 'a3e5978a-21c1-4d36-9f36-9be6547307e0', 20, '', 300000, NULL, NULL, '2020-12-29 23:58:48', 1),
('d28bd748-952d-4119-9997-416b81e4d347', '2009.M0', 'CNTT01', '4369987f-571a-4993-b775-18a771efae2d', '1', 20, '', 5000000, NULL, NULL, '2020-09-29 21:15:26', 1),
('d2bd861b-7881-4600-b38d-11c96978b365', '123312', 'antest1234', '1', '75032620-cfda-4cac-81b7-ea54b2d5f7b8', 10, 'Class/20201001/659693172_637037687763926758_11promaxxanh.png', 100000, 'hihiam', 'hihiasfaga', '2020-09-30 20:28:16', 1),
('d6863e66-17cc-48ee-8bdc-249f26c52107', 'HuyTest 1995', '1995', '8d0036c2-8439-4d77-8d36-75878fd0f7c1', '1', 100, 'Class/20201001/1133145749_hinhanhchocorgidethuong10.jpg', 1000000, NULL, NULL, '2020-10-02 01:50:34', 1),
('d70a26c9-42bb-4379-823f-04919b5fb611', 'Múa Ballet - Múa Dân Gian (3 tuổi-6 tuổi)', '2020K5NHAY5', 'ca81bad1-923f-4fe7-b99a-618136217efe', 'a3e5978a-21c1-4d36-9f36-9be6547307e0', 20, '', 250000, 'Phòng máy lanh', 'Phòng máy lanh', '2020-09-09 03:02:08', 1),
('dceec297-ee65-4444-b41f-1f400ac258fc', 'Họa màu nước', '2020K5HOA2', 'ca81bad1-923f-4fe7-b99a-618136217efe', '1', 20, '', 250000, 'Phòng máy lạnh', 'Phòng máy lạnh', '2020-09-09 02:47:48', 1),
('e294a9e8-10a0-42d7-9fe1-92b34ae39c66', 'HuyTest 123', '113213213', '8d0036c2-8439-4d77-8d36-75878fd0f7c1', '1', 122222, 'Class/20201001/149704618_hinhanhchocorgidethuong10.jpg', 999999999, NULL, NULL, '2020-10-02 01:50:34', 1),
('e31be768-218c-48af-9047-503b4e8f4f64', 'Organ - Guitare Sơ cấp', '2020K5NHACCU2', 'ca81bad1-923f-4fe7-b99a-618136217efe', 'a3e5978a-21c1-4d36-9f36-9be6547307e0', 20, '', 250000, 'Phòng máy lạnh', 'Phòng máy lạnh', '2020-09-09 03:04:48', 1),
('e3d3d4ce-725f-4ffe-8220-516b6e24d36b', 'Kibana', 'ELASTIC01', '2c88f7c7-345f-4cf3-b013-08f6181a92ab', '1', 10, 'Class/20201001/1618458524_e1627917bb7747291e66.jpg', 10000000, NULL, NULL, '2020-10-01 01:18:54', 1),
('e6b0a4ed-a319-4de4-aaa2-96f391f8a0b4', 'Nhảy hiện đại KPop (10 tuổi trở lên)', '2020K5NHAY1', 'ca81bad1-923f-4fe7-b99a-618136217efe', 'a3e5978a-21c1-4d36-9f36-9be6547307e0', 20, '', 280000, NULL, NULL, '2020-09-09 02:57:04', 1),
('e89d2213-14fd-4b5d-95ef-ad3208b9881d', 'HÓA 10', 'HOA', '01a1bc03-5d98-4504-b634-a1ad1da6c0e6', '75032620-cfda-4cac-81b7-ea54b2d5f7b8', 4, 'Class/20200914/1441013698_fd7a1fd9f67b0a25536a.jpg', 1000000, 'Chiêu sinh ngày 14/9\nLớp Hóa\n', 'Chiêu sinh ngày 14/9\nLớp Hóa\n', '2020-09-13 21:37:33', 1),
('e9c20ce7-63a1-4700-b079-e8118dd6c791', 'MC (Dẫn chương trình)', '2020K5MC637385153185821659', '19ab2420-ef95-4669-884c-331b9d6d9c58', 'a3e5978a-21c1-4d36-9f36-9be6547307e0', 20, '', 300000, NULL, NULL, '2020-10-17 00:08:38', 1),
('ee605aa6-6435-4f2b-8703-03140957b21f', 'Chí Công test CLass Code Exist', '113222322222', 'f8ccb338-f8f8-4cf5-86ca-a2a542348a8a', '1', 10, 'Class/20201002/655981737_AlexandraDaddarioJoinsDwayneJohnsonInSanAndreas.jpg', 100000000, 'Mô tả Chí Công test CLass Code Exist,\"------\"', 'Mô tả Chí Công test CLass Code Exist,\"------\"', '2020-10-02 02:33:23', 0),
('f59c4f51-2b57-42d8-bc8b-4f5c273a7aca', 'ORGAN - Guitare nâng cao', '2020K5NHACCU1637385153185823563', '19ab2420-ef95-4669-884c-331b9d6d9c58', '1', 20, '', 280000, 'Phòng máy lạnh', 'Phòng máy lạnh', '2020-10-17 00:08:38', 1),
('f765be46-6b2a-4512-8f87-f69681f37d7a', 'Bóng Rổ', '2020K5BONGRO2021K2', 'b8e6adfe-16c3-4ce7-b317-a9690ee20c1c', 'a3e5978a-21c1-4d36-9f36-9be6547307e0', 20, '', 200000, NULL, NULL, '2020-12-29 23:58:48', 1),
('fa5e3eef-ea18-42a7-9ccb-d734c6c9d4d4', 'Nhảy Zumba Kid', '2020K5NHAY42021K2', 'b8e6adfe-16c3-4ce7-b317-a9690ee20c1c', 'a3e5978a-21c1-4d36-9f36-9be6547307e0', 20, '', 300000, NULL, NULL, '2020-12-29 23:58:48', 1),
('fdea6fc1-b5b1-4f1d-b212-ef8cfa3f8059', 'Múa Ấn Độ Bellydance Thiếu Nhi', '2020K5NHAY3', 'ca81bad1-923f-4fe7-b99a-618136217efe', 'a3e5978a-21c1-4d36-9f36-9be6547307e0', 20, '', 250000, NULL, NULL, '2020-09-09 02:58:16', 1),
('ff6c5016-6f5b-45f2-bced-effb38a80e9c', 'CL20201003', 'CL20201003637375641357505724637375642455274318', '23a92c46-9d7b-48ab-9051-50663517e0c6', '1', 25, '', 3500000, 'CL20201003', 'CL20201003', '2020-10-05 23:57:25', 1);

-- --------------------------------------------------------

--
-- Cấu trúc bảng cho bảng `rc_class_schedules`
--

CREATE TABLE `rc_class_schedules` (
  `class_schedule_id` varchar(255) COLLATE utf8_unicode_ci NOT NULL,
  `lecturer_id` varchar(255) COLLATE utf8_unicode_ci NOT NULL,
  `subject_id` varchar(255) COLLATE utf8_unicode_ci NOT NULL,
  `class_id` varchar(255) COLLATE utf8_unicode_ci NOT NULL,
  `schedule_type` int(11) DEFAULT 0 COMMENT 'type = 0 : Offline ;\ntype=1:Online',
  `class_room` varchar(50) COLLATE utf8_unicode_ci NOT NULL,
  `date_start` datetime NOT NULL,
  `date_end` datetime NOT NULL,
  `day_of_week` varchar(255) COLLATE utf8_unicode_ci DEFAULT NULL,
  `repeat_lesson` varchar(255) COLLATE utf8_unicode_ci DEFAULT NULL,
  `created_at` datetime NOT NULL DEFAULT current_timestamp(),
  `time_start` bigint(20) NOT NULL,
  `time_end` bigint(20) NOT NULL
) ENGINE=InnoDB DEFAULT CHARSET=utf8 COLLATE=utf8_unicode_ci;

--
-- Đang đổ dữ liệu cho bảng `rc_class_schedules`
--

INSERT INTO `rc_class_schedules` (`class_schedule_id`, `lecturer_id`, `subject_id`, `class_id`, `schedule_type`, `class_room`, `date_start`, `date_end`, `day_of_week`, `repeat_lesson`, `created_at`, `time_start`, `time_end`) VALUES
('031fdde4-116e-4bad-a99e-948f0d602322', '8bfac699-4b3d-4bdf-847c-9209a1e00f3e', '063a3b5c-dfc9-45ec-a125-62226f93b7cf', '0544c955-3442-40f1-9716-98ff7015a555', 0, 'C21', '2020-12-22 00:00:00', '2020-12-31 00:00:00', 'TUE,THU', NULL, '2020-10-19 16:49:40', 324000000001, 366000000000),
('08b6420c-3706-4a8c-ad9c-570d9dd67fec', 'dc1ccb13-8c75-4765-a2a2-f6a4e0876514', '640a5a4c-74ea-476e-b3a7-aa36517e00e8', 'dceec297-ee65-4444-b41f-1f400ac258fc', 0, 'C201', '2020-12-22 00:00:00', '2020-12-31 00:00:00', 'MON,WED,FRI', NULL, '2020-09-21 13:35:36', 324000000003, 351000000000),
('0d2119d0-16f5-4a35-99fd-a1488b78740f', 'dc1ccb13-8c75-4765-a2a2-f6a4e0876514', '640a5a4c-74ea-476e-b3a7-aa36517e00e8', '78dd60a0-650b-4c8b-b822-9e12f5e4b9f5', 0, 'C201', '2020-12-22 00:00:00', '2020-12-31 00:00:00', 'MON,WED,FRI', NULL, '2020-10-17 14:08:38', 252000000002, 324000000000),
('1f0a858d-a1ed-4829-88e6-d38f05758272', 'e767a062-3cfb-4e60-a810-001aed55f6d4', '052149db-ceea-4fc7-abbd-6177a231f259', '51c7366a-ea3e-4dbb-8e48-04b880df7a64', 0, 'dfg', '2020-09-01 00:00:00', '2020-10-30 00:00:00', 'MON,WED,FRI', NULL, '2020-09-29 18:29:21', 648000000000, 702000000000),
('1f4c01f1-69d8-4573-b526-3dc418cb4bc2', 'e6463590-a2e2-42ca-aa76-1f4ec97dddde', 'df6a916c-4587-4d0b-ad39-df5d9299a841', '9c181116-8ba6-4076-89b6-3b60b6d4f853', 0, 'mmm', '2020-12-17 00:00:00', '2021-01-21 00:00:00', 'MON,TUE,WED', NULL, '2020-12-17 14:51:51', 324000000000, 360000000000),
('1f532aa2-5c91-4c07-a417-f87c12ed1c29', 'e6463590-a2e2-42ca-aa76-1f4ec97dddde', '12f48dda-d6f1-4581-9930-8d11e9dda35d', '9c181116-8ba6-4076-89b6-3b60b6d4f853', 0, 'mmm', '2020-12-17 00:00:00', '2021-01-31 00:00:00', 'MON,TUE,WED,THU,FRI', NULL, '2020-12-17 15:05:41', 360000000000, 396000000000),
('221b6214-fa45-471f-aae9-8452e4643fa6', 'f1556ac9-ff78-452e-b2d6-2b6b5f481e5c', '37fc1fb5-acd6-4961-b75c-3591e23fe712', '0c89a627-3a3a-4e84-8720-69bf33b2074a', 0, 'LT00', '2020-10-01 00:00:00', '2020-11-30 00:00:00', 'MON,TUE,WED', NULL, '2020-10-01 15:27:52', 252000000000, 396000000000),
('27954419-32d7-4593-988c-2f5386ae7d4a', '6d4a97a2-730b-471e-9738-c8dfc758157a', 'fd3646b8-4b2a-4aa2-b870-02d218892c50', '509b318d-eae0-417f-b660-b4902e85558a', 0, '001', '2020-10-16 00:00:00', '2021-10-16 00:00:00', 'FRI,MON', NULL, '2020-10-12 16:35:12', 540000000000, 612000000000),
('2e54f73a-4ec4-4ad2-8f5e-8d18daf9bfa3', 'bbdfde53-d0d6-490b-84de-be03e6fc153e', '063a3b5c-dfc9-45ec-a125-62226f93b7cf', 'ff6c5016-6f5b-45f2-bced-effb38a80e9c', 0, '789', '2021-03-12 00:00:00', '2021-03-12 00:00:00', 'FRI,THU,WED', NULL, '2020-10-06 13:57:25', 252000000000, 324000000000),
('2fcd7410-b0be-49a6-b3ff-6638de723a1b', '30ab4a1d-585e-4516-b7f9-674971ccb263', '4cb0490d-81b9-421e-832b-a450d4c2939f', '152e9d17-3001-4a25-9d16-da20d2df8798', 0, '111', '2021-01-01 00:00:00', '2021-01-31 00:00:00', 'MON,TUE,WED,THU,FRI,SAT,SUN', NULL, '2020-12-15 18:18:59', 36000000001, 72000000000),
('33ec84e9-0766-4fb4-b624-663433a2e87e', '71d6add0-8475-45ea-b02e-632a484fb2ce', '05935c1a-f3be-4f6f-ab70-8ef6fc8dd8a2', 'bc4f07f2-6e68-453e-a5a1-4ef3bb891e03', 0, 'mmm', '2021-03-01 00:00:00', '2021-04-30 00:00:00', 'MON,THU', NULL, '2020-12-30 13:58:48', 108000000000, 828000000000),
('3417a08f-ccfa-4f0e-95e8-27f9a4c5bfcb', '70eff0f3-babf-4d4b-917f-438466b4fc70', '052149db-ceea-4fc7-abbd-6177a231f259', '152e9d17-3001-4a25-9d16-da20d2df8798', 0, 'mmm', '2020-12-17 00:00:00', '2021-01-30 00:00:00', 'TUE,WED,THU', NULL, '2020-12-17 14:24:39', 108000000000, 360000000000),
('38f47743-cdad-4064-96af-088fe14c126f', '6507c84b-24d4-473f-b82e-5479b3788738', '019b921b-bbf5-477a-bd1e-cf48dedda367', '4f36c6df-ca06-4dd6-883f-9af86c5f0922', 0, '001', '2020-10-06 00:00:00', '2020-11-04 00:00:00', 'TUE', NULL, '2020-10-06 14:38:46', 144000000000, 216000000000),
('3d606c01-420d-435a-be51-fb4a9163d3f8', 'bbdfde53-d0d6-490b-84de-be03e6fc153e', '063a3b5c-dfc9-45ec-a125-62226f93b7cf', '0544c955-3442-40f1-9716-98ff7015a555', 0, '789', '2020-10-01 00:00:00', '2020-10-31 00:00:00', 'FRI,THU,WED', NULL, '2020-10-03 17:56:34', 252000000000, 324000000000),
('42893807-4fda-4935-a312-ffd0a4fd581f', 'e767a062-3cfb-4e60-a810-001aed55f6d4', '052149db-ceea-4fc7-abbd-6177a231f259', '51c7366a-ea3e-4dbb-8e48-04b880df7a64', 0, 'ă', '2020-09-01 00:00:00', '2020-10-30 00:00:00', 'MON,WED,FRI', NULL, '2020-09-29 18:28:17', 702000000000, 756000000000),
('45cc33bd-2a07-43e0-8152-aabf5f3ace54', '1587c2b0-5ba7-4df7-bd5e-b70073677a3b', '58dcd216-02db-4c56-b3ce-32c320690512', 'd28bd748-952d-4119-9997-416b81e4d347', 0, '001', '2020-09-30 00:00:00', '2020-10-31 00:00:00', 'MON,WED,FRI', NULL, '2020-09-30 11:18:56', 288000000000, 432000000000),
('520bee2d-a700-405c-af79-3190fa3b910c', 'bbdfde53-d0d6-490b-84de-be03e6fc153e', '063a3b5c-dfc9-45ec-a125-62226f93b7cf', 'ac06faff-3ae7-45a3-8e45-0f858aaa16aa', 0, '789', '2020-12-03 00:00:00', '2021-02-03 00:00:00', 'FRI,THU,WED', NULL, '2020-10-06 13:55:35', 252000000000, 324000000000),
('6f7ddc35-0829-4f5d-be63-0162e76d74f7', '33212ca3-a4bb-4622-ad5a-56b63855f4c6', '9bc95f63-9738-4e58-9dd2-1d8a8af88e40', '52b9f576-2e84-4c43-a8aa-25bb63f9a228', 0, 'P3.6', '2020-09-15 00:00:00', '2020-10-15 00:00:00', 'WED,FRI', NULL, '2020-09-09 20:16:40', 306000000000, 342000000000),
('731c3384-b30e-4634-a7e8-414e1ea7f457', '33212ca3-a4bb-4622-ad5a-56b63855f4c6', '9bc95f63-9738-4e58-9dd2-1d8a8af88e40', '70949e69-db5c-4715-8f5a-7ce3145f6581', 0, 'P3.6', '2021-01-01 00:00:00', '2021-02-28 00:00:00', 'WED,FRI', NULL, '2020-10-17 14:08:38', 306000000000, 342000000000),
('784cbe94-467a-4783-a44c-c16e8a386beb', '8bfac699-4b3d-4bdf-847c-9209a1e00f3e', '0395f130-6724-4338-be16-3893ba90272a', 'b8dc1f85-9d54-4469-a271-67edc199d350', 0, 'AAA', '2020-10-04 00:00:00', '2020-11-30 00:00:00', 'MON,TUE,WED,THU,FRI,SAT,SUN', NULL, '2020-10-20 10:35:38', 216000000000, 396000000000),
('991c6e84-665a-42aa-9c7e-12c6f190be53', 'e6463590-a2e2-42ca-aa76-1f4ec97dddde', '3916f160-631c-4843-8d84-76291d365b35', '9c181116-8ba6-4076-89b6-3b60b6d4f853', 0, 'mmm', '2020-12-17 00:00:00', '2021-01-30 00:00:00', 'MON,TUE,WED,THU,FRI', NULL, '2020-12-17 14:49:55', 252000000000, 324000000000),
('9cf5fefb-311d-4594-92f4-2fc64cb0e3d4', '4cb7d446-488f-473f-bed7-8e9882755466', '68eb00d0-0ca1-4aad-8604-34783609e793', 'd28bd748-952d-4119-9997-416b81e4d347', 0, '003', '2020-09-30 00:00:00', '2020-10-31 00:00:00', 'THU,FRI,SAT', NULL, '2020-09-30 11:35:16', 504000000000, 576000000000),
('a99f5a5d-5021-4b7a-b28e-912d4c57686c', 'dc1ccb13-8c75-4765-a2a2-f6a4e0876514', '05056341-5850-45bb-8212-dcf70ec990b7', '351570cd-892f-4e5d-ae16-ae9e838e063f', 0, '123', '2020-09-21 00:00:00', '2020-10-31 00:00:00', 'MON,WED', NULL, '2020-09-25 15:58:40', 324000000000, 351000000000),
('b7408bb9-6c48-4915-a66f-bbc057ba7efb', '4cb7d446-488f-473f-bed7-8e9882755466', 'fd3646b8-4b2a-4aa2-b870-02d218892c50', '509b318d-eae0-417f-b660-b4902e85558a', 0, '001', '2020-10-16 00:00:00', '2021-10-16 00:00:00', 'MON,TUE,WED,THU,FRI', NULL, '2020-10-12 16:15:42', 252000000000, 396000000000),
('bd53600e-576e-453b-83e8-3ce2ba887b57', 'dc1ccb13-8c75-4765-a2a2-f6a4e0876514', '640a5a4c-74ea-476e-b3a7-aa36517e00e8', 'c0a430be-ff4b-4eec-bfa9-ed15bb73b33f', 0, 'C201', '2021-03-01 00:00:00', '2021-04-30 00:00:00', 'MON,WED,FRI', NULL, '2020-12-30 13:58:48', 324000000003, 351000000000),
('ca8c5c41-3b8b-466e-91c7-24b54eb6380f', '33212ca3-a4bb-4622-ad5a-56b63855f4c6', '9bc95f63-9738-4e58-9dd2-1d8a8af88e40', '426e791b-717b-4a76-ac07-d2759ac860cb', 0, 'P3.6', '2021-03-01 00:00:00', '2021-04-30 00:00:00', 'WED,FRI', NULL, '2020-12-30 13:58:48', 306000000002, 342000000000),
('cec60d1f-d8fb-4cff-8a0e-f6f7ccb259ea', 'f1556ac9-ff78-452e-b2d6-2b6b5f481e5c', 'a345c809-ca47-4b2c-bddf-b2dcb86be40a', 'e3d3d4ce-725f-4ffe-8220-516b6e24d36b', 0, 'LT02', '2020-10-01 00:00:00', '2020-11-30 00:00:00', 'THU,FRI,SAT', NULL, '2020-10-01 15:28:48', 36000000000, 216000000000),
('ec05c296-778f-4d89-92a6-7aee2bb520b5', 'f8352a9a-1977-4967-b9b9-5507be40093c', '063a3b5c-dfc9-45ec-a125-62226f93b7cf', '7e1b48aa-5262-4ce0-af50-5869d58ab402', 0, 'P111', '2020-09-21 00:00:00', '2021-04-06 00:00:00', 'SUN', NULL, '2020-09-29 17:59:13', 216000000000, 288000000000),
('ef62a056-34e2-4702-aefb-d0fca3e40155', '30ab4a1d-585e-4516-b7f9-674971ccb263', '4cb0490d-81b9-421e-832b-a450d4c2939f', '152e9d17-3001-4a25-9d16-da20d2df8798', 0, '111', '2021-01-01 00:00:00', '2021-01-31 00:00:00', 'MON,TUE,WED,THU,FRI,SAT,SUN', NULL, '2020-12-15 18:20:14', 72000000000, 108000000000),
('f6b6283c-3b47-47b4-bed5-49a63fc55f53', '71d6add0-8475-45ea-b02e-632a484fb2ce', '05935c1a-f3be-4f6f-ab70-8ef6fc8dd8a2', '06bde3f7-9870-4c34-aa85-e6e7ce8cc830', 0, 'mmm', '2020-12-17 00:00:00', '2021-01-14 00:00:00', 'MON,THU', NULL, '2020-12-17 10:28:16', 108000000000, 828000000000);

-- --------------------------------------------------------

--
-- Cấu trúc bảng cho bảng `rc_contacts`
--

CREATE TABLE `rc_contacts` (
  `contact_id` varchar(255) COLLATE utf8_unicode_ci NOT NULL,
  `contact_name` varchar(255) COLLATE utf8_unicode_ci NOT NULL,
  `contact_phone` varchar(255) COLLATE utf8_unicode_ci NOT NULL,
  `contact_email` varchar(255) COLLATE utf8_unicode_ci NOT NULL,
  `contact_content` text COLLATE utf8_unicode_ci NOT NULL,
  `contact_created_at` timestamp NOT NULL DEFAULT current_timestamp()
) ENGINE=InnoDB DEFAULT CHARSET=utf8 COLLATE=utf8_unicode_ci;

--
-- Đang đổ dữ liệu cho bảng `rc_contacts`
--

INSERT INTO `rc_contacts` (`contact_id`, `contact_name`, `contact_phone`, `contact_email`, `contact_content`, `contact_created_at`) VALUES
('0efd0517-540a-4dde-8d41-31486a313ebb', 'dfd', '121212312', 'dfdsf', '000000', '2020-08-28 03:41:55'),
('106650c2-564e-4562-85af-50711d344b8e', 'Thien.tran', '0332739275', 'thien.tran@alta.com.vn', 'thien tran', '2020-10-17 00:01:07'),
('1951b2a5-44e6-42a2-92ce-6534b993cf3b', 'my', '0964577491', 'my.tranthihuyen@alta.com.vn', 'hello', '2020-10-15 02:49:18'),
('1b0f3de1-277a-4839-88e8-5f16edb27b81', 'dfd', '1212123', 'dfdsf', '000000', '2020-08-28 03:41:46'),
('1c5fdf9c-beeb-43aa-834d-1b383144f9e7', 'thien', '0332739275', '1', 'thien tran', '2020-10-12 19:42:50'),
('287e38b1-0c00-4f50-a998-8d4d7518b641', 'my', '0964577491', 'my.tranthihuyen@alta.com.vn', 'hello', '2020-09-23 02:45:06'),
('298e82d3-c09c-422a-9d43-e400c960dc52', 'my', '1', 'my.tranthihuyen@alta.com.vn', 'My girlfriend\'s bitchin\' cause I always sleep in\nShe\'s always screamin\' when she\'s calling her friend\nShe\'s kinda hot though\nYeah, she\'s kinda hot though\n(Just an itty bitty little bit hot)\nMy shrink is telling me I got crazy dreams\nShe\'s also saying I got low self esteem\nShe\'s kinda hot though\nYeah, she\'s kinda hot though\n(Just a little bit a little bit hot)\nShe put me on meds, she won\'t get out of my head\nShe\'s kinda hot though\n(One, two, three, four)\nMy friend left college \'cause it felt like a job\nHis mom and dad both think he\'s a slob\nHe\'s got a shot though (No, not really)\nYeah, he\'s got a shot though (No, not really)\nWhen you\'ve got bigger plans that no one else understands\nYou\'ve got a shot though\n(Oh my, that\'s a big plan you\'ve got there)\nThey say we\'re losers and we\'re alright with that\nWe are the leaders of the not coming back\'s\nBut we\'re alright though\nYeah, we\'re alright though\nWe are the kings and the queens of the new broken scene\nYeah, we\'re alright though\n(Uno, dos, tres, cuatro)\nSometimes I\'m feeling like I\'m going insane\nMy neighbor told me that I got bad brains\nBut I\'m alright though (We\'re alright though)\nYeah, we\'ll be alright though (We\'re alright though)\n\'Cause we\'re the kings and the queens of the new broken scene\nAnd we\'re alright though\n(One, two, three, four)\nThey say we\'re losers and we\'re alright with that\nWe are the leaders of the not coming back\'s\nBut we\'re alright though (We\'re alright though)\nYeah, we\'re alright though (We\'re alright though)\nWe are the kings and the queens of the new broken scene\nYeah, we\'re alright though (We\'ve got to be OK)\nBut we\'re alright though\nYeah, we\'re alright though\nWe are the kings and the queens of the new broken scene\nYeah, we\'re alright though', '2020-09-23 20:23:10'),
('2b4c2faa-5066-427f-9a35-d3936d79d1ad', 'thien', '1', 'thien.tran@alta.com.vn', 'thien tran', '2020-10-15 01:31:45'),
('2ca04514-ea41-4523-902d-be16fdbcfcfd', 'Thien Tran', '01632739275', 'thien.tran@alta.com.vn', 'thien tran', '2020-08-24 07:22:01'),
('33cb9483-c9e7-455c-aa3d-696d03c29ed7', 'thien', '1', 'thien.tran@alta.com.vn', 'thien tran', '2020-10-12 23:55:56'),
('43070536-af6a-4936-ad06-aedce7454d68', 'thien', '1', 'thien.tran@alta.com.vn', 'thien tran', '2020-10-12 01:24:24'),
('46bdb167-f44a-432e-af2e-077fa5ccd94f', 'thien', '1', 'thien.tran@alta.com.vn', 'thien tran', '2020-10-15 02:40:24'),
('496af079-13f6-4b18-baff-b3f7b29709bc', 'dfd', '121212312', 'dfdsf', '000000', '2020-08-28 03:41:48'),
('4a1cba71-7a8c-4aa4-b9b9-cc19fd5e9718', 'dfd', '121212312', 'dfdsf', '000000', '2020-08-28 03:41:51'),
('4cb30b0a-d136-4f4a-9adb-207c8767728b', 'thien', '1', 'thien.tran@alta.com.vn', 'thien tran', '2020-10-15 02:34:22'),
('5c53c9f5-3787-411f-aa54-aff0a079ac65', 'dfd', 'fdsf', 'dfdsf', 'sfsdf', '2020-08-24 19:53:05'),
('5ce84c8d-09ae-4621-8d74-2d4324fc9642', 'thien', '1', 'thien.tran@alta.com.vn', 'thien tran', '2020-10-13 00:02:54'),
('5edeb772-2b3f-4be7-9da1-bb2b2a915736', 'thien', '1', 'thien.tran@alta.com.vn', 'thien tran', '2020-10-15 02:49:19'),
('65a86222-a3aa-4ca5-964f-3c49e50400be', 'Huy', '0971237654', 'ngthuy@gmail.com', 'oke oke oke oke', '2020-08-24 01:06:33'),
('6af899f9-a155-4a89-adc4-9786d78ae011', 'dfd', '121212312', 'dfdsf', '000000', '2020-08-28 03:41:50'),
('6b262c5e-45e6-45d4-84c3-d30f1a5f8d4b', 'my', '0964577491', 'my.tranthihuyen@alta.com.vn', 'hello', '2020-09-23 02:34:36'),
('6fa40caf-1ec6-4bd1-b870-077bb88d821e', 'thien', '1', 'thien.tran@alta.com.vn', 'thien tran', '2020-10-15 02:26:45'),
('79ad33c1-7a0d-4bbd-90e0-a6647c0ab0cf', 'Thien.tran', '0332739275', 'thien.tran@alta.com.vn', 'thien tran', '2020-08-24 00:50:51'),
('7b0fe2e7-c32a-4921-8cbc-1a115fec148c', 'my', '0964577491', 'my.tranthihuyen@alta.com.vn', 'My girlfriend\'s bitchin\' cause I always sleep in\nShe\'s always screamin\' when she\'s calling her friend\nShe\'s kinda hot though\nYeah, she\'s kinda hot though\n(Just an itty bitty little bit hot)\nMy shrink is telling me I got crazy dreams\nShe\'s also saying I got low self esteem\nShe\'s kinda hot though\nYeah, she\'s kinda hot though\n(Just a little bit a little bit hot)\nShe put me on meds, she won\'t get out of my head\nShe\'s kinda hot though\n(One, two, three, four)\nMy friend left college \'cause it felt like a job\nHis mom and dad both think he\'s a slob\nHe\'s got a shot though (No, not really)\nYeah, he\'s got a shot though (No, not really)\nWhen you\'ve got bigger plans that no one else understands\nYou\'ve got a shot though\n(Oh my, that\'s a big plan you\'ve got there)\nThey say we\'re losers and we\'re alright with that\nWe are the leaders of the not coming back\'s\nBut we\'re alright though\nYeah, we\'re alright though\nWe are the kings and the queens of the new broken scene\nYeah, we\'re alright though\n(Uno, dos, tres, cuatro)\nSometimes I\'m feeling like I\'m going insane\nMy neighbor told me that I got bad brains\nBut I\'m alright though (We\'re alright though)\nYeah, we\'ll be alright though (We\'re alright though)\n\'Cause we\'re the kings and the queens of the new broken scene\nAnd we\'re alright though\n(One, two, three, four)\nThey say we\'re losers and we\'re alright with that\nWe are the leaders of the not coming back\'s\nBut we\'re alright though (We\'re alright though)\nYeah, we\'re alright though (We\'re alright though)\nWe are the kings and the queens of the new broken scene\nYeah, we\'re alright though (We\'ve got to be OK)\nBut we\'re alright though\nYeah, we\'re alright though\nWe are the kings and the queens of the new broken scene\nYeah, we\'re alright though', '2020-09-23 20:22:33'),
('7be45781-14e5-4394-bb23-700925eb3093', 'thien', '1', 'thien.tran@alta.com.vn', 'thien tran', '2020-10-12 01:29:46'),
('7c33411d-d108-4d57-ba24-e7f5af0a0c79', 'Thien Tran', '01632739275', 'thien.tran@alta.com.vn', 'thien tran', '2020-08-24 07:21:34'),
('7ceac239-1cc4-48a8-b346-6d752c5cc19b', 'my', '0964577491', 'my.tranthihuyen@alta.com.vn', 'hello', '2020-10-15 02:40:23'),
('7dd87ea1-ce75-4f6f-b22e-3b9caa6cdcc3', 'my', '0964577491', 'my.tranthihuyen@alta.com.vn', 'hello', '2020-10-13 00:02:49'),
('812afdfb-8b84-45e5-9e31-397bc2fd9fc8', 'aaaa', '0123456123', 'aaaa@gmail.com', 'aaaa', '2020-10-12 19:40:29'),
('85faf18c-3543-44f4-8a63-c67ab679b6a3', 'thien', '1', 'thien.tran@alta.com.vn', 'thien tran', '2020-10-12 02:05:18'),
('8b92f262-3441-41a5-ae09-7c24eeed8d77', 'my', '0964577491', 'my.tranthihuyen@alta.com.vn', 'hello', '2020-10-15 02:26:45'),
('8dd22246-218e-457a-b64b-bfe9e585eefb', 'my', '1', 'my.tranthihuyen@alta.com.vn', 'My girlfriend\'s bitchin\' cause I always sleep in\nShe\'s always screamin\' when she\'s calling her friend\nShe\'s kinda hot though\nYeah, she\'s kinda hot though\n(Just an itty bitty little bit hot)\nMy shrink is telling me I got crazy dreams\nShe\'s also saying I got low self esteem\nShe\'s kinda hot though\nYeah, she\'s kinda hot though\n(Just a little bit a little bit hot)\nShe put me on meds, she won\'t get out of my head\nShe\'s kinda hot though\n(One, two, three, four)\nMy friend left college \'cause it felt like a job\nHis mom and dad both think he\'s a slob\nHe\'s got a shot though (No, not really)\nYeah, he\'s got a shot though (No, not really)\nWhen you\'ve got bigger plans that no one else understands\nYou\'ve got a shot though\n(Oh my, that\'s a big plan you\'ve got there)\nThey say we\'re losers and we\'re alright with that\nWe are the leaders of the not coming back\'s\nBut we\'re alright though\nYeah, we\'re alright though\nWe are the kings and the queens of the new broken scene\nYeah, we\'re alright though\n(Uno, dos, tres, cuatro)\nSometimes I\'m feeling like I\'m going insane\nMy neighbor told me that I got bad brains\nBut I\'m alright though (We\'re alright though)\nYeah, we\'ll be alright though (We\'re alright though)\n\'Cause we\'re the kings and the queens of the new broken scene\nAnd we\'re alright though\n(One, two, three, four)\nThey say we\'re losers and we\'re alright with that\nWe are the leaders of the not coming back\'s\nBut we\'re alright though (We\'re alright though)\nYeah, we\'re alright though (We\'re alright though)\nWe are the kings and the queens of the new broken scene\nYeah, we\'re alright though (We\'ve got to be OK)\nBut we\'re alright though\nYeah, we\'re alright though\nWe are the kings and the queens of the new broken scene\nYeah, we\'re alright though', '2020-09-23 20:22:49'),
('8de29842-23e2-472e-a74c-e613d586d264', 'my', '0964577491', 'my.tranthihuyen@alta.com.vn', 'hello', '2020-10-15 02:34:21'),
('8f08e8c8-faee-4970-83b9-fb985d8b35d2', 'Thien.tran', '0332739275', 'thien.tran@alta.com.vn', 'thien tran', '2020-10-12 19:39:36'),
('9332cf85-9d4c-4bcf-8054-da3aae7ec8ff', 'my', '0964577491', 'my.tranthihuyen@alta.com.vn', 'hello', '2020-10-12 02:05:17'),
('96229027-5258-4f71-895d-2fa200720121', 'my', '0964577491', 'my.tranthihuyen@alta.com.vn', 'hello', '2020-10-08 22:18:42'),
('9ec74eec-d692-4432-bde1-1cec416645ec', 'dfd', '121212312', 'dfdsf', '000000', '2020-08-28 03:41:51'),
('a70869d2-67f8-40d0-8438-d51d9a7433bf', 'my', '1', '1', 'My girlfriend\'s bitchin\' cause I always sleep in\nShe\'s always screamin\' when she\'s calling her friend\nShe\'s kinda hot though\nYeah, she\'s kinda hot though\n(Just an itty bitty little bit hot)\nMy shrink is telling me I got crazy dreams\nShe\'s also saying I got low self esteem\nShe\'s kinda hot though\nYeah, she\'s kinda hot though\n(Just a little bit a little bit hot)\nShe put me on meds, she won\'t get out of my head\nShe\'s kinda hot though\n(One, two, three, four)\nMy friend left college \'cause it felt like a job\nHis mom and dad both think he\'s a slob\nHe\'s got a shot though (No, not really)\nYeah, he\'s got a shot though (No, not really)\nWhen you\'ve got bigger plans that no one else understands\nYou\'ve got a shot though\n(Oh my, that\'s a big plan you\'ve got there)\nThey say we\'re losers and we\'re alright with that\nWe are the leaders of the not coming back\'s\nBut we\'re alright though\nYeah, we\'re alright though\nWe are the kings and the queens of the new broken scene\nYeah, we\'re alright though\n(Uno, dos, tres, cuatro)\nSometimes I\'m feeling like I\'m going insane\nMy neighbor told me that I got bad brains\nBut I\'m alright though (We\'re alright though)\nYeah, we\'ll be alright though (We\'re alright though)\n\'Cause we\'re the kings and the queens of the new broken scene\nAnd we\'re alright though\n(One, two, three, four)\nThey say we\'re losers and we\'re alright with that\nWe are the leaders of the not coming back\'s\nBut we\'re alright though (We\'re alright though)\nYeah, we\'re alright though (We\'re alright though)\nWe are the kings and the queens of the new broken scene\nYeah, we\'re alright though (We\'ve got to be OK)\nBut we\'re alright though\nYeah, we\'re alright though\nWe are the kings and the queens of the new broken scene\nYeah, we\'re alright though', '2020-09-23 20:24:45'),
('a8e83d3a-4253-4cc8-8757-cf5d267eebb5', 'aaaa', '0123456123', 'aaaa@gmail.com', 'aaaa', '2020-10-12 19:38:22'),
('b3c4e724-c075-478a-91af-95c4f5c229bc', 'dfd', 'fdsf', 'dfdsf', 'sfsdf', '2020-08-24 19:53:04'),
('b8da033e-f6cf-4c08-a563-70e1a92211f9', 'dfd', '121212312', 'dfdsf', '000000', '2020-08-28 03:41:51'),
('be9feb85-9caa-4f0d-90dc-1b20c103b909', 'dfd', '1212', 'dfdsf', '000000', '2020-08-28 03:41:46'),
('c36e6d49-4ef3-4074-8fa1-15b9c93d31c3', 'thien', '1', 'thien.tran@alta.com.vn', 'thien tran', '2020-10-15 02:56:43'),
('c5a47375-d1de-4b32-9a19-52ae015fc689', 'dfd', '121212312', 'dfdsf', '000000', '2020-08-28 03:41:55'),
('c6bd3c01-5f94-4dc8-8d7f-ae02b3e5c8af', 'dfd', '121212312', 'dfdsf', '000000', '2020-08-28 03:41:51'),
('c9bf1ad3-a171-463d-9c92-4c289493c439', 'thien', '1', 'thien.tran@alta.com.vn', 'thien tran', '2020-10-08 22:18:47'),
('cb4d428d-299e-49e2-971a-1177a6744c8a', 'thien', '1', 'thien.tran@alta.com.vn', 'thien tran', '2020-10-12 19:40:03'),
('d0e6795e-8adc-498f-8a2e-27ba0a5c86c9', 'my', '0964577491', 'my.tranthihuyen@alta.com.vn', 'hello', '2020-10-15 01:31:44'),
('d7285e4e-db78-44bc-a281-204a768ce127', 'my', '0964577491', 'my.tranthihuyen@alta.com.vn', 'hello', '2020-10-12 01:24:24'),
('e4192378-cd1a-4397-b53b-23cd89023fed', 'my', '0964577491', 'my.tranthihuyen@alta.com.vn', 'hello', '2020-10-12 23:55:46'),
('eb33ca6a-9147-47d3-bdf8-e3eb3c7ef2fe', 'my', '0964577491', 'my.tranthihuyen@alta.com.vn', 'hello', '2020-10-12 01:29:45'),
('f08269c2-b141-44f3-861f-5d000369ceb9', 'my', '0964577491', 'my.tranthihuyen@alta.com.vn', 'hello', '2020-10-15 02:56:43');

-- --------------------------------------------------------

--
-- Cấu trúc bảng cho bảng `rc_courses`
--

CREATE TABLE `rc_courses` (
  `course_id` varchar(255) COLLATE utf8_unicode_ci NOT NULL,
  `course_name` varchar(100) COLLATE utf8_unicode_ci NOT NULL,
  `course_code` varchar(100) COLLATE utf8_unicode_ci NOT NULL,
  `course_created` timestamp NOT NULL DEFAULT current_timestamp()
) ENGINE=InnoDB DEFAULT CHARSET=utf8 COLLATE=utf8_unicode_ci;

--
-- Đang đổ dữ liệu cho bảng `rc_courses`
--

INSERT INTO `rc_courses` (`course_id`, `course_name`, `course_code`, `course_created`) VALUES
('01a1bc03-5d98-4504-b634-a1ad1da6c0e6', 'Khối 11', '2019K11', '2020-08-26 02:53:23'),
('1', 'No-Delete-15/08/2020', 'Defaul', '2020-08-15 03:49:32'),
('19ab2420-ef95-4669-884c-331b9d6d9c58', 'Các lớp năng khiếu Khóa 1- 2021', '2021K1', '2020-10-17 00:08:38'),
('1c7c5403-378d-4eaa-b0bd-84ca857519f4', 'Khối Để Test - Không Xóa', '[No-Delete]', '2020-08-26 20:13:09'),
('22d683c8-e4a3-4ccf-8d92-e3d45da4525c', 'copy khoá KDT20201003', 'KDT20201203', '2020-10-05 23:55:35'),
('23a92c46-9d7b-48ab-9051-50663517e0c6', 'copy', 'KDT20201203', '2020-10-05 23:57:25'),
('2c88f7c7-345f-4cf3-b013-08f6181a92ab', 'Default', 'DF102020', '2020-09-30 21:20:55'),
('2ff7ddbd-7fab-4328-896c-83f7fc2bd4c8', 'PHAT1234', 'PHAT1234', '2020-10-01 03:06:23'),
('33aee64d-63c5-40b1-a87b-fecff0b82a30', 'Lớp học đã copy', 'ClassCopi', '2020-10-02 02:11:09'),
('35f9792e-5c98-446f-bb4c-231608fa9083', 'Test copy khóa học, ko xóa', 'HuyTest', '2020-10-01 02:21:09'),
('3c14a45d-f41a-42c4-ac3b-58db43d8670f', 'Khối 12', '2021K12', '2020-09-17 21:45:56'),
('4369987f-571a-4993-b775-18a771efae2d', 'Công nghệ thông tin', 'CNTT', '2020-09-27 20:48:29'),
('4db43af8-aada-4d6e-89a4-afb61a1fd9b2', 'Ngoại ngữ', 'NN001', '2020-10-01 01:33:34'),
('55b09033-d9b1-4437-ad22-3fea9481c936', 'Ngôn ngữ Anh', 'NNA20-2', '2020-09-18 00:55:34'),
('58340b29-f33d-4c35-bbf6-1446c435a37e', 'Lớp Cppy by C', 'Lớp Cppy by C', '2020-10-02 03:56:48'),
('5dc62fca-3d6f-40b1-9125-da3a35ea3cc5', 'Tháng 9/2020', '202009', '2020-10-02 04:24:23'),
('7e8d2214-cd2a-4382-bbdb-638aab24d2e8', 'Lớp học đã copy', 'ClassCopi', '2020-10-02 03:57:03'),
('8c18c2e4-6ca0-4655-a513-ba2b7bb890cb', 'Lớp Cppy by C', 'Lớp Cppy by C', '2020-10-02 03:30:11'),
('8d0036c2-8439-4d77-8d36-75878fd0f7c1', 'Lớp học đã copy', 'ClassCopi', '2020-10-02 01:50:34'),
('8db024a7-d6bf-4eca-8918-3cb555456e22', 'PeterParker', 'ABC', '2020-09-30 20:36:02'),
('b8e6adfe-16c3-4ce7-b317-a9690ee20c1c', 'Các lớp năng khiếu Khóa 2- 2021', '2021K2', '2020-12-29 23:58:48'),
('ca81bad1-923f-4fe7-b99a-618136217efe', 'CÁC LỚP NĂNG KHIẾU THIẾU NHI - Khóa 4', '2020K4', '2020-09-09 02:20:28'),
('cdbdcba4-2bca-4122-abd2-6e391f566fda', 'ádb', 'abc44', '2020-10-01 02:50:42'),
('d81a582e-d7ad-4931-ba66-dada0014de74', 'Ngôn ngữ Anh', 'NNA20-20', '2020-09-18 00:55:21'),
('e48b50b2-1398-4201-9c13-ed3bfaf932ac', 'KDT20201003', 'KDT20201003', '2020-10-03 03:43:27'),
('f8ccb338-f8f8-4cf5-86ca-a2a542348a8a', 'Khối Cơ Bản', '2020KBC', '2020-09-25 02:49:59'),
('fbaf0872-dac5-4239-bfaf-e3097a15fccc', 'HuyTest1', 'HuyTest1', '2020-12-17 06:09:32');

--
-- Bẫy `rc_courses`
--
DELIMITER $$
CREATE TRIGGER `default_course_not_delete` BEFORE DELETE ON `rc_courses` FOR EACH ROW BEGIN
	IF old.course_id = "1" THEN
    	signal sqlstate '42000' set message_text = "Khoi defaul";
    END IF;
END
$$
DELIMITER ;

-- --------------------------------------------------------

--
-- Cấu trúc bảng cho bảng `rc_course_school_years`
--

CREATE TABLE `rc_course_school_years` (
  `course_school_year_id` varchar(255) COLLATE utf8_unicode_ci NOT NULL,
  `course_id` varchar(255) COLLATE utf8_unicode_ci NOT NULL,
  `school_year_id` varchar(255) COLLATE utf8_unicode_ci NOT NULL,
  `course_school_year_create_at` datetime DEFAULT current_timestamp()
) ENGINE=InnoDB DEFAULT CHARSET=utf8 COLLATE=utf8_unicode_ci;

--
-- Đang đổ dữ liệu cho bảng `rc_course_school_years`
--

INSERT INTO `rc_course_school_years` (`course_school_year_id`, `course_id`, `school_year_id`, `course_school_year_create_at`) VALUES
('0a331c86-e22c-431e-9ba9-e3ef8391770a', '1', '75032620-cfda-4cac-81b7-ea54b2d5f7b8', '2020-08-18 06:44:01'),
('0e63dce7-8765-4c94-8a50-1b048afd8c30', '1', '75032620-cfda-4cac-81b7-ea54b2d5f7b8', '2020-08-17 12:43:36'),
('1b9c9ab6-6cfc-4c0b-aa0e-6c6194b34007', '1', '75032620-cfda-4cac-81b7-ea54b2d5f7b8', '2020-08-18 06:40:20'),
('36ef4233-3d95-4e07-a116-1ce5650c4bc0', '1', '75032620-cfda-4cac-81b7-ea54b2d5f7b8', '2020-08-18 06:36:12'),
('6e9ee09a-7807-45f4-b655-e841140b7cbb', '1', '75032620-cfda-4cac-81b7-ea54b2d5f7b8', '2020-08-18 06:45:31'),
('a341c8e4-c8a2-4321-a0c6-9e8e2590ae9e', '1', '75032620-cfda-4cac-81b7-ea54b2d5f7b8', '2020-08-18 06:42:02'),
('aa00da4c-c846-4c3b-aec3-efcc32392326', '1', '75032620-cfda-4cac-81b7-ea54b2d5f7b8', '2020-08-18 06:37:32'),
('b5d9f090-4e57-43e8-bfb1-3f0279e57480', '1', '75032620-cfda-4cac-81b7-ea54b2d5f7b8', '2020-08-18 06:46:25'),
('c11ab0b9-2ef6-4a1e-84b4-4f5eabdff824', '1', '75032620-cfda-4cac-81b7-ea54b2d5f7b8', '2020-08-18 06:28:24'),
('c5aa9b5f-4c9e-42ae-a37b-87ea50e4c0ad', '1', '75032620-cfda-4cac-81b7-ea54b2d5f7b8', '2020-08-18 06:47:25'),
('e6656335-39d8-44b9-b73b-1de208795b88', '1', '75032620-cfda-4cac-81b7-ea54b2d5f7b8', '2020-08-18 03:01:10'),
('e6d6ab65-52ef-4edb-9b5c-ef62ac402cf8', '1', '75032620-cfda-4cac-81b7-ea54b2d5f7b8', '2020-08-18 06:18:12'),
('faf79c3c-e31f-4a1d-9a6c-f44479a29e65', '1', '75032620-cfda-4cac-81b7-ea54b2d5f7b8', '2020-08-18 06:44:21');

-- --------------------------------------------------------

--
-- Cấu trúc bảng cho bảng `rc_course_subjects`
--

CREATE TABLE `rc_course_subjects` (
  `course_subject_id` varchar(255) COLLATE utf8_unicode_ci NOT NULL,
  `course_id` varchar(255) COLLATE utf8_unicode_ci NOT NULL,
  `subject_id` varchar(255) COLLATE utf8_unicode_ci NOT NULL,
  `score_type_id` varchar(255) COLLATE utf8_unicode_ci NOT NULL,
  `column_number` int(10) NOT NULL DEFAULT 1,
  `check_required_column_number` int(10) NOT NULL DEFAULT 1 COMMENT 'nhập số lượng cột tối thiểu',
  `course_subject_created_at` timestamp NOT NULL DEFAULT current_timestamp()
) ENGINE=InnoDB DEFAULT CHARSET=utf8 COLLATE=utf8_unicode_ci;

--
-- Đang đổ dữ liệu cho bảng `rc_course_subjects`
--

INSERT INTO `rc_course_subjects` (`course_subject_id`, `course_id`, `subject_id`, `score_type_id`, `column_number`, `check_required_column_number`, `course_subject_created_at`) VALUES
('02432975-a06a-4887-ada8-e713c00085f1', '1', '47d564a7-a23a-4c7a-abfb-800364dd2dbd', '57d31738-26cf-45bd-82f1-8069a58ba285', 4, 4, '2020-08-24 21:59:28'),
('026d058b-661e-4023-a129-dd2caed4f63b', '1', '0e5f36c2-4209-44d7-9774-f10dba28bd80', '4611a83c-e5fb-4269-a4a6-c7959937a847', 4, 1, '2020-08-24 00:35:22'),
('028780c6-91ae-47dc-ad09-63b48711ee5e', '4369987f-571a-4993-b775-18a771efae2d', '58dcd216-02db-4c56-b3ce-32c320690512', '81e091a1-0180-4619-881a-29868fb0c020', 3, 1, '2020-10-01 21:16:50'),
('04de8e1a-1aac-4c7e-a064-326c2f6fde55', '4369987f-571a-4993-b775-18a771efae2d', '68eb00d0-0ca1-4aad-8604-34783609e793', '57d31738-26cf-45bd-82f1-8069a58ba285', 5, 1, '2020-10-02 01:48:35'),
('05c50adc-f3ee-43df-b05d-9aa223473ee7', '1', 'fd3646b8-4b2a-4aa2-b870-02d218892c50', '57d31738-26cf-45bd-82f1-8069a58ba285', 3, 3, '2020-08-26 03:40:26'),
('07ea4f85-4858-449e-bfd2-468718f15b3b', '3c14a45d-f41a-42c4-ac3b-58db43d8670f', 'aabbc52a-b0c7-4f08-8044-615d0a3d826b', '57d31738-26cf-45bd-82f1-8069a58ba285', 3, 3, '2020-09-25 02:29:56'),
('0934530e-a715-476d-b772-bf143b884f3f', '01a1bc03-5d98-4504-b634-a1ad1da6c0e6', '052149db-ceea-4fc7-abbd-6177a231f259', '86ae171e-10f3-465a-816f-c86d9c487983', 4, 3, '2020-09-24 03:55:24'),
('0a9879e1-dcdc-423c-8f5e-c418ed1153aa', '1', '0e5f36c2-4209-44d7-9774-f10dba28bd80', '57d31738-26cf-45bd-82f1-8069a58ba285', 4, 1, '2020-08-24 00:34:17'),
('0cae54b4-fb07-43dd-a7cf-ff4189be7011', '2c88f7c7-345f-4cf3-b013-08f6181a92ab', '05056341-5850-45bb-8212-dcf70ec990b7', '137f67b6-b313-49bd-9af3-78f397b7ddc3', 3, 2, '2020-10-08 22:16:13'),
('0fdc3979-67d7-44e9-a555-4e628fd097e7', 'ca81bad1-923f-4fe7-b99a-618136217efe', '640a5a4c-74ea-476e-b3a7-aa36517e00e8', '137f67b6-b313-49bd-9af3-78f397b7ddc3', 2, 2, '2020-12-22 06:02:52'),
('100b7d60-1fc6-442c-a35b-b8115bd2a299', '55b09033-d9b1-4437-ad22-3fea9481c936', '4ece9b6e-605d-413d-8dcf-65cbd30edbbd', '4611a83c-e5fb-4269-a4a6-c7959937a847', 1, 1, '2020-12-15 21:58:53'),
('1648ba0d-cecf-4453-b870-692342ada525', 'e48b50b2-1398-4201-9c13-ed3bfaf932ac', '80f2a70a-34cf-463b-8ce8-6a26282e3db5', '137f67b6-b313-49bd-9af3-78f397b7ddc3', 1, 1, '2020-12-15 22:34:46'),
('1672ae93-f899-40c2-9578-2532fed9c5c3', '1', '41de27ca-140b-4c8f-8ceb-993e41da3c5a', '57d31738-26cf-45bd-82f1-8069a58ba285', 4, 4, '2020-08-25 02:53:19'),
('187cbb56-8af3-4711-9ed4-85707a4c60fd', '1c7c5403-378d-4eaa-b0bd-84ca857519f4', '83bfb5cf-1712-4e73-b25d-a23be012fbde', '81e091a1-0180-4619-881a-29868fb0c020', 3, 3, '2020-08-26 20:54:39'),
('18a0ab7e-5277-4dfb-86d2-4013fc9d1ec7', '1c7c5403-378d-4eaa-b0bd-84ca857519f4', '0395f130-6724-4338-be16-3893ba90272a', '137f67b6-b313-49bd-9af3-78f397b7ddc3', 5, 4, '2020-12-15 21:51:53'),
('1982b629-9fd4-41b2-8102-c2146e28cc06', '4369987f-571a-4993-b775-18a771efae2d', '58dcd216-02db-4c56-b3ce-32c320690512', '819b1f54-d85a-4001-8066-8f4ba3e1f606', 2, 2, '2020-10-09 20:53:00'),
('2108b60a-aadd-43c3-981e-92183698b0e8', '01a1bc03-5d98-4504-b634-a1ad1da6c0e6', '019b921b-bbf5-477a-bd1e-cf48dedda367', '4611a83c-e5fb-4269-a4a6-c7959937a847', 4, 0, '2020-09-24 01:13:19'),
('22375003-0c09-4afe-bba0-63914bca2965', '3c14a45d-f41a-42c4-ac3b-58db43d8670f', '09003993-410c-4446-ae21-922f48074484', '4611a83c-e5fb-4269-a4a6-c7959937a847', 1, 2, '2020-09-24 00:09:28'),
('22971376-7f72-4ca7-a3fe-821a36a097cd', '01a1bc03-5d98-4504-b634-a1ad1da6c0e6', '019b921b-bbf5-477a-bd1e-cf48dedda367', '57d31738-26cf-45bd-82f1-8069a58ba285', 1, 2, '2020-09-24 00:14:26'),
('295de494-093d-4744-9dec-9bd1ea74c23c', '1', '052149db-ceea-4fc7-abbd-6177a231f259', '86ae171e-10f3-465a-816f-c86d9c487983', 1, 1, '2020-08-20 01:58:22'),
('2eba2888-302f-40e6-8ff0-74989e38f0c3', '1', '80bd612f-071d-4eeb-b506-e2643e485ac6', '57d31738-26cf-45bd-82f1-8069a58ba285', 4, 4, '2020-08-24 19:48:44'),
('30a07478-9a0d-48ec-a733-1329b167bc33', '1', '5f551f33-b43d-49b7-8e50-31859606e5d9', '57d31738-26cf-45bd-82f1-8069a58ba285', 4, 4, '2020-08-24 21:55:55'),
('345eece4-4b34-4dec-a315-3ff49f3e4eac', '1', '0e5f36c2-4209-44d7-9774-f10dba28bd80', '4611a83c-e5fb-4269-a4a6-c7959937a847', 4, 1, '2020-08-24 00:34:07'),
('3a208bcf-a270-4744-9b38-959b81ce285c', '55b09033-d9b1-4437-ad22-3fea9481c936', '019b921b-bbf5-477a-bd1e-cf48dedda367', '137f67b6-b313-49bd-9af3-78f397b7ddc3', 2, 2, '2020-12-15 22:55:22'),
('3a3ebd39-3352-4614-b249-500a7cc5cb9e', '1', '694cf4f7-00ef-44a0-923f-345abf7899e1', '4611a83c-e5fb-4269-a4a6-c7959937a847', 4, 0, '2020-08-24 04:05:51'),
('45844d75-1938-4a24-945d-49c840951b85', '1', '41de27ca-140b-4c8f-8ceb-993e41da3c5a', '86ae171e-10f3-465a-816f-c86d9c487983', 1, 1, '2020-08-25 03:20:46'),
('51f1bd54-3c87-43e9-9453-b3ad098fd206', '19ab2420-ef95-4669-884c-331b9d6d9c58', '05056341-5850-45bb-8212-dcf70ec990b7', '2a010466-5625-4165-85c8-46f1b49a7a60', 2, 2, '2020-12-15 21:59:43'),
('555c58fe-4dac-42e9-a61f-e9464970703a', '1c7c5403-378d-4eaa-b0bd-84ca857519f4', '4cb0490d-81b9-421e-832b-a450d4c2939f', '81e091a1-0180-4619-881a-29868fb0c020', 4, 3, '2020-08-26 20:29:30'),
('590d7091-5823-4c7e-a5e4-177e13ab54f4', '1', 'fd3646b8-4b2a-4aa2-b870-02d218892c50', '86ae171e-10f3-465a-816f-c86d9c487983', 1, 1, '2020-08-26 03:40:14'),
('5c0c4c1d-72fd-441f-a6be-39f4abf58627', 'd81a582e-d7ad-4931-ba66-dada0014de74', '019b921b-bbf5-477a-bd1e-cf48dedda367', '4611a83c-e5fb-4269-a4a6-c7959937a847', 1, 1, '2020-12-15 21:53:50'),
('5e031cfd-1a30-418e-90a9-f4beceea955b', '1', '052149db-ceea-4fc7-abbd-6177a231f259', '81e091a1-0180-4619-881a-29868fb0c020', 4, 1, '2020-08-20 01:57:03'),
('619638c1-a36c-4e40-ace0-4c341a9d446b', '1', '052149db-ceea-4fc7-abbd-6177a231f259', '57d31738-26cf-45bd-82f1-8069a58ba285', 4, 1, '2020-08-20 01:57:47'),
('65310cb0-e693-42b2-90e7-722629400fcc', '1', '052149db-ceea-4fc7-abbd-6177a231f259', '4611a83c-e5fb-4269-a4a6-c7959937a847', 2, 2, '2020-08-20 01:58:03'),
('691da4c8-ffc8-43cf-9642-0b7db79144bd', '1c7c5403-378d-4eaa-b0bd-84ca857519f4', '4cb0490d-81b9-421e-832b-a450d4c2939f', '4611a83c-e5fb-4269-a4a6-c7959937a847', 2, 2, '2020-08-26 20:28:08'),
('6a9d7c09-54b8-48d5-a12c-67edf38b4f95', '1c7c5403-378d-4eaa-b0bd-84ca857519f4', '83bfb5cf-1712-4e73-b25d-a23be012fbde', '86ae171e-10f3-465a-816f-c86d9c487983', 1, 1, '2020-08-26 20:57:37'),
('6e05c661-990d-4be6-a0c7-3aac1646d87e', '33aee64d-63c5-40b1-a87b-fecff0b82a30', '063a3b5c-dfc9-45ec-a125-62226f93b7cf', '57d31738-26cf-45bd-82f1-8069a58ba285', 2, 2, '2020-10-03 00:08:59'),
('6effe736-9d3a-4f72-b196-7e63eb9cb5a1', '1c7c5403-378d-4eaa-b0bd-84ca857519f4', '4cb0490d-81b9-421e-832b-a450d4c2939f', '86ae171e-10f3-465a-816f-c86d9c487983', 1, 0, '2020-08-26 20:25:54'),
('72ff8d9b-a9fc-4812-a534-d8bdb9e60f2b', '1', '5f551f33-b43d-49b7-8e50-31859606e5d9', '86ae171e-10f3-465a-816f-c86d9c487983', 1, 3, '2020-09-23 23:55:38'),
('746d4b31-0a35-4fe0-85a8-7539c66fb888', 'f8ccb338-f8f8-4cf5-86ca-a2a542348a8a', '019b921b-bbf5-477a-bd1e-cf48dedda367', '4611a83c-e5fb-4269-a4a6-c7959937a847', 2, 2, '2020-10-02 04:34:49'),
('76797b8b-62d6-4115-ae4a-06314a82097b', '3c14a45d-f41a-42c4-ac3b-58db43d8670f', '355d135a-477f-4bbb-b3bc-81ad7b3cc0f4', '57d31738-26cf-45bd-82f1-8069a58ba285', 1, 2, '2020-09-24 00:05:28'),
('79e4e5c8-2447-412d-9ae5-da288ea1e01a', '1', '560dcf8f-e264-47db-a6d2-f2eda5807dca', '86ae171e-10f3-465a-816f-c86d9c487983', 3, 0, '2020-08-23 21:55:08'),
('80982cd7-6201-469b-8ce2-48e71c1319d4', 'ca81bad1-923f-4fe7-b99a-618136217efe', '9bc95f63-9738-4e58-9dd2-1d8a8af88e40', '86ae171e-10f3-465a-816f-c86d9c487983', 1, 1, '2020-12-30 00:48:45'),
('86569787-3c09-4f2c-94d2-cd2109a386d2', '1', '694cf4f7-00ef-44a0-923f-345abf7899e1', '81e091a1-0180-4619-881a-29868fb0c020', 4, 0, '2020-08-24 04:06:14'),
('8899baa8-a4ab-4fe4-a759-1e6d47d7acb8', 'd81a582e-d7ad-4931-ba66-dada0014de74', '019b921b-bbf5-477a-bd1e-cf48dedda367', '137f67b6-b313-49bd-9af3-78f397b7ddc3', 2, 2, '2020-12-15 22:55:57'),
('8ca6cfc3-0e2d-410e-a791-bfb8487e6203', '1', '5f551f33-b43d-49b7-8e50-31859606e5d9', '4611a83c-e5fb-4269-a4a6-c7959937a847', 4, 4, '2020-08-24 21:55:32'),
('8f1f4de3-03b9-4b10-a2d6-5eb215aafcbd', '1', '0e5f36c2-4209-44d7-9774-f10dba28bd80', '86ae171e-10f3-465a-816f-c86d9c487983', 4, 1, '2020-08-24 00:34:27'),
('8fa3c516-b72f-41c3-afc9-765f83eb068c', '1', '5f551f33-b43d-49b7-8e50-31859606e5d9', '81e091a1-0180-4619-881a-29868fb0c020', 1, 5, '2020-09-23 23:57:18'),
('9339608f-8efc-4410-b712-aedf66012dba', '1', '694cf4f7-00ef-44a0-923f-345abf7899e1', '57d31738-26cf-45bd-82f1-8069a58ba285', 4, 0, '2020-08-24 04:06:07'),
('9cfb0f75-f791-4c0e-9eb9-65990ca96421', '1', '560dcf8f-e264-47db-a6d2-f2eda5807dca', '57d31738-26cf-45bd-82f1-8069a58ba285', 3, 0, '2020-08-23 21:55:23'),
('b98e382a-2916-43fe-82e5-6f40eaeecb8c', '01a1bc03-5d98-4504-b634-a1ad1da6c0e6', '019b921b-bbf5-477a-bd1e-cf48dedda367', '86ae171e-10f3-465a-816f-c86d9c487983', 4, 3, '2020-09-24 01:23:48'),
('c0e3e781-4958-411b-a8b8-fd3b0e853d41', '1', '80bd612f-071d-4eeb-b506-e2643e485ac6', '86ae171e-10f3-465a-816f-c86d9c487983', 4, 4, '2020-08-24 20:55:14'),
('c1f07fa9-f3d8-4ac9-a056-b4836ef5d5f2', '1c7c5403-378d-4eaa-b0bd-84ca857519f4', '83bfb5cf-1712-4e73-b25d-a23be012fbde', '57d31738-26cf-45bd-82f1-8069a58ba285', 3, 1, '2020-08-26 20:55:09'),
('cab6733f-75a3-4ae7-8dce-ce3fe497474d', '4369987f-571a-4993-b775-18a771efae2d', '58dcd216-02db-4c56-b3ce-32c320690512', '86ae171e-10f3-465a-816f-c86d9c487983', 2, 1, '2020-09-30 23:47:03'),
('cb741140-19a5-4dfc-bb16-af330ced4ff2', 'f8ccb338-f8f8-4cf5-86ca-a2a542348a8a', '4f00d34b-8553-4a1b-8cf6-5ca066875cdc', '86ae171e-10f3-465a-816f-c86d9c487983', 3, 3, '2020-09-25 02:53:08'),
('ce0cf77c-b392-4917-86be-b470e86f44f9', '1c7c5403-378d-4eaa-b0bd-84ca857519f4', '4cb0490d-81b9-421e-832b-a450d4c2939f', '57d31738-26cf-45bd-82f1-8069a58ba285', 3, 1, '2020-08-26 20:39:31'),
('d2bb4aba-f308-4b25-89cd-11182a40fd88', '1', '019b921b-bbf5-477a-bd1e-cf48dedda367', '4611a83c-e5fb-4269-a4a6-c7959937a847', 4, 3, '2020-09-24 03:54:07'),
('d4faeb17-6565-4c4c-9af3-82de1af40177', '55b09033-d9b1-4437-ad22-3fea9481c936', '05056341-5850-45bb-8212-dcf70ec990b7', '4611a83c-e5fb-4269-a4a6-c7959937a847', 2, 1, '2020-09-29 01:13:39'),
('d9d463ca-fde1-446c-8c91-60b4b5b8424e', '1', '560dcf8f-e264-47db-a6d2-f2eda5807dca', '4611a83c-e5fb-4269-a4a6-c7959937a847', 4, 0, '2020-08-23 21:58:38'),
('e2651897-1300-4df9-b4e3-14ceef927387', '1c7c5403-378d-4eaa-b0bd-84ca857519f4', '83bfb5cf-1712-4e73-b25d-a23be012fbde', '4611a83c-e5fb-4269-a4a6-c7959937a847', 2, 0, '2020-08-26 21:01:27'),
('e93d0e48-7cbe-4b7a-9b26-a13f919b8cb7', '1', '694cf4f7-00ef-44a0-923f-345abf7899e1', '86ae171e-10f3-465a-816f-c86d9c487983', 4, 1, '2020-08-24 04:06:23'),
('f173234a-9556-48c7-be65-edb837a51ea5', '01a1bc03-5d98-4504-b634-a1ad1da6c0e6', '052149db-ceea-4fc7-abbd-6177a231f259', '4611a83c-e5fb-4269-a4a6-c7959937a847', 4, 2, '2020-08-26 04:03:05'),
('f3da8f20-f4ff-4c48-a827-067d7e4bc9f2', '1', '80bd612f-071d-4eeb-b506-e2643e485ac6', '57d31738-26cf-45bd-82f1-8069a58ba285', 4, 4, '2020-08-24 19:47:03'),
('f618670c-9f37-476b-a103-8e36868a53b7', '1', '80bd612f-071d-4eeb-b506-e2643e485ac6', '57d31738-26cf-45bd-82f1-8069a58ba285', 4, 4, '2020-08-24 19:48:30'),
('fcccf0bb-1248-4eac-b796-9d644ac6ad75', '2c88f7c7-345f-4cf3-b013-08f6181a92ab', '37fc1fb5-acd6-4961-b75c-3591e23fe712', '4611a83c-e5fb-4269-a4a6-c7959937a847', 3, 3, '2020-10-01 03:19:47');

-- --------------------------------------------------------

--
-- Cấu trúc bảng cho bảng `rc_employee_salary`
--

CREATE TABLE `rc_employee_salary` (
  `employee_salary_id` varchar(255) COLLATE utf8_unicode_ci NOT NULL,
  `course_id` varchar(255) COLLATE utf8_unicode_ci NOT NULL,
  `lecture_id` varchar(255) COLLATE utf8_unicode_ci NOT NULL,
  `employee_salary_number` int(11) NOT NULL,
  `employee_salary_note` text COLLATE utf8_unicode_ci DEFAULT NULL,
  `employee_salary_basic` double NOT NULL,
  `employee_salary_subsidies_percent` double NOT NULL,
  `employee_salary_subsidies_other_name` text COLLATE utf8_unicode_ci DEFAULT NULL,
  `employee_salary_subsidies_other` double NOT NULL,
  `employee_salary_real` double NOT NULL,
  `employee_salary_total` double NOT NULL,
  `employee_salary_confirm` int(11) NOT NULL DEFAULT 0,
  `employee_salary_created_at` datetime NOT NULL DEFAULT current_timestamp(),
  `employee_salary_updated_at` datetime DEFAULT NULL
) ENGINE=InnoDB DEFAULT CHARSET=utf8 COLLATE=utf8_unicode_ci;

--
-- Đang đổ dữ liệu cho bảng `rc_employee_salary`
--

INSERT INTO `rc_employee_salary` (`employee_salary_id`, `course_id`, `lecture_id`, `employee_salary_number`, `employee_salary_note`, `employee_salary_basic`, `employee_salary_subsidies_percent`, `employee_salary_subsidies_other_name`, `employee_salary_subsidies_other`, `employee_salary_real`, `employee_salary_total`, `employee_salary_confirm`, `employee_salary_created_at`, `employee_salary_updated_at`) VALUES
('1d83a727-7132-4aaa-a164-ab33b45171e6', '22d683c8-e4a3-4ccf-8d92-e3d45da4525c', 'bbdfde53-d0d6-490b-84de-be03e6fc153e', 4, 'test print', 0, 45, NULL, 100000, 0, 100000, 1, '2020-10-30 03:40:04', '2020-10-30 07:34:28'),
('5b5aa4dd-520b-4cda-b163-759644fe1f67', '01a1bc03-5d98-4504-b634-a1ad1da6c0e6', '4cb7d446-488f-473f-bed7-8e9882755466', 3, 'an test ', 0, 45, NULL, 5000, 0, 5000, 0, '2020-10-30 03:22:33', '2020-10-30 03:22:33'),
('66af4a8c-e235-45d4-95b6-d81e51155613', '01a1bc03-5d98-4504-b634-a1ad1da6c0e6', 'e767a062-3cfb-4e60-a810-001aed55f6d4', 1, NULL, 1, 45, NULL, 100000, 1, 100001, 0, '2020-10-30 03:17:22', '2020-10-30 03:17:22'),
('d78daef8-df01-4f68-84f4-0060e7d0b4f7', '01a1bc03-5d98-4504-b634-a1ad1da6c0e6', '6d4a97a2-730b-471e-9738-c8dfc758157a', 2, NULL, 0, 45, NULL, 10000001, 0, 10000001, 0, '2020-10-30 03:19:34', '2020-10-30 03:19:34');

-- --------------------------------------------------------

--
-- Cấu trúc bảng cho bảng `rc_group`
--

CREATE TABLE `rc_group` (
  `group_code` varchar(255) COLLATE utf8_unicode_ci NOT NULL,
  `group_name` varchar(255) COLLATE utf8_unicode_ci NOT NULL,
  `group_created_at` timestamp NOT NULL DEFAULT current_timestamp()
) ENGINE=InnoDB DEFAULT CHARSET=utf8 COLLATE=utf8_unicode_ci;

--
-- Đang đổ dữ liệu cho bảng `rc_group`
--

INSERT INTO `rc_group` (`group_code`, `group_name`, `group_created_at`) VALUES
('ADMIN', 'Quản trị', '2020-08-17 09:27:36'),
('BOOKKEEPER', 'Bộ phận Kế toán', '2020-09-15 06:58:19'),
('DIRECTORATE', 'Ban giám đốc', '2020-09-15 06:58:19'),
('LECTURER', 'Giảng viên', '2020-08-17 09:27:36'),
('REGMANAGER', 'Bộ phận ghi danh', '2020-09-15 07:00:52'),
('STUDENT', 'Học viên\r\n', '2020-08-17 09:27:36');

-- --------------------------------------------------------

--
-- Cấu trúc bảng cho bảng `rc_group_permission`
--

CREATE TABLE `rc_group_permission` (
  `group_permission_id` varchar(255) COLLATE utf8_unicode_ci NOT NULL,
  `group_code` varchar(255) COLLATE utf8_unicode_ci NOT NULL,
  `permission_code` varchar(255) COLLATE utf8_unicode_ci NOT NULL
) ENGINE=InnoDB DEFAULT CHARSET=utf8 COLLATE=utf8_unicode_ci;

--
-- Đang đổ dữ liệu cho bảng `rc_group_permission`
--

INSERT INTO `rc_group_permission` (`group_permission_id`, `group_code`, `permission_code`) VALUES
('0521da88-8a0b-45dc-8b6c-1076f122c3fa', 'STUDENT', 'SCO_ALL'),
('0e860cef-f56d-4b26-91c5-d42a8e49ac36', 'LECTURER', 'CLA_ALL'),
('13a19e41-2528-47b4-8e6e-30a1a0cce20d', 'ADMIN', 'VAC_UPD'),
('14cd8329-e1bf-4996-87ac-47c33379858b', 'LECTURER', 'CLA_STU'),
('16a079fb-b035-4779-877a-23aa53af92d8', 'ADMIN', 'STU_ALL'),
('18838c99-3f62-4913-838c-bbc23c71e64f', 'ADMIN', 'CLA_SUB'),
('1a0f2b97-ad61-40b3-9310-53fb0d72a7dd', 'ADMIN', 'STU_UPD'),
('257beefe-6279-4691-9a9e-bbd5c8c4d638', 'DIRECTORATE', 'SCO_UPD'),
('2a658b6d-6bc9-4a15-84d8-627ba0b143d1', 'DIRECTORATE', 'CLA_STU'),
('2d71eae8-d82b-4e28-9c4a-ad36524d422f', 'ADMIN', 'CLA_UPD'),
('2e56d2d3-663e-4c65-8a56-21763b97d8fe', 'LECTURER', 'SCT_ALL'),
('3416982c-6edc-48d4-b3b4-65b84c670d0a', 'REGMANAGER', 'STU_CEL'),
('387e9cd8-929a-4a29-bb14-7caa16585a90', 'DIRECTORATE', 'VAC_UPD'),
('3925cbd4-a1a0-4d35-b6b2-15e2dae1c0b4', 'REGMANAGER', 'CLA_SUB'),
('3d36a156-6adc-445e-b9f2-077aba04dbe1', 'LECTURER', 'SCO_ALL'),
('40bab386-de03-4e87-ae15-49f6b1befb32', 'STUDENT', 'CLA_SUB'),
('45e02261-ac40-4938-b11d-d4fd7d03ae86', 'ADMIN', 'SCT_UPD'),
('4ae07fdf-970e-46fd-9d56-43b7bf21cf7a', 'ADMIN', 'CLA_ALL'),
('4bffa5d9-7430-4fc4-b657-3638d500411e', 'DIRECTORATE', 'SCH_ALL'),
('4c5fc8c3-4d83-4574-a4c4-48db8e836d9b', 'ADMIN', 'EDU_UPD'),
('4ed912fe-02cd-41f9-bbf3-e307ee0e4e25', 'DIRECTORATE', 'REV_REP'),
('53f5f338-1672-49a9-8040-801a026a56f0', 'DIRECTORATE', 'STU_ALL'),
('54a19584-83c5-44f9-94dc-db367f6af422', 'DIRECTORATE', 'SCO_ALL'),
('5f6ddf97-b836-4f19-b12d-d7296f51920d', 'ADMIN', 'CLA_STU'),
('6994d052-b186-4415-a175-548b99b0dc52', 'REGMANAGER', 'SCT_UPD'),
('6c9b5ed4-8592-4578-aab8-f37fc113bfdb', 'STUDENT', 'SCO_ALL'),
('72214978-7b4c-4906-a10f-c381ae980b30', 'LECTURER', 'SCO_UPD'),
('74bca786-fd8c-482b-b8a5-b48022b926ec', 'LECTURER', 'STU_ALL'),
('76b92945-9f8e-4946-9a38-51ec1c7ae6a1', 'ADMIN', 'SCO_UPD'),
('7ade05ef-4cdb-4d85-870b-a89fdbf00b14', 'DIRECTORATE', 'USE_UPD'),
('7b27d997-a1e6-4d6f-9b06-a25c6519c77f', 'DIRECTORATE', 'VAC_ALL'),
('7b8aba54-5423-48be-9d35-c798e5e7f882', 'REGMANAGER', 'CLA_STU'),
('7c130bb3-8393-450d-b1d3-3e389cc37734', 'DIRECTORATE', 'CLA_UPD'),
('7ccda4d5-b377-4de4-90c1-d31353d6daca', 'ADMIN', 'USE_ALL'),
('808185a2-3869-4283-85fe-b05efdc3cb5d', 'ADMIN', 'STU_CEL'),
('839b7d0d-6bae-4f75-99a1-3a43f0e8ffc7', 'LECTURER', 'SCH_ALL'),
('86c4f054-19f8-4c2f-a41d-eee0231c52c5', 'DIRECTORATE', 'STU_CEL'),
('8882b47a-866b-490c-896b-734d4708dfd4', 'LECTURER', 'CLA_SUB'),
('8bf00c46-13ab-4cfc-aa3d-b967a1faf5ee', 'STUDENT', 'SCO_UPD'),
('92c5cc05-623e-49da-95e2-692d58343265', 'ADMIN', 'EDU_ALL'),
('94695cee-e7ef-4b19-ac4f-b6c7c4d1fc75', 'DIRECTORATE', 'SCT_ALL'),
('94a0b315-7416-4226-92a7-47075e618eab', 'STUDENT', 'CLA_SUB'),
('9818d311-a8ee-4811-9cd4-d606d2222a05', 'DIRECTORATE', 'SCT_UPD'),
('9c522014-10d2-4162-8734-64f72cc96dfa', 'ADMIN', 'LEC_UD'),
('9c79ffc5-2e0f-4c36-af1e-baefc0e00528', 'DIRECTORATE', 'LEC_ALL'),
('9de71f2e-3371-4316-bb67-1c620ccb9278', 'ADMIN', 'USE_UPD'),
('a4378019-aef6-499c-a843-5dbd8b259f81', 'BOOKKEEPER', 'REV_REP'),
('a545764b-1135-4ff7-98c3-62e0753393e7', 'REGMANAGER', 'CLA_ALL'),
('a6644392-21aa-4c2b-8ce1-41d8c13fb064', 'STUDENT', 'CLA_ALL'),
('a6cf6e77-9222-4748-8005-6bcda2a100de', 'DIRECTORATE', 'CLA_ALL'),
('ad169ad0-2878-4100-b04f-60a51ae2f24f', 'STUDENT', 'CLA_ALL'),
('b80a5f6d-c918-4b3d-a349-97579ed73dc3', 'ADMIN', 'SCH_ALL'),
('b8743ab7-a0e5-4da4-afdc-ef6e4bdc0708', 'STUDENT', 'VAC_ALL'),
('befd8410-6c8a-42d1-80f4-464229be8836', 'DIRECTORATE', 'USE_ALL'),
('c24bbdcc-db38-4238-9469-44792938f57e', 'LECTURER', 'VAC_ALL'),
('c3eeec50-c80f-42f8-8998-1a2f80110b86', 'ADMIN', 'VAC_ALL'),
('c73fdbe1-020c-4dcb-8e58-7925fe7ce46e', 'STUDENT', 'VAC_ALL'),
('ca7dd3e1-b617-4885-8e46-c6e5ac92bfe0', 'ADMIN', 'REV_REP'),
('ce8e5fe9-f4d4-42a3-bc72-af2298866bcf', 'DIRECTORATE', 'EDU_UPD'),
('d234e47f-f95b-4dab-96c5-4c3fb43970d9', 'ADMIN', 'SCH_UPD'),
('d23b409f-9a37-4990-a3c7-2736f063803f', 'STUDENT', 'SCO_UPD'),
('e1a0c843-8522-4528-a398-18f08aa5419c', 'DIRECTORATE', 'STU_UPD'),
('e3f93ad8-13f3-4fb5-91b2-6c34b62e8c42', 'DIRECTORATE', 'SCH_UPD'),
('e5ab15df-f82d-4ab4-a1f4-75e380a79565', 'REGMANAGER', 'STU_ALL'),
('e7b6047c-28e7-45a5-bd2b-feff76a0e120', 'ADMIN', 'LEC_ALL'),
('eb44336f-84a3-4566-85da-8cf33ee05a92', 'ADMIN', 'SCO_ALL'),
('edbb7fae-9d03-4acd-ab1f-58c3a23d3746', 'ADMIN', 'SCT_ALL'),
('ef0619e3-bfda-4ffb-a312-ca589f433dd0', 'DIRECTORATE', 'EDU_ALL'),
('f07d7d1b-74d2-48ef-8cc1-c912ded3ba26', 'DIRECTORATE', 'LEC_UD'),
('f58b6594-3be4-4041-b7d2-0565b6e7c65d', 'REGMANAGER', 'STU_UPD'),
('fec8f52f-c1de-4251-b5fa-caca9b08aae2', 'DIRECTORATE', 'CLA_SUB');

-- --------------------------------------------------------

--
-- Cấu trúc bảng cho bảng `rc_holidays`
--

CREATE TABLE `rc_holidays` (
  `holiday_id` varchar(255) COLLATE utf8_unicode_ci NOT NULL,
  `holiday_name` varchar(255) COLLATE utf8_unicode_ci DEFAULT NULL,
  `holiday_timestart` datetime NOT NULL,
  `holiday_timeend` datetime NOT NULL,
  `holiday_reason` text COLLATE utf8_unicode_ci DEFAULT NULL,
  `holiday_created_at` timestamp NOT NULL DEFAULT current_timestamp()
) ENGINE=InnoDB DEFAULT CHARSET=utf8 COLLATE=utf8_unicode_ci;

--
-- Đang đổ dữ liệu cho bảng `rc_holidays`
--

INSERT INTO `rc_holidays` (`holiday_id`, `holiday_name`, `holiday_timestart`, `holiday_timeend`, `holiday_reason`, `holiday_created_at`) VALUES
('0f4c7331-fd4b-4516-bdc4-b74cc59c672e', 'Tết Nguyên Đán - Quý Sửu', '2021-01-20 00:00:00', '2021-02-01 00:00:00', 'ádasdasd', '2020-10-09 10:41:03'),
('1b060706-691c-46e8-9ba8-b3aba3224881', 'Tết tây 2020', '2021-01-01 00:00:00', '2021-01-01 00:00:00', 'Nghỉ tết tây - 2020', '2020-08-24 09:59:56'),
('7d80c3ac-edd8-4b81-a5b0-93f849c57785', 'Hạ đến và đi như những gì đã sắp đặt', '2020-04-01 00:00:00', '2020-04-30 00:00:00', 'Tháng tư là lời nói dối của em', '2020-08-26 09:21:13'),
('cdf92fa7-3cb9-4419-90ab-01eb3c01dfb0', 'Quốc khánh', '2020-09-02 00:00:00', '2020-09-03 00:00:00', 'alibaba', '2020-10-09 08:46:14');

-- --------------------------------------------------------

--
-- Cấu trúc bảng cho bảng `rc_lecturers`
--

CREATE TABLE `rc_lecturers` (
  `lecturer_id` varchar(255) COLLATE utf8_unicode_ci NOT NULL,
  `lecturer_code` varchar(100) COLLATE utf8_unicode_ci NOT NULL,
  `lecturer_last_name` varchar(100) COLLATE utf8_unicode_ci NOT NULL,
  `lecturer_first_name` varchar(100) COLLATE utf8_unicode_ci NOT NULL,
  `lecturer_tax_code` varchar(255) COLLATE utf8_unicode_ci DEFAULT NULL,
  `lecturer_birthday` date NOT NULL,
  `lecturer_gender` int(11) DEFAULT 0,
  `lecturer_email` varchar(50) COLLATE utf8_unicode_ci DEFAULT NULL,
  `lecturer_phone` varchar(50) COLLATE utf8_unicode_ci NOT NULL,
  `lecturer_address` varchar(255) COLLATE utf8_unicode_ci DEFAULT NULL,
  `lecturer_official_subject` varchar(255) COLLATE utf8_unicode_ci DEFAULT NULL,
  `lecturer_avatar` varchar(255) COLLATE utf8_unicode_ci DEFAULT NULL,
  `account_id` varchar(255) COLLATE utf8_unicode_ci NOT NULL,
  `lecturer_status` int(11) NOT NULL DEFAULT 0,
  `lecturer_note` varchar(255) COLLATE utf8_unicode_ci DEFAULT NULL,
  `lecturer_created` timestamp NOT NULL DEFAULT current_timestamp()
) ENGINE=InnoDB DEFAULT CHARSET=utf8 COLLATE=utf8_unicode_ci;

--
-- Đang đổ dữ liệu cho bảng `rc_lecturers`
--

INSERT INTO `rc_lecturers` (`lecturer_id`, `lecturer_code`, `lecturer_last_name`, `lecturer_first_name`, `lecturer_tax_code`, `lecturer_birthday`, `lecturer_gender`, `lecturer_email`, `lecturer_phone`, `lecturer_address`, `lecturer_official_subject`, `lecturer_avatar`, `account_id`, `lecturer_status`, `lecturer_note`, `lecturer_created`) VALUES
('1587c2b0-5ba7-4df7-bd5e-b70073677a3b', 'GV1108', 'Huyen My', 'Tran', NULL, '1999-08-11', 1, 'huyenmytran@outlook.com', '0964577491', NULL, '58dcd216-02db-4c56-b3ce-32c320690512', NULL, '37ecc0f7-99fa-4205-ab8b-12bc0ee6d16d', 0, NULL, '2020-09-17 03:11:21'),
('1b4be78d-ad8d-44d7-9316-d147f3eb6637', 'GV0099', 'diep', 'phan', NULL, '1992-01-03', 0, 'alta@alta.com.vn', '0377944744', 'undefined', '0e5f36c2-4209-44d7-9774-f10dba28bd80', NULL, '67beef80-9f11-4e42-82ce-3af8e6b7a97b', 0, NULL, '2020-09-09 21:44:46'),
('30ab4a1d-585e-4516-b7f9-674971ccb263', 'HuyNguyen', 'Huy', 'Nguyễn ', NULL, '1997-10-13', 0, 'huy.nguyenquang@alta.com.vn', '0966033066', 'myhome', '4cb0490d-81b9-421e-832b-a450d4c2939f', NULL, '64032660-ceaa-4412-847c-d8fd1a470391', 0, NULL, '2020-12-15 04:17:50'),
('33212ca3-a4bb-4622-ad5a-56b63855f4c6', '2020GV004', 'Thanh', 'Đan', NULL, '1988-01-01', 1, 'tuyen.nguyen+4@alta.com.vn', '0706842139', 'undefined', '9bc95f63-9738-4e58-9dd2-1d8a8af88e40', NULL, '765f67f5-7a59-4118-8704-c13ce3b3c891', 0, NULL, '2020-09-09 03:15:57'),
('445779d2-c054-429d-9edf-6b528a19f4a1', 'PHAT123', 'Phát', 'Huỳnh', 'MST001', '2020-09-16', 0, 'huynhcongphat2510@gmail.com', '0904667082', 'TPHCM', '0e5f36c2-4209-44d7-9774-f10dba28bd80', NULL, '312faa0c-598e-4833-9989-35928b405dac', 0, NULL, '2020-09-17 01:25:09'),
('4cb7d446-488f-473f-bed7-8e9882755466', 'GV', 'Thomas', 'Wayne', NULL, '1960-03-12', 0, 'thomas@mailinator.com', '0222222222', NULL, '68eb00d0-0ca1-4aad-8604-34783609e793', NULL, '9bb2df2f-9f03-4e08-8d33-a1f77296ed38', 0, NULL, '2020-09-29 21:33:34'),
('5bd69792-4225-4298-8cfa-a07c3600f439', 'GV2222', 'Giảng viên', 'C', NULL, '2016-10-04', 1, 'hien.dao+1+1+1@alta.com.vn', '0123555784', 'HCMC', '052149db-ceea-4fc7-abbd-6177a231f259', NULL, '5b646be2-9f65-4ef2-9e1e-e42438fb83fa', 0, NULL, '2020-10-06 22:02:34'),
('6507c84b-24d4-473f-b82e-5479b3788738', 'GV1a', 'Giảng viên', 'A', NULL, '2015-10-06', 1, 'hien.dao+1@alta.com.vn', '0123123123', NULL, '019b921b-bbf5-477a-bd1e-cf48dedda367', NULL, 'd18f007b-5233-4147-ae72-565b88042b54', 0, NULL, '2020-10-02 21:43:05'),
('6d4a97a2-730b-471e-9738-c8dfc758157a', 'GV1234', 'Huyen My', 'Tran', NULL, '1999-08-11', 1, 'my.tranthihuyen+1@alta.com.vn', '0123333333', NULL, '58dcd216-02db-4c56-b3ce-32c320690512', NULL, '239300b2-4872-45ee-afde-5dc15d7f2fac', 0, NULL, '2020-10-01 00:43:25'),
('70eff0f3-babf-4d4b-917f-438466b4fc70', '123alta123', 'nguyen', 'anh', NULL, '1990-05-05', 0, 'alta123a@alta.com.vn', '0377855225', NULL, '052149db-ceea-4fc7-abbd-6177a231f259', 'Lecturer/20201217/199506173_42646a70737d8223db6c.jpg', '15ad579e-3951-4a27-a793-b9bb68758113', 0, NULL, '2020-12-17 04:59:33'),
('71d6add0-8475-45ea-b02e-632a484fb2ce', 'ALTA220', 'Ricardo', 'Milos', NULL, '1990-02-07', 0, 'ricado@gmail.com', '0909350801', 'tan binh', '05056341-5850-45bb-8212-dcf70ec990b7', 'Lecturer/20201020/225943095_106a9268b2784c2615697.jpg', '37e6f856-c19c-44fe-8618-2f53a7c90a5d', 0, NULL, '2020-10-20 00:22:55'),
('7c9f92a3-a019-4392-b0fc-f98b98b4738b', 'Luyen', 'qqq', 'Luyên', NULL, '2020-09-01', 1, 'leluyen.it@gmail.com', '0379696398', ' sá', '052149db-ceea-4fc7-abbd-6177a231f259', NULL, '60908191-db55-418d-a88a-859c30d2420d', 0, NULL, '2020-09-10 02:15:07'),
('8bfac699-4b3d-4bdf-847c-9209a1e00f3e', 'ALT001', 'THI NGOC TUYEN', 'NGUYEN', 'MST123456', '1986-11-16', 1, 'tuyenhc08@gmail.com', '01267375800', 'HCM', '5f551f33-b43d-49b7-8e50-31859606e5d9', NULL, '4241a537-b62a-4f0b-9bb7-864b900f570b', 0, NULL, '2020-10-19 01:23:46'),
('93cc6574-9a8a-4cb1-a355-df654d7b337b', '2020GV003', 'Phương', 'Nguyen', NULL, '1988-01-01', 1, 'tuyen.nguyen+3@alta.com.vn', '0706842139', 'undefined', 'fd466262-4c21-4163-b1ec-3f12936620cb', NULL, '2680459f-69f3-48bb-97d7-2128b2323bcd', 0, NULL, '2020-09-09 03:13:51'),
('ae68e5eb-c7a7-4095-a2e2-041de52bfbff', '123', 'D', 'john', '123', '1980-10-10', 0, 'jons@gmail.com', '0987281922', '123 bkkk kakkas ddddd', '019b921b-bbf5-477a-bd1e-cf48dedda367', 'Lecturer/20201019/460404498_MyInvitation.jpeg', 'ba675915-419a-4954-a71e-9ff45a166c2a', 0, NULL, '2020-10-19 02:05:02'),
('b6e77a33-ae89-4b3d-8192-1226711212e2', '1212', 'Lê', 'Luyên', NULL, '2020-09-07', 1, 'leluyen1502@gmail.com', '012123123', 'Quận Tân Bình', '10052884-0926-4472-8faf-8a62c1552295', NULL, '44397288-3038-45dc-a0ee-c2e0a8aa6199', 0, NULL, '2020-09-10 03:39:22'),
('b8fd7fb5-5bf3-4886-83c3-c3f46731796a', 'PHAT04123', 'Phát', 'Huỳnh Công', 'MTS123132', '2020-09-15', 0, 'ABC@gmail.com', '0904667083', 'MST001', '0e5f36c2-4209-44d7-9774-f10dba28bd80', NULL, 'd6bf7cca-e9bd-48be-921e-b4a13601c912', 0, NULL, '2020-09-17 01:25:59'),
('bbdfde53-d0d6-490b-84de-be03e6fc153e', 'GV20201003', 'Văn Tới', 'Huỳnh', '20201003', '2010-09-27', 0, 'toi.huynh@alta.com.vn', '0969143905', '123 Lê Trọng Tấn, Sơn Kỳ, Tân Phú, TPHCM', '063a3b5c-dfc9-45ec-a125-62226f93b7cf', NULL, '547fa92b-cd78-4f7b-b37e-3a26e0f0a00d', 0, NULL, '2020-10-03 03:39:11'),
('bea90ccd-142c-4950-9302-457e4a14d3c8', '2020GV002', 'Thị Thủy', 'Nguyen', NULL, '1988-01-01', 1, 'tuyen.nguyen@alta.com.vn', '0706842139', 'undefined', 'fd466262-4c21-4163-b1ec-3f12936620cb', NULL, 'efc318c2-9b56-4e94-bf6a-465c07121a03', 0, NULL, '2020-09-09 03:11:43'),
('d3b7e295-966f-4c34-8075-b57b168f4a37', '2020GV001', 'Quang Phương', 'Nguyen', NULL, '1989-01-01', 0, 'ntn.tuyen@hotmail.com', '0706842139', 'undefined', 'fd466262-4c21-4163-b1ec-3f12936620cb', NULL, 'a78795ca-90dc-4307-9e8a-a52589f98b22', 0, NULL, '2020-09-09 03:08:42'),
('dc1ccb13-8c75-4765-a2a2-f6a4e0876514', 'ZB0001', 'Nguyen', 'Teacher', NULL, '1980-01-01', 1, 'mail.mail@alta.com.vn', '02822436888', 'HCMC', '640a5a4c-74ea-476e-b3a7-aa36517e00e8', NULL, '53ddb719-1f24-45c2-9560-f4efd5bbed5a', 0, NULL, '2020-09-17 20:19:26'),
('e577aba9-0ecc-41dd-a492-216bf7afc8e5', 'GV1b', 'Giảng viên', 'B', NULL, '2016-10-06', 1, 'hien.dao+1+1@alta.com.vn', '0123456456', NULL, '052149db-ceea-4fc7-abbd-6177a231f259', NULL, '7284db14-4ae4-4b8a-ab47-cf637ee3cde3', 0, NULL, '2020-10-02 21:47:11'),
('e6463590-a2e2-42ca-aa76-1f4ec97dddde', 'GV1122', 'Test', 'Môn Thứ hai', NULL, '1258-02-12', 0, 'leluyen21502@gmail.com', '0379696385', NULL, '3916f160-631c-4843-8d84-76291d365b35', NULL, '099e1c0f-8e92-4ff1-945f-30270013e1fe', 0, NULL, '2020-12-17 07:38:04'),
('e767a062-3cfb-4e60-a810-001aed55f6d4', 'GVGV001', 'Phan', 'Tran', NULL, '1992-05-03', 0, 'alta01@alta.com.vn', '0377644944', NULL, '052149db-ceea-4fc7-abbd-6177a231f259', NULL, '3b80293e-bc6d-4061-9cde-cfbf0693aed0', 0, NULL, '2020-09-13 20:51:18'),
('f1556ac9-ff78-452e-b2d6-2b6b5f481e5c', 'GV039', 'Tam Mụi', 'Thập', NULL, '1990-01-04', 1, 'anh.huynhhoan@alta.com.vn', '0394950744', 'VN', 'a345c809-ca47-4b2c-bddf-b2dcb86be40a', 'Lecturer/20201001/808889762_baafb2534a32b56cec236.jpg', 'dedb95db-ee1f-4ed8-838b-41717e8b5581', 0, NULL, '2020-10-01 01:24:24'),
('f8352a9a-1977-4967-b9b9-5507be40093c', 'GV001', 'Thị Luyên', 'Lê', '123456789', '2000-02-15', 1, 'mail@gmail.com', '0147852369', '124 ADc', '063a3b5c-dfc9-45ec-a125-62226f93b7cf', NULL, 'f981f02c-254d-460f-a937-c11e8423cedb', 0, NULL, '2020-09-20 21:29:26');

-- --------------------------------------------------------

--
-- Cấu trúc bảng cho bảng `rc_lecturer_subject`
--

CREATE TABLE `rc_lecturer_subject` (
  `lecturer_subject_id` varchar(255) COLLATE utf8_unicode_ci NOT NULL,
  `lecturer_id` varchar(255) COLLATE utf8_unicode_ci NOT NULL,
  `subject_id` varchar(255) COLLATE utf8_unicode_ci NOT NULL,
  `lecturer_subject_created` timestamp NOT NULL DEFAULT current_timestamp()
) ENGINE=InnoDB DEFAULT CHARSET=utf8 COLLATE=utf8_unicode_ci;

--
-- Đang đổ dữ liệu cho bảng `rc_lecturer_subject`
--

INSERT INTO `rc_lecturer_subject` (`lecturer_subject_id`, `lecturer_id`, `subject_id`, `lecturer_subject_created`) VALUES
('00661f39-01bc-42af-a7cd-71cc1f19808f', '71d6add0-8475-45ea-b02e-632a484fb2ce', '05935c1a-f3be-4f6f-ab70-8ef6fc8dd8a2', '2020-10-20 00:22:55'),
('017c59df-457e-4606-88cf-b76e17ae7e67', 'd3b7e295-966f-4c34-8075-b57b168f4a37', 'fd466262-4c21-4163-b1ec-3f12936620cb', '2020-09-09 03:08:42'),
('03e4c3e2-6637-415f-8dcc-66b6b2d0e54b', 'bbdfde53-d0d6-490b-84de-be03e6fc153e', '063a3b5c-dfc9-45ec-a125-62226f93b7cf', '2020-10-03 03:39:11'),
('0c4c3819-1f40-40e4-a765-83b8fc150f18', '6d4a97a2-730b-471e-9738-c8dfc758157a', '58dcd216-02db-4c56-b3ce-32c320690512', '2020-10-01 00:43:25'),
('0c977086-7290-4252-8ba3-b0e7764a3ed3', 'ae68e5eb-c7a7-4095-a2e2-041de52bfbff', '05056341-5850-45bb-8212-dcf70ec990b7', '2020-10-19 02:05:02'),
('0d25f518-7e43-4d57-9e9e-7fcfc11e01d9', 'bbdfde53-d0d6-490b-84de-be03e6fc153e', '4ece9b6e-605d-413d-8dcf-65cbd30edbbd', '2020-10-03 03:39:11'),
('0dd1f963-3bc9-473a-a519-86afc0606263', '93cc6574-9a8a-4cb1-a355-df654d7b337b', 'fd466262-4c21-4163-b1ec-3f12936620cb', '2020-09-09 03:13:51'),
('181be7a6-a951-4bcd-a5c3-b84145f7a54f', 'e577aba9-0ecc-41dd-a492-216bf7afc8e5', '063a3b5c-dfc9-45ec-a125-62226f93b7cf', '2020-10-02 21:47:11'),
('2021995a-e41c-4d3b-bf0f-d92a554df18f', 'ae68e5eb-c7a7-4095-a2e2-041de52bfbff', '0e5f36c2-4209-44d7-9774-f10dba28bd80', '2020-10-19 02:05:02'),
('24b664dd-5dba-4863-a58e-d4f64f853eca', 'f1556ac9-ff78-452e-b2d6-2b6b5f481e5c', 'a345c809-ca47-4b2c-bddf-b2dcb86be40a', '2020-10-01 02:11:51'),
('267b3bc6-e020-430e-a4ed-864ae96eb2ad', '33212ca3-a4bb-4622-ad5a-56b63855f4c6', '9bc95f63-9738-4e58-9dd2-1d8a8af88e40', '2020-09-09 06:16:52'),
('28286417-0ab2-41aa-a85f-a0683642ead1', 'e6463590-a2e2-42ca-aa76-1f4ec97dddde', '12f48dda-d6f1-4581-9930-8d11e9dda35d', '2020-12-17 08:04:46'),
('2f5d6beb-b92a-48a3-b2ff-4f90e554f634', '71d6add0-8475-45ea-b02e-632a484fb2ce', '05056341-5850-45bb-8212-dcf70ec990b7', '2020-10-20 00:22:55'),
('34364b0e-1b79-4d8b-b01c-7f015f084e69', '1587c2b0-5ba7-4df7-bd5e-b70073677a3b', '58dcd216-02db-4c56-b3ce-32c320690512', '2020-09-29 21:18:07'),
('34d85fb1-3af5-4fc4-ac83-d40ec789ea6c', '8bfac699-4b3d-4bdf-847c-9209a1e00f3e', 'fd466262-4c21-4163-b1ec-3f12936620cb', '2020-10-19 01:23:46'),
('3a11068d-210c-4479-8ee6-0a7c1721f11b', '7c9f92a3-a019-4392-b0fc-f98b98b4738b', '09003993-410c-4446-ae21-922f48074484', '2020-09-10 02:15:07'),
('3a49145a-c8b7-4057-ab0a-9e639cecf149', 'f1556ac9-ff78-452e-b2d6-2b6b5f481e5c', '063a3b5c-dfc9-45ec-a125-62226f93b7cf', '2020-10-01 02:11:51'),
('3ab2f730-4020-4614-a6f4-57e0f30a1c49', 'e767a062-3cfb-4e60-a810-001aed55f6d4', '052149db-ceea-4fc7-abbd-6177a231f259', '2020-09-13 20:51:18'),
('3d063ab9-4d31-42ab-b00c-65badb7ede6b', 'b6e77a33-ae89-4b3d-8192-1226711212e2', '10052884-0926-4472-8faf-8a62c1552295', '2020-09-10 03:54:50'),
('3f417359-065e-47ed-9ab9-e1811842dea3', '5bd69792-4225-4298-8cfa-a07c3600f439', '063a3b5c-dfc9-45ec-a125-62226f93b7cf', '2020-10-06 22:02:34'),
('3f5e680b-540c-46c3-87ed-0991ccd58ae4', '6507c84b-24d4-473f-b82e-5479b3788738', '4ece9b6e-605d-413d-8dcf-65cbd30edbbd', '2020-10-02 21:45:38'),
('40e36354-23b5-49b9-9f78-f1606cfd9c08', '30ab4a1d-585e-4516-b7f9-674971ccb263', '4cb0490d-81b9-421e-832b-a450d4c2939f', '2020-12-15 04:17:50'),
('46bb79d3-00f2-4fe8-96d7-e5e3b8b34a0b', '6507c84b-24d4-473f-b82e-5479b3788738', '019b921b-bbf5-477a-bd1e-cf48dedda367', '2020-10-06 00:38:15'),
('4baed5a1-cf0f-4f0b-9871-0895e94015aa', 'e577aba9-0ecc-41dd-a492-216bf7afc8e5', '052149db-ceea-4fc7-abbd-6177a231f259', '2020-10-02 22:15:24'),
('4fd373ea-d4cb-4745-9481-ff53c2789d65', 'b8fd7fb5-5bf3-4886-83c3-c3f46731796a', '09003993-410c-4446-ae21-922f48074484', '2020-09-17 01:25:59'),
('5016b410-394f-4b96-ace7-96fe4e235065', 'b6e77a33-ae89-4b3d-8192-1226711212e2', '10052884-0926-4472-8faf-8a62c1552295', '2020-09-10 03:54:42'),
('56356ee5-cd4f-45fa-9458-c5d004f92de0', '8bfac699-4b3d-4bdf-847c-9209a1e00f3e', '09d4146b-a96f-49bb-a61d-715b6346e4fe', '2020-10-19 02:46:59'),
('5a7402f2-e9c8-4f4a-8bdf-1715fbca34ff', '8bfac699-4b3d-4bdf-847c-9209a1e00f3e', '05935c1a-f3be-4f6f-ab70-8ef6fc8dd8a2', '2020-10-19 02:46:59'),
('5c56ae6c-72ff-4b42-8415-945fcc706ccc', 'f1556ac9-ff78-452e-b2d6-2b6b5f481e5c', '37fc1fb5-acd6-4961-b75c-3591e23fe712', '2020-10-01 01:24:24'),
('5e9a224c-00b0-4c3b-9094-026f318f31d9', '8bfac699-4b3d-4bdf-847c-9209a1e00f3e', '09003993-410c-4446-ae21-922f48074484', '2020-10-19 02:46:59'),
('5faf79c4-6c18-444d-992c-49a3c1237a14', '4cb7d446-488f-473f-bed7-8e9882755466', 'fd3646b8-4b2a-4aa2-b870-02d218892c50', '2020-10-12 01:33:36'),
('61659c23-7951-49f0-9fbb-4f2cb08547c7', 'e6463590-a2e2-42ca-aa76-1f4ec97dddde', 'df6a916c-4587-4d0b-ad39-df5d9299a841', '2020-12-17 07:38:04'),
('6fa2eca7-c118-4b67-8646-b23288d6202f', '93cc6574-9a8a-4cb1-a355-df654d7b337b', '09003993-410c-4446-ae21-922f48074484', '2020-09-09 03:13:51'),
('76b5546f-58e2-42e9-8044-b627c5c357e6', 'e6463590-a2e2-42ca-aa76-1f4ec97dddde', '3916f160-631c-4843-8d84-76291d365b35', '2020-12-22 11:14:01'),
('77aa081c-20e3-48f2-9a98-e68eef2239f8', '93cc6574-9a8a-4cb1-a355-df654d7b337b', '640a5a4c-74ea-476e-b3a7-aa36517e00e8', '2020-09-09 03:13:51'),
('7d49dfcf-adc4-472e-83cb-f6f130775110', 'b6e77a33-ae89-4b3d-8192-1226711212e2', '10052884-0926-4472-8faf-8a62c1552295', '2020-09-10 03:49:39'),
('802abc97-5d8d-4b12-bee8-8f9373a08410', '1b4be78d-ad8d-44d7-9316-d147f3eb6637', '0e5f36c2-4209-44d7-9774-f10dba28bd80', '2020-09-09 21:44:46'),
('84dc236a-0189-4215-b255-50c217e1ad94', 'f8352a9a-1977-4967-b9b9-5507be40093c', '063a3b5c-dfc9-45ec-a125-62226f93b7cf', '2020-09-29 03:57:49'),
('87001c7f-1751-4cec-a866-a9ae7c5205ac', '70eff0f3-babf-4d4b-917f-438466b4fc70', '052149db-ceea-4fc7-abbd-6177a231f259', '2020-12-17 04:59:33'),
('87c29d25-6691-41af-bbd5-cfc694973c67', '8bfac699-4b3d-4bdf-847c-9209a1e00f3e', '063a3b5c-dfc9-45ec-a125-62226f93b7cf', '2020-10-19 02:46:59'),
('958272c6-5589-4976-aba9-107a3da3afeb', 'bea90ccd-142c-4950-9302-457e4a14d3c8', 'fd466262-4c21-4163-b1ec-3f12936620cb', '2020-09-09 03:11:43'),
('9a94b1ec-af2b-4da2-9404-79c6bff7cde7', '8bfac699-4b3d-4bdf-847c-9209a1e00f3e', '0395f130-6724-4338-be16-3893ba90272a', '2020-10-19 02:46:59'),
('a3bcf0f3-20fe-4bf1-bbf6-d15173ff13d7', 'bea90ccd-142c-4950-9302-457e4a14d3c8', '640a5a4c-74ea-476e-b3a7-aa36517e00e8', '2020-09-09 03:11:43'),
('baa70ef1-767b-4083-a3d1-be0d5068781f', 'e577aba9-0ecc-41dd-a492-216bf7afc8e5', 'ee19bfef-2a44-4cda-93ab-8a1f27b5818c', '2020-10-02 22:15:24'),
('bd1cd327-2272-4859-b483-6f271ab4f99f', 'b8fd7fb5-5bf3-4886-83c3-c3f46731796a', '0e5f36c2-4209-44d7-9774-f10dba28bd80', '2020-09-17 02:24:45'),
('bd43ccb3-3733-4307-b39d-ea24c6788afa', '6507c84b-24d4-473f-b82e-5479b3788738', '0e5f36c2-4209-44d7-9774-f10dba28bd80', '2020-10-02 21:43:05'),
('be57e7a1-f80f-49df-9d40-18c80d44bca4', '5bd69792-4225-4298-8cfa-a07c3600f439', '052149db-ceea-4fc7-abbd-6177a231f259', '2020-10-12 19:57:50'),
('c54d99bc-52a8-4a65-839e-abda8787323c', 'e577aba9-0ecc-41dd-a492-216bf7afc8e5', '4cb0490d-81b9-421e-832b-a450d4c2939f', '2020-10-02 21:47:11'),
('cc0a8e91-42e9-4723-b6e2-0b2094fa79e9', 'dc1ccb13-8c75-4765-a2a2-f6a4e0876514', '640a5a4c-74ea-476e-b3a7-aa36517e00e8', '2020-09-25 02:35:38'),
('cc0aa6ee-64dc-4a90-83b2-8fc16b85731e', '445779d2-c054-429d-9edf-6b528a19f4a1', '0e5f36c2-4209-44d7-9774-f10dba28bd80', '2020-09-17 01:25:09'),
('d0785823-9ddd-4dc5-81e7-232ff9e1a3ee', '8bfac699-4b3d-4bdf-847c-9209a1e00f3e', '5f551f33-b43d-49b7-8e50-31859606e5d9', '2020-10-19 02:46:59'),
('d7b85f39-0e3b-4777-9e4c-907f7ddf6ace', '30ab4a1d-585e-4516-b7f9-674971ccb263', '052149db-ceea-4fc7-abbd-6177a231f259', '2020-12-15 04:17:50'),
('d91ea27d-fbad-483f-afe3-6d50ce221fff', 'f1556ac9-ff78-452e-b2d6-2b6b5f481e5c', '05935c1a-f3be-4f6f-ab70-8ef6fc8dd8a2', '2020-10-01 02:11:51'),
('e7be0899-1ef4-4474-bcd1-30070debd451', 'bea90ccd-142c-4950-9302-457e4a14d3c8', '09003993-410c-4446-ae21-922f48074484', '2020-09-09 03:11:43'),
('e7d1912a-3bc9-4157-81e1-e0f7cd108f30', '7c9f92a3-a019-4392-b0fc-f98b98b4738b', '052149db-ceea-4fc7-abbd-6177a231f259', '2020-09-10 03:12:09'),
('e915304c-9d08-427a-a29d-95df19307b49', '445779d2-c054-429d-9edf-6b528a19f4a1', '10052884-0926-4472-8faf-8a62c1552295', '2020-09-17 01:25:09'),
('eab8d088-3ff8-4853-8e92-8bd5ba9de849', 'e767a062-3cfb-4e60-a810-001aed55f6d4', '0e5f36c2-4209-44d7-9774-f10dba28bd80', '2020-09-13 20:51:18'),
('ecff36ca-87ea-4f94-8833-4b01e1b1050e', '8bfac699-4b3d-4bdf-847c-9209a1e00f3e', '05056341-5850-45bb-8212-dcf70ec990b7', '2020-10-19 02:46:59'),
('f065f6a3-5ccc-4552-949b-6e3031113bee', '4cb7d446-488f-473f-bed7-8e9882755466', '68eb00d0-0ca1-4aad-8604-34783609e793', '2020-10-12 01:33:36'),
('f2c48c5b-dd16-4166-bd14-a6ceed460433', 'e767a062-3cfb-4e60-a810-001aed55f6d4', '10052884-0926-4472-8faf-8a62c1552295', '2020-09-13 20:51:18'),
('f7a6a8bf-af4e-43f5-bffb-62db5517ddb9', 'd3b7e295-966f-4c34-8075-b57b168f4a37', '640a5a4c-74ea-476e-b3a7-aa36517e00e8', '2020-09-09 03:08:42'),
('f94add5e-55ae-435b-8687-23ddc22d7e85', 'bbdfde53-d0d6-490b-84de-be03e6fc153e', '683ab4fd-2b95-4bd8-bc5d-1094bd95cd5d', '2020-10-03 03:39:11'),
('fe2b43bb-bca0-494b-b70a-fc6fcb286aea', 'ae68e5eb-c7a7-4095-a2e2-041de52bfbff', '019b921b-bbf5-477a-bd1e-cf48dedda367', '2020-10-19 02:05:02');

-- --------------------------------------------------------

--
-- Cấu trúc bảng cho bảng `rc_modules`
--

CREATE TABLE `rc_modules` (
  `module_code` varchar(11) COLLATE utf8_unicode_ci NOT NULL,
  `module_name` varchar(255) COLLATE utf8_unicode_ci NOT NULL,
  `created_at` timestamp NULL DEFAULT current_timestamp()
) ENGINE=InnoDB DEFAULT CHARSET=utf8 COLLATE=utf8_unicode_ci;

--
-- Đang đổ dữ liệu cho bảng `rc_modules`
--

INSERT INTO `rc_modules` (`module_code`, `module_name`, `created_at`) VALUES
('CLA', 'Lớp học', '2020-09-18 08:49:35'),
('COT', 'Thông tin liên hệ', '2020-09-18 09:38:46'),
('COU', 'Thông tin khóa học', '2020-09-18 09:38:46'),
('EDU', 'Niên khoá\r\nKhoa-Khối\r\nTổ-Bộ môn\r\nMôn học', '2020-09-18 08:49:35'),
('LEC', 'Danh sách giảng viên', '2020-09-18 08:47:21'),
('REV', 'Doanh thu', '2020-09-18 09:19:57'),
('SCT', 'Loại điểm', '2020-09-18 08:49:35'),
('SHC', 'Phân công giảng dạy', '2020-09-18 08:49:35'),
('STT', 'Cấu hình', '2020-09-18 09:38:46'),
('STU', 'Danh sách tất cả học viên', '2020-09-18 08:47:21'),
('USE', 'Phân quyền người dùng', '2020-09-18 08:49:35'),
('VAC', 'Lịch nghỉ', '2020-09-18 08:49:35');

-- --------------------------------------------------------

--
-- Cấu trúc bảng cho bảng `rc_money_type`
--

CREATE TABLE `rc_money_type` (
  `money_type_id` varchar(255) COLLATE utf8_unicode_ci NOT NULL,
  `money_type_name` varchar(255) COLLATE utf8_unicode_ci NOT NULL,
  `money_type_percent` float NOT NULL,
  `money_type_group` int(1) NOT NULL
) ENGINE=InnoDB DEFAULT CHARSET=utf8 COLLATE=utf8_unicode_ci;

--
-- Đang đổ dữ liệu cho bảng `rc_money_type`
--

INSERT INTO `rc_money_type` (`money_type_id`, `money_type_name`, `money_type_percent`, `money_type_group`) VALUES
('d29b628e-36d7-49f9-a242-ce55e703d4ad', 'Thu ½ (50%)khoá học', 50, 1),
('d438e4c9-e093-49d5-ac3d-b088768817b6', 'Thu ¾ (75%)khoá học', 75, 1),
('deb1c2ca-c102-471b-b9da-0af8aa0b8914', 'Thu ¼ (25%) khoá học', 25, 1),
('fd35f411-2d8a-42bb-a96f-c8d1edd84bf0', 'Thu toàn bộ khoá học (100%)', 100, 1);

-- --------------------------------------------------------

--
-- Cấu trúc bảng cho bảng `rc_permissions`
--

CREATE TABLE `rc_permissions` (
  `permission_code` varchar(100) COLLATE utf8_unicode_ci NOT NULL,
  `permisson_name` varchar(255) COLLATE utf8_unicode_ci NOT NULL,
  `module_code` varchar(11) COLLATE utf8_unicode_ci NOT NULL,
  `permission_created` timestamp NOT NULL DEFAULT current_timestamp(),
  `permission_type` int(11) NOT NULL DEFAULT 0 COMMENT 'cms = 0 : langding = 1'
) ENGINE=InnoDB DEFAULT CHARSET=utf8 COLLATE=utf8_unicode_ci;

--
-- Đang đổ dữ liệu cho bảng `rc_permissions`
--

INSERT INTO `rc_permissions` (`permission_code`, `permisson_name`, `module_code`, `permission_created`, `permission_type`) VALUES
('CLA_ALL', 'Xem danh sách lớp', 'CLA', '2020-09-18 09:13:03', 0),
('CLA_STU', 'Danh sách học sinh trong lớp', 'CLA', '2020-09-18 09:13:03', 0),
('CLA_SUB', 'Danh sách môn học trong lơp', 'CLA', '2020-09-18 09:13:03', 0),
('CLA_UPD', 'Thêm xóa sửa lớp', 'CLA', '2020-09-18 09:13:03', 0),
('EDU_ALL', 'Xem tất cả quản lí đào tạo', 'EDU', '2020-09-18 09:09:02', 0),
('EDU_UPD', 'Thêm xóa sửa quản lí đào tạo', 'EDU', '2020-09-18 09:09:02', 0),
('LEC_ALL', 'Xem tất cả danh sách giảng viên', 'LEC', '2020-09-18 09:06:05', 0),
('LEC_UD', 'Thêm xóa sửa giảng viên', 'LEC', '2020-09-18 09:06:05', 0),
('REV_REP', 'Xuất báo cáo', 'REV', '2020-09-18 09:19:15', 0),
('SCH_ALL', 'Xem lịch giảng dạy', 'SHC', '2020-09-18 09:07:45', 0),
('SCH_UPD', 'Thêm xóa sửa lịch giảng dạy', 'SHC', '2020-09-18 09:07:45', 0),
('SCO_ALL', 'Xem điểm', 'CLA', '2020-09-18 09:13:03', 0),
('SCO_UPD', 'Cập nhật điểm ', 'CLA', '2020-09-18 09:13:03', 0),
('SCT_ALL', 'Xem tất cả loại điểm', 'SCT', '2020-09-18 09:14:40', 0),
('SCT_UPD', 'Thêm xóa sứa loại điểm', 'SCT', '2020-09-18 09:14:40', 0),
('STU_ALL', 'Xem tất cả danh sách học viên', 'STU', '2020-09-18 09:04:17', 0),
('STU_CEL', 'Huỷ đăng ký môn học', 'STU', '2020-09-18 09:04:17', 0),
('STU_UPD', 'Thêm xóa sửa học viên', 'STU', '2020-09-18 09:04:17', 0),
('USE_ALL', 'Xem danh sách người dùng', 'USE', '2020-09-18 09:19:15', 0),
('USE_UPD', 'Thêm xóa sửa phân quyền người dùng', 'USE', '2020-09-18 09:19:15', 0),
('VAC_ALL', 'Danh sách lịch nghỉ', 'VAC', '2020-09-18 09:16:27', 0),
('VAC_UPD', 'Thêm xóa sửa lịch nghỉ', 'VAC', '2020-09-18 09:16:27', 0);

-- --------------------------------------------------------

--
-- Cấu trúc bảng cho bảng `rc_receipts`
--

CREATE TABLE `rc_receipts` (
  `receipt_id` varchar(255) COLLATE utf8_unicode_ci NOT NULL,
  `class_id` varchar(255) COLLATE utf8_unicode_ci NOT NULL,
  `student_id` varchar(255) COLLATE utf8_unicode_ci NOT NULL,
  `receipt_no_book` varchar(100) COLLATE utf8_unicode_ci NOT NULL,
  `receipt_numerical` int(11) NOT NULL,
  `receipt_amount` double NOT NULL,
  `receipt_class` double NOT NULL COMMENT 'học phí của lớp',
  `receipt_type` double NOT NULL COMMENT 'số tiền sau khi phân loại',
  `type_id` varchar(255) COLLATE utf8_unicode_ci DEFAULT NULL COMMENT 'loại thu ',
  `receipt_surcharge` double NOT NULL COMMENT 'tiền phụ thu',
  `receipt_discount` double NOT NULL COMMENT 'số tiền sau giảm giá',
  `receipt_discount_note` text COLLATE utf8_unicode_ci DEFAULT NULL COMMENT 'lí do giảm giá',
  `user_id` varchar(255) COLLATE utf8_unicode_ci DEFAULT NULL,
  `user_name` varchar(255) COLLATE utf8_unicode_ci DEFAULT NULL,
  `receipt_created_at` datetime NOT NULL
) ENGINE=InnoDB DEFAULT CHARSET=utf8 COLLATE=utf8_unicode_ci;

--
-- Đang đổ dữ liệu cho bảng `rc_receipts`
--

INSERT INTO `rc_receipts` (`receipt_id`, `class_id`, `student_id`, `receipt_no_book`, `receipt_numerical`, `receipt_amount`, `receipt_class`, `receipt_type`, `type_id`, `receipt_surcharge`, `receipt_discount`, `receipt_discount_note`, `user_id`, `user_name`, `receipt_created_at`) VALUES
('021748e0-de26-4183-9f09-8a366b3db019', '06bde3f7-9870-4c34-aa85-e6e7ce8cc830', '504d4c26-a4f4-4835-ae8d-78e54cdb0955', '202009', 7, 220000, 0, 50000, '1', 0, 0, NULL, NULL, NULL, '2020-09-17 04:19:59'),
('09436c11-2e0c-4273-a0a1-d90c6b856b8e', '06bde3f7-9870-4c34-aa85-e6e7ce8cc830', 'ed93d7b0-1933-4d09-9e5d-c84220247b0d', '202009', 4, 220000, 0, 0, NULL, 0, 0, NULL, NULL, NULL, '2020-09-17 03:54:41'),
('0dc365dd-aaa8-46a1-b809-d92cf17c8587', '06bde3f7-9870-4c34-aa85-e6e7ce8cc830', '7092863e-a7a0-4b2e-b23d-9b607494894f', '202010', 35, 110000, 220000, 110000, 'd29b628e-36d7-49f9-a242-ce55e703d4ad', 0, 0, '', 'c29e15d0-7bfa-4809-b216-e96ae040d070', 'Adminstrator', '2020-10-30 03:58:23'),
('1060f566-b3eb-43f4-b397-ce32879d95d5', 'd28bd748-952d-4119-9997-416b81e4d347', 'b5371d49-645e-4b51-a40c-7e69c7f8b036', '202010', 28, 5002000, 5000000, 5000000, 'fd35f411-2d8a-42bb-a96f-c8d1edd84bf0', 2000, 0, '', 'c29e15d0-7bfa-4809-b216-e96ae040d070', 'Adminstrator', '2020-10-10 06:04:19'),
('14f45812-d7cc-4ffe-806d-5fb2c72d5403', '079cefda-d504-445e-814d-0eeb906cd190', 'b20a8b3e-a447-40a4-9402-2f664b369f6b', '202010', 8, 500000, 1000000, 1000000, 'fd35f411-2d8a-42bb-a96f-c8d1edd84bf0', 0, 500000, 'Con tui ', 'c29e15d0-7bfa-4809-b216-e96ae040d070', 'Adminstrator', '2020-10-05 09:10:03'),
('1a05e29c-455e-4df1-870b-a867d7e81de7', '351570cd-892f-4e5d-ae16-ae9e838e063f', '5dff6fcc-ab0f-492a-9b62-b30ac33ffb0e', '202012', 39, 1215000, 1350000, 1350000, 'fd35f411-2d8a-42bb-a96f-c8d1edd84bf0', 0, 135000, '', '8137bb81-5606-45fc-903c-327493acaeee', 'ALTA', '2020-12-16 10:20:04'),
('1ffa5403-9eff-4860-b3b1-0efeea2b10e3', '351570cd-892f-4e5d-ae16-ae9e838e063f', '43321715-fe6a-458b-9d5e-ce92d253495e', '202012', 41, 0, 1350000, 0, 'fd35f411-2d8a-42bb-a96f-c8d1edd84bf0', 0, 0, '', '8137bb81-5606-45fc-903c-327493acaeee', 'ALTA', '2020-12-18 03:45:43'),
('262af51e-8315-463a-b277-56a0d089eb38', '0544c955-3442-40f1-9716-98ff7015a555', '30c63f71-d4d9-41ba-a830-cc028527f456', '202012', 44, 350000, 3500000, 0, 'fd35f411-2d8a-42bb-a96f-c8d1edd84bf0', 350000, 0, '', '8137bb81-5606-45fc-903c-327493acaeee', 'ALTA', '2020-12-18 04:07:11'),
('26fac376-a923-4eed-8817-d3fa05af5556', '0c89a627-3a3a-4e84-8720-69bf33b2074a', 'bb89f94e-5505-415e-8242-073dad213e0e', '202010', 22, 8900000, 10000000, 10000000, 'fd35f411-2d8a-42bb-a96f-c8d1edd84bf0', 0, 1100000, '', 'c29e15d0-7bfa-4809-b216-e96ae040d070', 'Adminstrator', '2020-10-09 05:06:41'),
('2fb8b6bc-d41e-4e5a-970a-0bf57c1bd91a', '06bde3f7-9870-4c34-aa85-e6e7ce8cc830', 'd9a88cbd-b250-4b22-8739-40742e65a0a1', '202009', 8, 220000, 0, 0, NULL, 0, 0, NULL, NULL, NULL, '2020-09-17 06:29:04'),
('37335b20-a30e-4a59-a73f-e4941ee56b4f', '152e9d17-3001-4a25-9d16-da20d2df8798', '1c1eec5b-6186-4153-8759-0cbfff7ac3a2', '202010', 30, 75000, 100000, 75000, 'd438e4c9-e093-49d5-ac3d-b088768817b6', 0, 0, '', 'c29e15d0-7bfa-4809-b216-e96ae040d070', 'Adminstrator', '2020-10-19 08:11:59'),
('3778e115-e260-46b9-b896-de3860e8066e', '0544c955-3442-40f1-9716-98ff7015a555', 'bb53e51b-1ea4-4bbe-9228-dcede17151d0', '202010', 7, 2975000, 3500000, 2625000, 'd438e4c9-e093-49d5-ac3d-b088768817b6', 350000, 0, 'Thu đầy đủ', 'c29e15d0-7bfa-4809-b216-e96ae040d070', 'Adminstrator', '2020-10-05 09:09:13'),
('41ce2ad0-811b-4cab-8926-e9895799f3c1', '351570cd-892f-4e5d-ae16-ae9e838e063f', '01fdca01-c97f-4479-968a-a2a0d1d86f50', '202010', 15, 300375, 1350000, 337500, 'deb1c2ca-c102-471b-b9da-0af8aa0b8914', 0, 37125, '', 'c29e15d0-7bfa-4809-b216-e96ae040d070', 'Adminstrator', '2020-10-05 09:30:18'),
('433acb53-ba11-48ce-b613-ed39a58a0371', '152e9d17-3001-4a25-9d16-da20d2df8798', '30c63f71-d4d9-41ba-a830-cc028527f456', '202012', 43, 100000, 100000, 100000, 'fd35f411-2d8a-42bb-a96f-c8d1edd84bf0', 0, 0, '', '8137bb81-5606-45fc-903c-327493acaeee', 'ALTA', '2020-12-18 04:06:59'),
('44ec3436-1d0e-4139-b90e-6c8e6bafc226', 'd28bd748-952d-4119-9997-416b81e4d347', 'b4836c81-295d-463c-8904-3281925f45a5', '202010', 34, 2000, 5000000, 0, 'fd35f411-2d8a-42bb-a96f-c8d1edd84bf0', 2000, 0, 'Đóng tất cả, giảm giá HV cũ', '8137bb81-5606-45fc-903c-327493acaeee', 'ALTA', '2020-10-31 06:40:22'),
('489d4c60-e859-4779-a5a3-1668cb475917', '0c89a627-3a3a-4e84-8720-69bf33b2074a', 'a2b002ef-eed7-4d44-8557-78e928cca282', '202012', 37, 10000000, 10000000, 10000000, 'fd35f411-2d8a-42bb-a96f-c8d1edd84bf0', 0, 0, '', '8137bb81-5606-45fc-903c-327493acaeee', 'ALTA', '2020-12-16 03:11:55'),
('4d9fc432-ac55-4f74-ba65-9ac6ba79db99', '06bde3f7-9870-4c34-aa85-e6e7ce8cc830', 'ed93d7b0-1933-4d09-9e5d-c84220247b0d', '202009', 6, 220000, 0, 0, NULL, 0, 0, NULL, NULL, NULL, '2020-09-17 04:15:53'),
('5c877964-7f76-4a00-b42b-11b0f3cf73ec', '4f36c6df-ca06-4dd6-883f-9af86c5f0922', '18d1b664-a1b9-4bd7-be27-8dad6414fb04', '202012', 46, 100, 10000, 10000, 'fd35f411-2d8a-42bb-a96f-c8d1edd84bf0', 100, 10000, '', 'c29e15d0-7bfa-4809-b216-e96ae040d070', 'Adminstrator', '2020-12-22 11:28:45'),
('604ba514-06f0-4813-9339-8e67b276a8d3', '52b9f576-2e84-4c43-a8aa-25bb63f9a228', '6f69f6dc-33d4-493e-9494-37cb46b810bc', '202012', 49, 220000, 220000, 220000, 'fd35f411-2d8a-42bb-a96f-c8d1edd84bf0', 0, 0, '', 'c29e15d0-7bfa-4809-b216-e96ae040d070', 'Adminstrator', '2020-12-22 12:21:16'),
('640f79b8-1b63-4e49-9311-789ee123cf42', '509b318d-eae0-417f-b660-b4902e85558a', '18d1b664-a1b9-4bd7-be27-8dad6414fb04', '202012', 47, 1000000, 1000000, 1000000, 'fd35f411-2d8a-42bb-a96f-c8d1edd84bf0', 0, 0, '', 'c29e15d0-7bfa-4809-b216-e96ae040d070', 'Adminstrator', '2020-12-22 11:29:31'),
('6897c288-dc7c-4dc0-9f2f-067fe5c92eb1', '0544c955-3442-40f1-9716-98ff7015a555', '9d31e397-5542-4c07-8538-2c08cf790716', '202010', 17, 3850000, 3500000, 3500000, 'fd35f411-2d8a-42bb-a96f-c8d1edd84bf0', 350000, 0, '', '160b0019-89a7-40a8-b695-2fc3c9449406', 'QT', '2020-10-06 06:01:03'),
('69446701-4a57-4960-8fd2-084ec97d4ffd', 'd28bd748-952d-4119-9997-416b81e4d347', '44616235-fec1-4658-8a4c-65b2dcad1821', '202010', 33, 4552000, 5000000, 5000000, 'fd35f411-2d8a-42bb-a96f-c8d1edd84bf0', 2000, 450000, '', '8137bb81-5606-45fc-903c-327493acaeee', 'ALTA', '2020-10-31 06:36:24'),
('6ac8e1b4-4b01-45e4-b784-27d6691524bc', 'e31be768-218c-48af-9047-503b4e8f4f64', '1c9c8f71-0b1b-4b0c-9912-2e373ad563ef', '202010', 13, 225000, 250000, 250000, 'fd35f411-2d8a-42bb-a96f-c8d1edd84bf0', 0, 25000, '', 'c29e15d0-7bfa-4809-b216-e96ae040d070', 'Adminstrator', '2020-10-05 09:29:04'),
('6fd1c3ef-d074-4102-8522-8382e2bb159d', '10445cd2-1822-4b6b-b398-48cc8fa2674c', '9d31e397-5542-4c07-8538-2c08cf790716', '202010', 33, 989999999.01, 999999999, 999999999, 'fd35f411-2d8a-42bb-a96f-c8d1edd84bf0', 0, 9999999.99, '', 'c29e15d0-7bfa-4809-b216-e96ae040d070', 'Adminstrator', '2020-10-29 03:27:07'),
('728d5fea-72c3-4749-94d5-3806d4c3dd80', '0544c955-3442-40f1-9716-98ff7015a555', 'dc9e7a5c-1cae-4745-8dd0-b59c8e023bab', '202010', 16, 2100000, 3500000, 1750000, 'd29b628e-36d7-49f9-a242-ce55e703d4ad', 350000, 0, '', '160b0019-89a7-40a8-b695-2fc3c9449406', 'QT', '2020-10-06 04:47:48'),
('737cf391-5744-4eb3-8ef0-e7a0000ef238', '6657f003-ca8d-44b4-af7f-96a50ca1c7a3', '4dfe4292-66fe-4296-9c59-1771d36a40c9', '202012', 36, 100, 100, 100, 'fd35f411-2d8a-42bb-a96f-c8d1edd84bf0', 0, 0, '', 'c29e15d0-7bfa-4809-b216-e96ae040d070', 'Adminstrator', '2020-12-09 09:41:25'),
('7aa82a91-a493-404c-8b24-439c784d549f', '4f36c6df-ca06-4dd6-883f-9af86c5f0922', '30cea382-658a-4abf-b22b-49c05c9e1c61', '202010', 24, 10100, 10000, 10000, 'fd35f411-2d8a-42bb-a96f-c8d1edd84bf0', 100, 0, '', 'c29e15d0-7bfa-4809-b216-e96ae040d070', 'Adminstrator', '2020-10-09 05:21:27'),
('7d583ebe-52f6-4e4c-94d5-807ff8b88db2', '0c89a627-3a3a-4e84-8720-69bf33b2074a', 'b20a8b3e-a447-40a4-9402-2f664b369f6b', '202010', 23, 6675000, 10000000, 7500000, 'd438e4c9-e093-49d5-ac3d-b088768817b6', 0, 825000, '', 'c29e15d0-7bfa-4809-b216-e96ae040d070', 'Adminstrator', '2020-10-09 05:06:54'),
('82a147f1-28e7-4a3f-a67a-f9d08daf1d08', '06bde3f7-9870-4c34-aa85-e6e7ce8cc830', '6f69f6dc-33d4-493e-9494-37cb46b810bc', '202012', 48, 220000, 220000, 220000, 'fd35f411-2d8a-42bb-a96f-c8d1edd84bf0', 0, 0, '', 'c29e15d0-7bfa-4809-b216-e96ae040d070', 'Adminstrator', '2020-12-22 12:20:54'),
('8b4b8f78-8c4b-49f8-a53c-dca1948e3265', 'ee605aa6-6435-4f2b-8703-03140957b21f', 'ed93d7b0-1933-4d09-9e5d-c84220247b0d', '202010', 9, 91000000, 100000000, 75000000, 'd438e4c9-e093-49d5-ac3d-b088768817b6', 25000000, 9000000, '', 'c29e15d0-7bfa-4809-b216-e96ae040d070', 'Adminstrator', '2020-10-05 09:16:31'),
('8c1fd991-7886-4dd6-90ea-4c6bf00212d7', '0c89a627-3a3a-4e84-8720-69bf33b2074a', 'df234f61-cd3b-42f9-9869-c1b47483626c', '202010', 32, 10000000, 10000000, 10000000, 'fd35f411-2d8a-42bb-a96f-c8d1edd84bf0', 0, 0, '', 'c29e15d0-7bfa-4809-b216-e96ae040d070', 'Adminstrator', '2020-10-29 03:10:57'),
('9a037f79-e654-40e3-97d9-d4e647fbfe0e', '0544c955-3442-40f1-9716-98ff7015a555', '30cea382-658a-4abf-b22b-49c05c9e1c61', '202010', 26, 3850000, 3500000, 3500000, 'fd35f411-2d8a-42bb-a96f-c8d1edd84bf0', 350000, 0, '', 'c29e15d0-7bfa-4809-b216-e96ae040d070', 'Adminstrator', '2020-10-09 05:22:35'),
('9b16f6aa-fb92-43ae-ac96-4a883ed8ad87', '0544c955-3442-40f1-9716-98ff7015a555', '4c143194-cfa5-4950-83bb-fc8fa2e3e207', '202010', 19, 1225000, 3500000, 875000, 'deb1c2ca-c102-471b-b9da-0af8aa0b8914', 350000, 0, '', 'bcf94aac-6171-4ce0-bc6b-dfe0dba59c4e', 'Lê Thị Luyên', '2020-10-07 09:44:26'),
('9e38fac8-712e-409d-82ae-ec57510646a7', '51c7366a-ea3e-4dbb-8e48-04b880df7a64', 'bb89f94e-5505-415e-8242-073dad213e0e', '202010', 18, 1, 1, 1, 'fd35f411-2d8a-42bb-a96f-c8d1edd84bf0', 0, 0, '', 'c29e15d0-7bfa-4809-b216-e96ae040d070', 'Adminstrator', '2020-10-06 08:07:12'),
('9ea6b660-0a96-4db7-8e1e-34d791de5293', '2fc71c4a-1c07-4f84-9157-c4b1d8438801', '6fc070fb-fdde-4170-a6ad-6ac037dc2400', '202010', 21, 10000, 1444, 10000, 'd438e4c9-e093-49d5-ac3d-b088768817b6', 0, 0, '', 'c29e15d0-7bfa-4809-b216-e96ae040d070', 'Adminstrator', '2020-10-09 02:56:45'),
('ac18f9c7-12bb-4cbe-9ca2-dc713aa1145c', '4f36c6df-ca06-4dd6-883f-9af86c5f0922', '43321715-fe6a-458b-9d5e-ce92d253495e', '202012', 42, 100, 10000, 0, 'fd35f411-2d8a-42bb-a96f-c8d1edd84bf0', 100, 0, '', '8137bb81-5606-45fc-903c-327493acaeee', 'ALTA', '2020-12-18 04:05:49'),
('c3a543af-26fc-4e41-bbb5-9db156377901', '10445cd2-1822-4b6b-b398-48cc8fa2674c', '30cea382-658a-4abf-b22b-49c05c9e1c61', '202010', 25, 450000000, 999999999, 500000000, 'd29b628e-36d7-49f9-a242-ce55e703d4ad', 0, 50000000, '', 'c29e15d0-7bfa-4809-b216-e96ae040d070', 'Adminstrator', '2020-10-09 05:22:17'),
('c9df811d-b17c-4189-8515-99b9143e4e07', '4ff9068a-3de6-4ec2-a45a-271196faacec', '9d31e397-5542-4c07-8538-2c08cf790716', '202010', 20, 127500, 200000, 150000, 'd438e4c9-e093-49d5-ac3d-b088768817b6', 0, 22500, '', 'c29e15d0-7bfa-4809-b216-e96ae040d070', 'Adminstrator', '2020-10-08 04:37:22'),
('dafd6db2-1174-4744-97c6-cd063e5c0947', '0544c955-3442-40f1-9716-98ff7015a555', '18d1b664-a1b9-4bd7-be27-8dad6414fb04', '202010', 6, 3325000, 3500000, 3500000, 'fd35f411-2d8a-42bb-a96f-c8d1edd84bf0', 350000, 525000, '', 'c29e15d0-7bfa-4809-b216-e96ae040d070', 'Adminstrator', '2020-10-05 09:08:44'),
('db30e071-75f0-42f6-a1d1-3daab01d2d52', 'd28bd748-952d-4119-9997-416b81e4d347', 'b9456f13-d40e-4220-ac85-13baf9fe1dd1', '202010', 30, 5002000, 5000000, 5000000, 'fd35f411-2d8a-42bb-a96f-c8d1edd84bf0', 2000, 0, '', 'c29e15d0-7bfa-4809-b216-e96ae040d070', 'Adminstrator', '2020-10-12 06:50:02'),
('dda7a1f5-0f99-4752-b221-3de43388231a', '0c89a627-3a3a-4e84-8720-69bf33b2074a', 'cee0572e-c3e2-4127-aff6-44bf0f95de75', '202012', 45, 10000000, 10000000, 10000000, 'fd35f411-2d8a-42bb-a96f-c8d1edd84bf0', 0, 0, '', '8137bb81-5606-45fc-903c-327493acaeee', 'ALTA', '2020-12-18 04:31:17'),
('de46e8ef-9cc9-4938-b720-1bf3619a8bfd', '7e1b48aa-5262-4ce0-af50-5869d58ab402', 'ab0ff0ce-56bb-452f-82fb-0791d9759598', '202010', 11, 1000000, 1000000, 1000000, 'fd35f411-2d8a-42bb-a96f-c8d1edd84bf0', 0, 0, '', 'c29e15d0-7bfa-4809-b216-e96ae040d070', 'Adminstrator', '2020-10-05 09:19:57'),
('df3fa35b-e5d1-43f9-9b34-b35047ba3c3e', 'b8dc1f85-9d54-4469-a271-67edc199d350', 'bdbfd1b4-74a5-44ba-a0d3-0019e98d97c1', '202010', 30, 300000, 14, 0, 'fd35f411-2d8a-42bb-a96f-c8d1edd84bf0', 300000, 0, '', 'c29e15d0-7bfa-4809-b216-e96ae040d070', 'Adminstrator', '2020-10-20 03:39:00'),
('e1b8526d-1025-4845-a47d-6efe3be7472d', '0544c955-3442-40f1-9716-98ff7015a555', '4dfe4292-66fe-4296-9c59-1771d36a40c9', '202012', 38, 350000, 3500000, 3500000, 'fd35f411-2d8a-42bb-a96f-c8d1edd84bf0', 350000, 3500000, '', 'c29e15d0-7bfa-4809-b216-e96ae040d070', 'Adminstrator', '2020-12-16 06:15:26'),
('e33981cf-6cec-45b0-ab4e-e6f567b053e5', '4e158695-cd01-49b9-92d4-b577a5801e02', 'bb89f94e-5505-415e-8242-073dad213e0e', '202012', 48, 200000, 200000, 200000, 'fd35f411-2d8a-42bb-a96f-c8d1edd84bf0', 0, 0, '', 'c29e15d0-7bfa-4809-b216-e96ae040d070', 'Adminstrator', '2020-12-30 08:28:19'),
('eb95d810-f890-4d77-8aae-38cd34c2b1d9', '079cefda-d504-445e-814d-0eeb906cd190', 'bdbfd1b4-74a5-44ba-a0d3-0019e98d97c1', '202010', 31, 1000000, 1000000, 1000000, 'fd35f411-2d8a-42bb-a96f-c8d1edd84bf0', 0, 0, '', 'c29e15d0-7bfa-4809-b216-e96ae040d070', 'Adminstrator', '2020-10-20 06:31:59'),
('f12984bf-a803-461e-b7ec-692efefcadb1', 'd28bd748-952d-4119-9997-416b81e4d347', '4dfe4292-66fe-4296-9c59-1771d36a40c9', '202010', 29, 5002000, 5000000, 5000000, 'fd35f411-2d8a-42bb-a96f-c8d1edd84bf0', 2000, 0, '', 'c29e15d0-7bfa-4809-b216-e96ae040d070', 'Adminstrator', '2020-10-12 06:20:08'),
('f5fe11b2-32bf-449f-9bdb-1e6d3fba3b3a', '06bde3f7-9870-4c34-aa85-e6e7ce8cc830', 'ed93d7b0-1933-4d09-9e5d-c84220247b0d', '202009', 5, 220000, 0, 0, NULL, 0, 0, NULL, NULL, NULL, '2020-09-17 04:09:58');

-- --------------------------------------------------------

--
-- Cấu trúc bảng cho bảng `rc_registration_studies`
--

CREATE TABLE `rc_registration_studies` (
  `registration_study_id` varchar(255) COLLATE utf8_unicode_ci NOT NULL,
  `student_id` varchar(255) COLLATE utf8_unicode_ci NOT NULL,
  `class_id` varchar(255) COLLATE utf8_unicode_ci NOT NULL,
  `registration_tuition` int(1) NOT NULL DEFAULT 0 COMMENT '1 : đã thu học phí, 0: chưa thu học phí',
  `registration_tuition_date` datetime DEFAULT current_timestamp(),
  `registration_created` timestamp NOT NULL DEFAULT current_timestamp()
) ENGINE=InnoDB DEFAULT CHARSET=utf8 COLLATE=utf8_unicode_ci;

--
-- Đang đổ dữ liệu cho bảng `rc_registration_studies`
--

INSERT INTO `rc_registration_studies` (`registration_study_id`, `student_id`, `class_id`, `registration_tuition`, `registration_tuition_date`, `registration_created`) VALUES
('0035aacf-b1eb-4c8c-9dd0-33aba6c716de', '30cea382-658a-4abf-b22b-49c05c9e1c61', '4f36c6df-ca06-4dd6-883f-9af86c5f0922', 1, '2020-10-09 05:21:27', '2020-10-09 05:19:47'),
('0b5eb73e-7209-413b-a0da-b9a4ca0bffb6', '1c1eec5b-6186-4153-8759-0cbfff7ac3a2', '78dd60a0-650b-4c8b-b822-9e12f5e4b9f5', 0, NULL, '2020-12-30 04:37:07'),
('10de4eed-9af9-4805-874d-f4087e44a9c0', 'dc9e7a5c-1cae-4745-8dd0-b59c8e023bab', '0544c955-3442-40f1-9716-98ff7015a555', 1, '2020-10-06 04:47:48', '2020-10-05 10:00:01'),
('1377e2a4-35cb-4373-a521-36bbf6d3c6f6', '45e757f5-1ce6-4c92-bdb9-726c494040b8', '8e86e5da-67ad-498c-b55c-a27f99b16013', 0, NULL, '2020-10-12 09:35:14'),
('175a3576-00c6-4153-b3ed-59cd94add4f6', '369b030f-662d-4699-93a0-1ab1b06fe269', '426e791b-717b-4a76-ac07-d2759ac860cb', 0, NULL, '2020-12-30 06:58:48'),
('1ba5937b-4f5d-4019-9617-19bee0037417', 'bb89f94e-5505-415e-8242-073dad213e0e', '0c89a627-3a3a-4e84-8720-69bf33b2074a', 1, '2020-10-09 05:06:41', '2020-10-02 03:45:29'),
('1ea0cb39-3109-4c1c-8d22-ead4bfcdb7d5', '1c1eec5b-6186-4153-8759-0cbfff7ac3a2', 'c0a430be-ff4b-4eec-bfa9-ed15bb73b33f', 0, NULL, '2020-12-30 06:58:48'),
('20c2ca0f-a035-4f0a-b613-f4be37fa65eb', '6f69f6dc-33d4-493e-9494-37cb46b810bc', 'd6863e66-17cc-48ee-8bdc-249f26c52107', 0, '2020-10-03 08:41:56', '2020-10-03 04:17:50'),
('213a5a81-6acf-45a0-b9a9-69bc50fe4af2', '30cea382-658a-4abf-b22b-49c05c9e1c61', '262999b5-6c9f-4eb4-8b9a-722ea0e59d5d', 0, NULL, '2020-12-17 13:09:32'),
('274518ab-8a6f-4de9-a627-913490825a82', 'bb89f94e-5505-415e-8242-073dad213e0e', '51c7366a-ea3e-4dbb-8e48-04b880df7a64', 1, '2020-10-06 08:07:12', '2020-10-02 05:03:09'),
('27caf692-cf21-42ca-bdab-54e21f55af1c', '504d4c26-a4f4-4835-ae8d-78e54cdb0955', '06bde3f7-9870-4c34-aa85-e6e7ce8cc830', 0, '2020-09-17 04:19:59', '2020-09-16 09:28:02'),
('28aa8413-c8f9-4966-806c-ed76ca834199', 'bb89f94e-5505-415e-8242-073dad213e0e', '4e158695-cd01-49b9-92d4-b577a5801e02', 1, '2020-12-30 08:28:19', '2020-12-30 06:58:48'),
('29251998-7005-42b7-a29a-0a8861294b40', '30cea382-658a-4abf-b22b-49c05c9e1c61', '0544c955-3442-40f1-9716-98ff7015a555', 1, '2020-10-09 05:22:35', '2020-10-09 05:19:22'),
('29a8e054-7ef5-4c5c-b56e-70bd15aa9c97', 'cee0572e-c3e2-4127-aff6-44bf0f95de75', '152e9d17-3001-4a25-9d16-da20d2df8798', 0, NULL, '2020-10-20 07:25:13'),
('2b9a9748-0859-499a-a739-3e0daab6defd', 'ed93d7b0-1933-4d09-9e5d-c84220247b0d', 'bc4f07f2-6e68-453e-a5a1-4ef3bb891e03', 0, NULL, '2020-12-30 06:58:48'),
('2fa95a36-2710-4a80-9dae-11ac51d820c1', 'd9a88cbd-b250-4b22-8739-40742e65a0a1', '9f5fa322-4c12-49c0-bc0e-2f29cccdd3ff', 0, NULL, '2020-12-30 06:58:48'),
('30d1fbeb-d6c2-48c8-bf8e-837cb4cbed3c', '375209f2-87fd-465f-8098-703e882c6a01', '4e158695-cd01-49b9-92d4-b577a5801e02', 0, NULL, '2020-12-30 06:58:48'),
('327d04ae-7550-48c8-a368-6534f540b2fa', '375209f2-87fd-465f-8098-703e882c6a01', '9f5fa322-4c12-49c0-bc0e-2f29cccdd3ff', 0, NULL, '2020-12-30 06:58:48'),
('32e66260-1f4e-4dc0-9b71-5bf023c788fc', '86fa2ce3-e95c-4fc4-bd53-e7d9782f04b8', '0544c955-3442-40f1-9716-98ff7015a555', 0, NULL, '2020-10-09 03:14:34'),
('333d0af2-5a59-4882-b989-5e4905425c46', '504d4c26-a4f4-4835-ae8d-78e54cdb0955', 'bc4f07f2-6e68-453e-a5a1-4ef3bb891e03', 0, NULL, '2020-12-30 06:58:48'),
('339c9caa-e009-4a8c-a352-cfcb024d41f2', '6fc070fb-fdde-4170-a6ad-6ac037dc2400', '2fc71c4a-1c07-4f84-9157-c4b1d8438801', 1, '2020-10-09 02:56:45', '2020-10-08 11:55:44'),
('344e031f-bbec-4617-81f7-dde489cefd1d', 'b5371d49-645e-4b51-a40c-7e69c7f8b036', 'd28bd748-952d-4119-9997-416b81e4d347', 1, '2020-10-10 06:04:19', '2020-09-30 11:56:41'),
('34c55cb3-91f5-4ad9-a37a-3a3e8c07db4c', '4c143194-cfa5-4950-83bb-fc8fa2e3e207', '0544c955-3442-40f1-9716-98ff7015a555', 1, '2020-10-07 09:44:26', '2020-10-05 09:57:29'),
('358196cf-7253-4adb-adbe-5d359e064e1f', '30c63f71-d4d9-41ba-a830-cc028527f456', '152e9d17-3001-4a25-9d16-da20d2df8798', 1, '2020-12-18 04:06:59', '2020-10-19 08:16:24'),
('3644b07d-c1af-468e-9272-1faee04e9385', 'c38e3300-7a37-43c7-af61-f85f70fa9f74', 'bc4f07f2-6e68-453e-a5a1-4ef3bb891e03', 0, NULL, '2020-12-30 06:58:48'),
('3a6bf176-5ca3-48ef-81cb-6eb6abff67ed', 'e3e4c0bc-16e1-4ee3-85e4-4c9303070b2a', 'e89d2213-14fd-4b5d-95ef-ad3208b9881d', 0, '2020-10-02 05:10:18', '2020-09-26 09:40:38'),
('3b1d700d-9a17-4db3-8f67-1cb91675a6b7', 'a975749b-b445-475d-bfeb-72642a0390dd', '0544c955-3442-40f1-9716-98ff7015a555', 0, NULL, '2020-10-09 07:25:11'),
('3c85d370-241c-49ce-825e-103306f7670e', '2bab18e3-4267-47d4-af33-a9359c3d6972', '2806aa30-a684-40f9-8eb3-4a8701b41683', 0, '2020-09-21 04:35:29', '2020-09-21 03:32:41'),
('3ff06ada-e029-42ca-8b1b-f6c32850a47d', '6f69f6dc-33d4-493e-9494-37cb46b810bc', 'bc4f07f2-6e68-453e-a5a1-4ef3bb891e03', 0, NULL, '2020-12-30 06:58:48'),
('4046ef8f-5abe-4691-87c4-2b780ab29ed7', '6f69f6dc-33d4-493e-9494-37cb46b810bc', '52b9f576-2e84-4c43-a8aa-25bb63f9a228', 1, '2020-12-22 12:21:16', '2020-10-03 04:25:23'),
('41478724-eade-4592-8999-c9f88eaf3536', '18d1b664-a1b9-4bd7-be27-8dad6414fb04', '0544c955-3442-40f1-9716-98ff7015a555', 1, '2020-10-05 09:08:44', '2020-10-05 03:47:08'),
('41707eb9-687c-4b85-930d-b2d0c2f1b9ca', '48400bb2-a411-45bc-a515-28091849fe70', 'bc4f07f2-6e68-453e-a5a1-4ef3bb891e03', 0, NULL, '2020-12-30 06:58:48'),
('421a529c-9ae1-4685-9960-74e0bfa6461f', 'ed93d7b0-1933-4d09-9e5d-c84220247b0d', '06bde3f7-9870-4c34-aa85-e6e7ce8cc830', 0, '2020-09-17 04:15:53', '2020-09-15 02:57:59'),
('429fe023-daf3-4a80-a379-ea9efff96433', '9d31e397-5542-4c07-8538-2c08cf790716', '4ff9068a-3de6-4ec2-a45a-271196faacec', 1, '2020-10-08 04:37:22', '2020-10-06 04:49:25'),
('43c6ba1a-047d-4fc2-8aed-eefd221d590a', '375209f2-87fd-465f-8098-703e882c6a01', '06bde3f7-9870-4c34-aa85-e6e7ce8cc830', 0, '2020-09-22 12:47:59', '2020-09-21 10:58:02'),
('449e0ce3-8cec-4b1a-a3c8-ac6b17b3ece5', '0fc4c931-e8af-4c36-a147-ebfbfe61b490', '06bde3f7-9870-4c34-aa85-e6e7ce8cc830', 0, '2020-09-18 06:30:18', '2020-09-18 06:29:57'),
('450bf2c7-4696-46f9-80da-897afe275425', '2f3b917a-20d7-4081-b181-8be6774ec302', 'fa5e3eef-ea18-42a7-9ccb-d734c6c9d4d4', 0, NULL, '2020-12-30 06:58:48'),
('45fb4ba1-b44f-4609-8e4a-a87d8f46052a', '7092863e-a7a0-4b2e-b23d-9b607494894f', '06bde3f7-9870-4c34-aa85-e6e7ce8cc830', 1, '2020-10-30 03:58:23', '2020-09-23 07:04:16'),
('47cc190e-fabb-414a-8f42-3c64d688e51c', '44616235-fec1-4658-8a4c-65b2dcad1821', 'd28bd748-952d-4119-9997-416b81e4d347', 1, '2020-10-31 06:36:24', '2020-09-30 11:54:49'),
('481b337f-b4b6-46ef-8014-ea99af851252', '9d31e397-5542-4c07-8538-2c08cf790716', '0544c955-3442-40f1-9716-98ff7015a555', 1, '2020-10-06 06:01:03', '2020-10-06 04:49:11'),
('49df9fe5-9a31-4042-a310-a89b53a5c7e8', '18d1b664-a1b9-4bd7-be27-8dad6414fb04', '509b318d-eae0-417f-b660-b4902e85558a', 1, '2020-12-22 11:29:31', '2020-12-16 08:04:41'),
('4b5adcd7-9141-4ac0-9ba8-cd4548ee46a3', '157297cf-31bc-4467-81c6-6567e2be95ea', 'bc4f07f2-6e68-453e-a5a1-4ef3bb891e03', 0, NULL, '2020-12-30 06:58:48'),
('4e270f08-fdaf-4ab5-8d7e-97e77bc500a0', 'bb53e51b-1ea4-4bbe-9228-dcede17151d0', '0544c955-3442-40f1-9716-98ff7015a555', 1, '2020-10-05 09:09:13', '2020-10-05 07:13:24'),
('4fee8045-f01f-4df3-84fc-3620331e7507', '0fc4c931-e8af-4c36-a147-ebfbfe61b490', 'bc4f07f2-6e68-453e-a5a1-4ef3bb891e03', 0, NULL, '2020-12-30 06:58:48'),
('54ef4a87-7901-4416-97fb-65f81329d582', '62b4d1ac-b34a-4beb-ac06-558c128531d9', 'bc4f07f2-6e68-453e-a5a1-4ef3bb891e03', 0, NULL, '2020-12-30 06:58:48'),
('57823b0d-7449-45df-981f-61988b361763', '674569f1-83ff-4762-a0bb-605b4e08d6ea', '0544c955-3442-40f1-9716-98ff7015a555', 0, NULL, '2020-10-19 08:10:27'),
('5942a047-8f19-4eb2-bbe3-5bced380ba37', '43321715-fe6a-458b-9d5e-ce92d253495e', '0544c955-3442-40f1-9716-98ff7015a555', 0, NULL, '2020-12-23 03:47:14'),
('59c38d81-e869-4c23-a096-43162ba9dab4', 'b20a8b3e-a447-40a4-9402-2f664b369f6b', '0c89a627-3a3a-4e84-8720-69bf33b2074a', 1, '2020-10-09 05:06:54', '2020-10-03 09:55:00'),
('5b8c9e95-1935-4961-bc8c-579f788dd232', '2f3b917a-20d7-4081-b181-8be6774ec302', 'c0636bac-8b6a-4eb3-976a-0a641cfd3626', 0, '2020-09-19 02:57:05', '2020-09-18 03:16:26'),
('5c5fae7c-d3d2-4a13-9fda-7404460cfe88', 'b4836c81-295d-463c-8904-3281925f45a5', 'd28bd748-952d-4119-9997-416b81e4d347', 1, '2020-10-31 06:40:22', '2020-09-30 04:27:46'),
('5e7375d9-0b37-4edf-84e0-5ed31dcd784c', '6f962a89-458c-4cec-bf51-4b6b85a2d759', '06bde3f7-9870-4c34-aa85-e6e7ce8cc830', 0, '2020-10-02 10:16:27', '2020-10-01 06:41:24'),
('6121a902-83a1-4711-8fef-06fa2859b6db', '4dfe4292-66fe-4296-9c59-1771d36a40c9', '0544c955-3442-40f1-9716-98ff7015a555', 1, '2020-12-16 06:15:26', '2020-10-12 07:58:12'),
('6546e6d4-d0e3-4583-b6b2-945f7b733caa', '4fb91241-85dc-417e-a871-b27c861df488', '152e9d17-3001-4a25-9d16-da20d2df8798', 0, '2020-10-02 05:08:40', '2020-10-01 07:29:19'),
('665bc73d-bf85-4b1e-8807-640acc40dc65', 'd9a88cbd-b250-4b22-8739-40742e65a0a1', '3ec19587-424c-4a42-94cb-fc954789ef7b', 1, '2020-10-02 08:36:47', '2020-10-02 08:22:38'),
('68787b35-9c68-48e9-9bf0-c43bc8894283', '7092863e-a7a0-4b2e-b23d-9b607494894f', '351570cd-892f-4e5d-ae16-ae9e838e063f', 1, '2020-09-28 08:07:42', '2020-09-25 09:41:57'),
('68f34d3b-4cc6-4e88-a614-93b697dc650c', '6f69f6dc-33d4-493e-9494-37cb46b810bc', '426e791b-717b-4a76-ac07-d2759ac860cb', 0, NULL, '2020-12-30 06:58:48'),
('694ee065-9763-4c92-b0fd-e188c69134c4', 'e3e4c0bc-16e1-4ee3-85e4-4c9303070b2a', '06bde3f7-9870-4c34-aa85-e6e7ce8cc830', 1, '2020-10-02 05:10:00', '2020-09-29 11:48:44'),
('6e1d3831-3641-4356-b92b-bde137b60a75', '1c3fdff2-cba3-4864-a8cb-ca8136522718', 'bc4f07f2-6e68-453e-a5a1-4ef3bb891e03', 0, NULL, '2020-12-30 06:58:48'),
('6e48da73-fd7e-49e5-8b95-6dfced50266a', 'f020351b-ac0f-418b-8243-0c0a5c74195f', 'bc4f07f2-6e68-453e-a5a1-4ef3bb891e03', 0, NULL, '2020-12-30 06:58:48'),
('6f66f4fd-6ee9-48e5-931c-090a79ca5188', 'bdbfd1b4-74a5-44ba-a0d3-0019e98d97c1', 'b8dc1f85-9d54-4469-a271-67edc199d350', 1, '2020-10-20 03:39:00', '2020-10-20 03:36:43'),
('6f9f3ce0-f544-40ee-b527-cceeb8512058', 'c38e3300-7a37-43c7-af61-f85f70fa9f74', '6657f003-ca8d-44b4-af7f-96a50ca1c7a3', 0, NULL, '2020-10-01 09:38:29'),
('6ffc1141-ebeb-4123-9e58-dc44fcd15fd0', '0010f30b-8e79-4d1e-be8d-c59668e21f32', 'bc4f07f2-6e68-453e-a5a1-4ef3bb891e03', 0, NULL, '2020-12-30 06:58:48'),
('7071c206-0935-417e-9fe7-3eac41b065f0', '19cdd5fd-4588-41df-b8ad-df6f97785839', 'd28bd748-952d-4119-9997-416b81e4d347', 1, '2020-10-05 03:50:11', '2020-10-02 10:14:32'),
('70aa7502-fe21-4b52-906f-a7f79e6609e0', '157297cf-31bc-4467-81c6-6567e2be95ea', '9f5fa322-4c12-49c0-bc0e-2f29cccdd3ff', 0, NULL, '2020-12-30 06:58:48'),
('7b049431-99ac-49c4-841c-16aecf1e0af3', '43321715-fe6a-458b-9d5e-ce92d253495e', '351570cd-892f-4e5d-ae16-ae9e838e063f', 1, '2020-12-18 03:45:43', '2020-12-10 03:18:44'),
('7c4ff7c0-2825-43ff-bacc-251b52b637e6', 'e3e4c0bc-16e1-4ee3-85e4-4c9303070b2a', 'bc4f07f2-6e68-453e-a5a1-4ef3bb891e03', 0, NULL, '2020-12-30 06:58:48'),
('7cb9023d-8497-4f24-ac0e-cae4fcc2a523', 'a975749b-b445-475d-bfeb-72642a0390dd', '10445cd2-1822-4b6b-b398-48cc8fa2674c', 0, NULL, '2020-10-09 07:25:26'),
('7d24d4a7-e312-42b3-8879-e8ffb5ce67d5', '6f69f6dc-33d4-493e-9494-37cb46b810bc', '06bde3f7-9870-4c34-aa85-e6e7ce8cc830', 1, '2020-12-22 12:20:54', '2020-10-03 04:24:46'),
('82003648-8870-4928-a1c0-fb20cd7e1d38', 'd9a88cbd-b250-4b22-8739-40742e65a0a1', '06bde3f7-9870-4c34-aa85-e6e7ce8cc830', 1, '2020-09-17 06:29:04', '2020-09-16 08:25:52'),
('8548d3f8-e2a8-4218-9d15-57399489ffaf', '2bab18e3-4267-47d4-af33-a9359c3d6972', 'ce217ede-9a37-48b1-9fdd-262c62f455e8', 0, NULL, '2020-12-30 06:58:48'),
('8a57ccd4-e03d-4f77-aa8f-31e3882a85b3', '18d1b664-a1b9-4bd7-be27-8dad6414fb04', 'e3d3d4ce-725f-4ffe-8220-516b6e24d36b', 0, NULL, '2020-12-16 08:09:06'),
('8b9dc4f6-4d7d-4204-8e19-646e110330fa', '30cea382-658a-4abf-b22b-49c05c9e1c61', '10445cd2-1822-4b6b-b398-48cc8fa2674c', 1, '2020-10-09 05:22:17', '2020-10-09 05:19:29'),
('8c8955f5-b812-4359-a447-b325f237e520', '6f962a89-458c-4cec-bf51-4b6b85a2d759', 'bc4f07f2-6e68-453e-a5a1-4ef3bb891e03', 0, NULL, '2020-12-30 06:58:48'),
('8c9d1919-09df-4de1-ad08-3e9b64d58199', '807bc8b1-63a0-416a-b4ec-8b1fdb05e023', '0544c955-3442-40f1-9716-98ff7015a555', 1, '2020-10-03 11:00:07', '2020-10-03 10:47:07'),
('8f5eb7d7-647a-4c5c-9a71-8a578a073496', '02694fed-b2bb-4c4c-b6b6-e63205a9eb11', '06bde3f7-9870-4c34-aa85-e6e7ce8cc830', 1, '2020-09-18 06:34:37', '2020-09-18 06:34:19'),
('913ef444-5cf2-4d28-bd96-b97d337dc58d', 'ed93d7b0-1933-4d09-9e5d-c84220247b0d', 'ee605aa6-6435-4f2b-8703-03140957b21f', 1, '2020-10-05 09:16:31', '2020-10-02 09:46:05'),
('935daa0b-a019-41b9-8586-b4f869b2b834', 'b20a8b3e-a447-40a4-9402-2f664b369f6b', '079cefda-d504-445e-814d-0eeb906cd190', 1, '2020-10-05 09:10:03', '2020-10-03 07:39:41'),
('9807ce03-f18f-4451-895e-e06af2638eb3', '62b4d1ac-b34a-4beb-ac06-558c128531d9', '06bde3f7-9870-4c34-aa85-e6e7ce8cc830', 1, '2020-10-05 07:14:27', '2020-10-03 07:32:15'),
('9835ddab-241e-4137-a975-de0e85eec791', '2dd01b25-6b50-420e-9808-eb2ea4690e39', '0c89a627-3a3a-4e84-8720-69bf33b2074a', 0, NULL, '2020-10-02 03:38:00'),
('9a2be448-ac2e-408d-9cf0-48ea3ca07728', '86c26fed-22aa-4290-a401-1552d342607e', '152e9d17-3001-4a25-9d16-da20d2df8798', 0, NULL, '2020-10-14 11:16:29'),
('9bc93cf2-06d2-476d-894e-173eb592a04a', 'ab0ff0ce-56bb-452f-82fb-0791d9759598', '7e1b48aa-5262-4ce0-af50-5869d58ab402', 1, '2020-10-05 09:19:57', '2020-09-29 10:41:51'),
('9c01726d-e2bb-49aa-b6d3-e6039ae89c1f', '9d31e397-5542-4c07-8538-2c08cf790716', '10445cd2-1822-4b6b-b398-48cc8fa2674c', 1, '2020-10-29 03:27:07', '2020-10-08 04:25:44'),
('9c4d21b7-c827-491d-b52e-f70ff811f57c', '5dff6fcc-ab0f-492a-9b62-b30ac33ffb0e', '351570cd-892f-4e5d-ae16-ae9e838e063f', 1, '2020-12-16 10:20:05', '2020-12-15 10:50:01'),
('9fda58cf-c8f6-40c7-ac6e-3cdd46fb11b8', '1c1eec5b-6186-4153-8759-0cbfff7ac3a2', 'dceec297-ee65-4444-b41f-1f400ac258fc', 0, NULL, '2020-12-30 04:37:47'),
('9fdf9b59-bbcf-44f7-b2d3-fa62d9fca5ea', 'a2b002ef-eed7-4d44-8557-78e928cca282', '0c89a627-3a3a-4e84-8720-69bf33b2074a', 1, '2020-12-16 03:11:55', '2020-10-20 05:19:20'),
('a04191fa-6543-4fa9-88cf-1d5f96824c8b', 'bdbfd1b4-74a5-44ba-a0d3-0019e98d97c1', '079cefda-d504-445e-814d-0eeb906cd190', 1, '2020-10-20 06:31:59', '2020-10-20 03:08:12'),
('a3e7891e-96ae-4a58-88fa-f140e6c8b0c6', '375209f2-87fd-465f-8098-703e882c6a01', '4ff9068a-3de6-4ec2-a45a-271196faacec', 1, '2020-09-17 11:37:41', '2020-09-17 04:58:08'),
('a50df341-606d-4d97-83bc-12bad6324315', '7092863e-a7a0-4b2e-b23d-9b607494894f', 'bc4f07f2-6e68-453e-a5a1-4ef3bb891e03', 0, NULL, '2020-12-30 06:58:48'),
('a908d7a2-2def-4167-8e75-b7c7666fb091', '43321715-fe6a-458b-9d5e-ce92d253495e', 'dceec297-ee65-4444-b41f-1f400ac258fc', 0, NULL, '2020-12-23 05:55:40'),
('a90efeef-461c-4954-a41f-1090fd56518b', '4dfe4292-66fe-4296-9c59-1771d36a40c9', '6657f003-ca8d-44b4-af7f-96a50ca1c7a3', 1, '2020-12-09 09:41:25', '2020-10-16 10:23:48'),
('a955087b-12b2-4db3-8c1c-302867fcb476', '9d31e397-5542-4c07-8538-2c08cf790716', '262999b5-6c9f-4eb4-8b9a-722ea0e59d5d', 0, NULL, '2020-12-17 13:09:32'),
('a995229f-b314-4357-af00-79381a10f9f0', 'bc3ba1b4-f52e-4b9b-b290-9a5f4ed60ff8', '06bde3f7-9870-4c34-aa85-e6e7ce8cc830', 1, '2020-09-18 06:29:11', '2020-09-17 11:36:45'),
('aa5ee9de-173d-4b7e-a2b8-9cf0c6a748fd', 'b20a8b3e-a447-40a4-9402-2f664b369f6b', '0544c955-3442-40f1-9716-98ff7015a555', 0, NULL, '2021-03-23 08:12:51'),
('aaa0cc6b-8e17-45eb-865f-00a0e04a80c2', '18d1b664-a1b9-4bd7-be27-8dad6414fb04', '4f36c6df-ca06-4dd6-883f-9af86c5f0922', 1, '2020-12-22 11:28:45', '2020-12-16 08:04:31'),
('aef77a97-e4e6-4d27-a919-91f75400fbfa', '01fdca01-c97f-4479-968a-a2a0d1d86f50', '351570cd-892f-4e5d-ae16-ae9e838e063f', 1, '2020-10-05 09:30:18', '2020-10-01 09:30:41'),
('b5a54050-6078-4b98-a332-efec0fabedcd', 'a975749b-b445-475d-bfeb-72642a0390dd', '262999b5-6c9f-4eb4-8b9a-722ea0e59d5d', 0, NULL, '2020-12-17 13:09:32'),
('b77027b2-7bc2-4d70-a8bc-c0ea5ca72a16', '9d31e397-5542-4c07-8538-2c08cf790716', '4e158695-cd01-49b9-92d4-b577a5801e02', 0, NULL, '2020-12-30 06:58:48'),
('b882551a-58e3-4403-959e-89702e72cac6', 'c38e3300-7a37-43c7-af61-f85f70fa9f74', '06bde3f7-9870-4c34-aa85-e6e7ce8cc830', 0, NULL, '2020-09-23 05:04:09'),
('baa04bd9-f9ea-44a1-97d7-3b54ba4bfb31', 'd9a88cbd-b250-4b22-8739-40742e65a0a1', 'bc4f07f2-6e68-453e-a5a1-4ef3bb891e03', 0, NULL, '2020-12-30 06:58:48'),
('bbcc7d37-e917-4cf4-94e3-b3292e7e2240', '62b4d1ac-b34a-4beb-ac06-558c128531d9', '426e791b-717b-4a76-ac07-d2759ac860cb', 0, NULL, '2021-03-23 08:46:12'),
('c0abbc0c-d1a0-4a69-93f0-5e33ded2a793', '2fcbf655-06d2-4f19-97b2-b9168474c034', '06bde3f7-9870-4c34-aa85-e6e7ce8cc830', 1, '2020-09-18 06:37:16', '2020-09-18 06:36:55'),
('c1f1914c-fa86-4e23-8f6e-5bca69f633d3', 'b59e77b8-f239-4100-8e0b-78b10d44d6c0', 'd28bd748-952d-4119-9997-416b81e4d347', 1, '2020-10-02 10:47:13', '2020-10-02 10:12:31'),
('c48335f4-994c-44f0-88d8-63c8c5a4aafe', '2fcbf655-06d2-4f19-97b2-b9168474c034', 'bc4f07f2-6e68-453e-a5a1-4ef3bb891e03', 0, NULL, '2020-12-30 06:58:48'),
('cbab336b-35c5-4cca-b006-ef3f3550099b', 'cb92c299-dee4-4dc1-9f88-1b55420a5682', '351570cd-892f-4e5d-ae16-ae9e838e063f', 1, '2020-10-02 07:03:01', '2020-10-01 08:34:51'),
('cfe26c47-7155-49e7-b220-fcbc04d26b48', '0010f30b-8e79-4d1e-be8d-c59668e21f32', '06bde3f7-9870-4c34-aa85-e6e7ce8cc830', 1, '2020-09-17 09:46:52', '2020-09-17 09:46:31'),
('d1252670-d42e-4068-95b7-3f22f6a195ba', '30c63f71-d4d9-41ba-a830-cc028527f456', '0544c955-3442-40f1-9716-98ff7015a555', 1, '2020-12-18 04:07:11', '2020-10-19 09:42:10'),
('d3db517a-615c-4494-a2b7-a04063217e57', '78d3a88f-ba12-4054-899d-6b7b69ad4e39', '0c89a627-3a3a-4e84-8720-69bf33b2074a', 1, '2020-10-02 05:05:20', '2020-10-01 09:25:31'),
('d3e9c5d8-a198-4067-9346-f9f7aa17ca1e', 'ed93d7b0-1933-4d09-9e5d-c84220247b0d', 'b8dc1f85-9d54-4469-a271-67edc199d350', 0, NULL, '2020-10-20 03:42:58'),
('d4a49b0c-db96-423e-a8fb-aca0fdeb03ba', '43321715-fe6a-458b-9d5e-ce92d253495e', '78dd60a0-650b-4c8b-b822-9e12f5e4b9f5', 0, NULL, '2020-12-23 05:35:08'),
('d712eab4-0561-4640-8cd2-11d0982430cc', '48400bb2-a411-45bc-a515-28091849fe70', '06bde3f7-9870-4c34-aa85-e6e7ce8cc830', 1, '2020-09-18 06:29:17', '2020-09-17 09:52:10'),
('d7e59157-aefc-4c07-86bb-45b4c4a7ad5f', 'df234f61-cd3b-42f9-9869-c1b47483626c', '0c89a627-3a3a-4e84-8720-69bf33b2074a', 1, '2020-10-29 03:10:57', '2020-10-02 03:01:50'),
('d881a4b9-8ba2-409c-be65-59d9e5c774bc', '375209f2-87fd-465f-8098-703e882c6a01', 'bc4f07f2-6e68-453e-a5a1-4ef3bb891e03', 0, NULL, '2020-12-30 06:58:48'),
('daa5b1f8-cdeb-4afc-a447-c2cb66083079', '375209f2-87fd-465f-8098-703e882c6a01', '3ec19587-424c-4a42-94cb-fc954789ef7b', 1, '2020-09-17 10:56:06', '2020-09-17 09:26:28'),
('dbfb181f-a367-4844-b83e-2d1c8c65b2eb', '1c9c8f71-0b1b-4b0c-9912-2e373ad563ef', 'e31be768-218c-48af-9047-503b4e8f4f64', 1, '2020-10-05 09:29:04', '2020-09-17 11:20:09'),
('dd00236b-981e-4c30-80c5-c31fad5c1d52', '369b030f-662d-4699-93a0-1ab1b06fe269', '52b9f576-2e84-4c43-a8aa-25bb63f9a228', 1, '2020-10-02 10:52:33', '2020-10-01 09:31:22'),
('dded70d9-c4e7-432b-8f96-aefa0af8be02', 'bc3ba1b4-f52e-4b9b-b290-9a5f4ed60ff8', 'bc4f07f2-6e68-453e-a5a1-4ef3bb891e03', 0, NULL, '2020-12-30 06:58:48'),
('df91012e-bdec-47da-9396-f8ff832d7b90', '1c3fdff2-cba3-4864-a8cb-ca8136522718', '06bde3f7-9870-4c34-aa85-e6e7ce8cc830', 0, NULL, '2020-10-03 04:06:51'),
('e08f7336-9817-47fa-a580-b3f2e426ba6a', '1c9c8f71-0b1b-4b0c-9912-2e373ad563ef', '00ed25f4-cb8b-4271-b482-c5a2970a2d4b', 0, NULL, '2020-12-30 06:58:48'),
('e127f039-0c62-4927-adc9-11dfea81bb03', '43321715-fe6a-458b-9d5e-ce92d253495e', '4f36c6df-ca06-4dd6-883f-9af86c5f0922', 1, '2020-12-18 04:05:49', '2020-10-31 06:33:01'),
('e3044825-272d-4fa7-ad2a-a117e9f46323', 'b867fa01-61b6-4f3b-9492-ceb0869d7869', '0c89a627-3a3a-4e84-8720-69bf33b2074a', 0, NULL, '2020-10-20 04:12:03'),
('e34b4d27-6758-4bfe-b4ca-274eaad1f9a9', 'f020351b-ac0f-418b-8243-0c0a5c74195f', '06bde3f7-9870-4c34-aa85-e6e7ce8cc830', 1, '2020-09-17 09:45:18', '2020-09-17 09:44:54'),
('e969aefd-814d-4a0a-889a-6107c0afa713', 'cee0572e-c3e2-4127-aff6-44bf0f95de75', '0c89a627-3a3a-4e84-8720-69bf33b2074a', 1, '2020-12-18 04:31:17', '2020-10-22 08:19:33'),
('ebfcc001-1d52-447a-b88a-e5e28e447832', 'bb89f94e-5505-415e-8242-073dad213e0e', '4ff9068a-3de6-4ec2-a45a-271196faacec', 1, '2020-10-02 11:19:39', '2020-10-02 05:03:16'),
('f26a1509-14d4-4256-9947-a6bc167f7e16', '02694fed-b2bb-4c4c-b6b6-e63205a9eb11', 'bc4f07f2-6e68-453e-a5a1-4ef3bb891e03', 0, NULL, '2020-12-30 06:58:48'),
('f2c79678-49c5-4723-b7bb-ce34d8c5e65b', '43321715-fe6a-458b-9d5e-ce92d253495e', 'c0a430be-ff4b-4eec-bfa9-ed15bb73b33f', 0, NULL, '2020-12-30 06:58:48'),
('f5331881-53f2-41a5-9868-d3d66c9f17df', 'b9456f13-d40e-4220-ac85-13baf9fe1dd1', 'd28bd748-952d-4119-9997-416b81e4d347', 1, '2020-10-12 06:50:02', '2020-10-12 04:52:26'),
('f5487cef-5a47-4fee-88c0-8931e3d3c02e', '157297cf-31bc-4467-81c6-6567e2be95ea', '06bde3f7-9870-4c34-aa85-e6e7ce8cc830', 1, '2020-09-17 06:41:29', '2020-09-16 10:05:41'),
('f55974f7-ffb6-47b9-88ed-4ba8e05f735a', 'bb89f94e-5505-415e-8242-073dad213e0e', 'e3d3d4ce-725f-4ffe-8220-516b6e24d36b', 1, '2020-10-02 12:09:05', '2020-10-02 05:02:49'),
('f7e64495-0c8c-4c75-aff0-d38f9f9fcd2e', '157297cf-31bc-4467-81c6-6567e2be95ea', '3ec19587-424c-4a42-94cb-fc954789ef7b', 1, '2020-09-18 04:12:00', '2020-09-18 02:00:33'),
('fc3e7d34-0b5b-47a5-88b1-fe5999cbae14', 'b4836c81-295d-463c-8904-3281925f45a5', '4f36c6df-ca06-4dd6-883f-9af86c5f0922', 0, NULL, '2020-10-06 07:39:00');

-- --------------------------------------------------------

--
-- Cấu trúc bảng cho bảng `rc_report_closing`
--

CREATE TABLE `rc_report_closing` (
  `report_closing_id` varchar(255) COLLATE utf8_unicode_ci NOT NULL,
  `student_id` varchar(255) COLLATE utf8_unicode_ci NOT NULL,
  `class_id` varchar(36) COLLATE utf8_unicode_ci NOT NULL,
  `subject_id` varchar(255) COLLATE utf8_unicode_ci NOT NULL,
  `semester_id` varchar(255) COLLATE utf8_unicode_ci NOT NULL
) ENGINE=InnoDB DEFAULT CHARSET=utf8 COLLATE=utf8_unicode_ci;

--
-- Đang đổ dữ liệu cho bảng `rc_report_closing`
--

INSERT INTO `rc_report_closing` (`report_closing_id`, `student_id`, `class_id`, `subject_id`, `semester_id`) VALUES
('03793a19-03ec-4ba5-8a3e-65723d2def5a', '375209f2-87fd-465f-8098-703e882c6a01', '3ec19587-424c-4a42-94cb-fc954789ef7b', '10052884-0926-4472-8faf-8a62c1552295', '5834ecea-17d5-46ea-8de0-b12812bcfd85'),
('0c046423-8f8a-40e2-842f-55a6d84e9a1c', 'bb89f94e-5505-415e-8242-073dad213e0e', '0c89a627-3a3a-4e84-8720-69bf33b2074a', '37fc1fb5-acd6-4961-b75c-3591e23fe712', '5834ecea-17d5-46ea-8de0-b12812bcfd85'),
('11fa766b-6969-420e-9652-4e89bd2ea99d', '8cec2235-bd8f-4621-86fc-936e4d19fec3', '47120c84-0e62-4661-98f6-ebe04b981005', '0e5f36c2-4209-44d7-9774-f10dba28bd80', '5834ecea-17d5-46ea-8de0-b12812bcfd85'),
('1c48d72c-ff25-48cc-813c-7960b3a55ed2', '44616235-fec1-4658-8a4c-65b2dcad1821', 'd28bd748-952d-4119-9997-416b81e4d347', '58dcd216-02db-4c56-b3ce-32c320690512', '5834ecea-17d5-46ea-8de0-b12812bcfd85'),
('2062149c-2dcc-4d90-8f2d-842092c439b4', '6f69f6dc-33d4-493e-9494-37cb46b810bc', '468d87a9-5d54-4c3f-9dc0-ea127d8a0d46', '019b921b-bbf5-477a-bd1e-cf48dedda367', '5834ecea-17d5-46ea-8de0-b12812bcfd85'),
('28d49493-517c-49ca-9854-76ed2f8cf768', 'cc5ff7bd-3299-4c56-85c6-84702ab453fe', '0e52f85c-7b62-4f67-878a-42f2986284c3', '4cb0490d-81b9-421e-832b-a450d4c2939f', '5834ecea-17d5-46ea-8de0-b12812bcfd85'),
('351f0740-9cfe-45ca-8cda-13ea54de42ff', '80252d43-c853-4482-876a-531d1cea0eb9', '47120c84-0e62-4661-98f6-ebe04b981005', '0e5f36c2-4209-44d7-9774-f10dba28bd80', '5834ecea-17d5-46ea-8de0-b12812bcfd85'),
('389f7da4-e3c6-4677-a50a-48147709d42a', '2dd01b25-6b50-420e-9808-eb2ea4690e39', '0c89a627-3a3a-4e84-8720-69bf33b2074a', '37fc1fb5-acd6-4961-b75c-3591e23fe712', '5834ecea-17d5-46ea-8de0-b12812bcfd85'),
('3f5e6adf-3dda-4b19-a1f2-c12405f44e29', 'b4836c81-295d-463c-8904-3281925f45a5', '3ec19587-424c-4a42-94cb-fc954789ef7b', '10052884-0926-4472-8faf-8a62c1552295', '5834ecea-17d5-46ea-8de0-b12812bcfd85'),
('45ca521e-a1f9-42c4-8087-7f949c4fc12f', '6f3ea7c1-d393-4f31-a589-1cca4eb7969d', 'aefb7591-2685-4846-87d7-745ae2e0dcb2', '80bd612f-071d-4eeb-b506-e2643e485ac6', '5834ecea-17d5-46ea-8de0-b12812bcfd85'),
('52e3bf0e-75c9-4554-81e0-0a55c145fc82', 'b20a8b3e-a447-40a4-9402-2f664b369f6b', '0c89a627-3a3a-4e84-8720-69bf33b2074a', '37fc1fb5-acd6-4961-b75c-3591e23fe712', '5834ecea-17d5-46ea-8de0-b12812bcfd85'),
('5883a2e2-fcb9-4cce-9a71-ec96dc6a3b5d', '85942d99-0bbe-406f-899c-33d3f89766d9', '47120c84-0e62-4661-98f6-ebe04b981005', '0e5f36c2-4209-44d7-9774-f10dba28bd80', '5834ecea-17d5-46ea-8de0-b12812bcfd85'),
('58b78027-cfab-472f-9425-7a4f2a6f83e1', '157297cf-31bc-4467-81c6-6567e2be95ea', '3ec19587-424c-4a42-94cb-fc954789ef7b', '10052884-0926-4472-8faf-8a62c1552295', '5834ecea-17d5-46ea-8de0-b12812bcfd85'),
('5abad7c6-a4e6-4dc9-ba92-2b6d84188310', 'ed93d7b0-1933-4d09-9e5d-c84220247b0d', '47120c84-0e62-4661-98f6-ebe04b981005', '0e5f36c2-4209-44d7-9774-f10dba28bd80', '5834ecea-17d5-46ea-8de0-b12812bcfd85'),
('9a827d0d-8e6b-4640-8947-194be30abd49', '6f3ea7c1-d393-4f31-a589-1cca4eb7969d', 'aefb7591-2685-4846-87d7-745ae2e0dcb2', '5f551f33-b43d-49b7-8e50-31859606e5d9', '5834ecea-17d5-46ea-8de0-b12812bcfd85'),
('a32fba62-e18d-4390-81c5-1fe1e27e7930', '5a17ad9b-b2ba-4714-afb8-58b393af1e5f', '47120c84-0e62-4661-98f6-ebe04b981005', '0e5f36c2-4209-44d7-9774-f10dba28bd80', '5834ecea-17d5-46ea-8de0-b12812bcfd85'),
('b3e4c91a-305c-49b0-847a-83ad6a15f103', '10baf150-cf40-4a1a-b238-d8f79c71f756', '0e52f85c-7b62-4f67-878a-42f2986284c3', '4cb0490d-81b9-421e-832b-a450d4c2939f', '5834ecea-17d5-46ea-8de0-b12812bcfd85'),
('bdb60445-8c17-4362-b6fe-6796cef4be83', '3cea9bd3-8050-43d5-ad6d-9d9cc3846511', '47120c84-0e62-4661-98f6-ebe04b981005', '0e5f36c2-4209-44d7-9774-f10dba28bd80', '5834ecea-17d5-46ea-8de0-b12812bcfd85'),
('c963f476-3293-4bfd-b28f-5ec7210ac3aa', 'b4836c81-295d-463c-8904-3281925f45a5', 'd28bd748-952d-4119-9997-416b81e4d347', '58dcd216-02db-4c56-b3ce-32c320690512', '5834ecea-17d5-46ea-8de0-b12812bcfd85'),
('ca3b28ff-4078-49c0-9661-437adfda4f66', 'b5371d49-645e-4b51-a40c-7e69c7f8b036', 'd28bd748-952d-4119-9997-416b81e4d347', '58dcd216-02db-4c56-b3ce-32c320690512', '5834ecea-17d5-46ea-8de0-b12812bcfd85'),
('d4aa8db9-474b-4d9f-8f46-aecc88250c6f', 'df234f61-cd3b-42f9-9869-c1b47483626c', '0c89a627-3a3a-4e84-8720-69bf33b2074a', '37fc1fb5-acd6-4961-b75c-3591e23fe712', '5834ecea-17d5-46ea-8de0-b12812bcfd85'),
('d7f25e85-8b46-4bf1-9473-0f9042ad987c', '78d3a88f-ba12-4054-899d-6b7b69ad4e39', '0c89a627-3a3a-4e84-8720-69bf33b2074a', '37fc1fb5-acd6-4961-b75c-3591e23fe712', '5834ecea-17d5-46ea-8de0-b12812bcfd85'),
('e7ec9670-ed27-4e4f-a6eb-fadaac099017', 'ddf89f99-baaa-4f15-be53-355bcbf1672b', 'dceec297-ee65-4444-b41f-1f400ac258fc', '640a5a4c-74ea-476e-b3a7-aa36517e00e8', '5834ecea-17d5-46ea-8de0-b12812bcfd85'),
('ee4d1a89-c385-454c-9995-9accef527e66', '66980593-2184-4265-8d3c-1a5099ce4b71', 'aefb7591-2685-4846-87d7-745ae2e0dcb2', '80bd612f-071d-4eeb-b506-e2643e485ac6', '5834ecea-17d5-46ea-8de0-b12812bcfd85'),
('f5ef406b-4b23-4d67-b9c6-f0f4bae567d4', 'f10f0a30-8b01-4175-864e-94eea80c039c', '47120c84-0e62-4661-98f6-ebe04b981005', '0e5f36c2-4209-44d7-9774-f10dba28bd80', '5834ecea-17d5-46ea-8de0-b12812bcfd85'),
('fdade517-9c87-4ec5-ba5b-8a91912f02e5', 'f10f0a30-8b01-4175-864e-94eea80c039c', '0e52f85c-7b62-4f67-878a-42f2986284c3', '4cb0490d-81b9-421e-832b-a450d4c2939f', '5834ecea-17d5-46ea-8de0-b12812bcfd85');

-- --------------------------------------------------------

--
-- Cấu trúc bảng cho bảng `rc_school_years`
--

CREATE TABLE `rc_school_years` (
  `school_year_id` varchar(255) COLLATE utf8_unicode_ci NOT NULL,
  `school_year_name` varchar(100) COLLATE utf8_unicode_ci NOT NULL,
  `school_year_time_start` int(11) DEFAULT NULL,
  `school_year_time_stop` int(11) DEFAULT NULL,
  `school_year_created` datetime NOT NULL DEFAULT current_timestamp()
) ENGINE=InnoDB DEFAULT CHARSET=utf8 COLLATE=utf8_unicode_ci;

--
-- Đang đổ dữ liệu cho bảng `rc_school_years`
--

INSERT INTO `rc_school_years` (`school_year_id`, `school_year_name`, `school_year_time_start`, `school_year_time_stop`, `school_year_created`) VALUES
('1', 'Default', 2020, 2050, '2020-10-01 05:02:35'),
('126097cf-05d6-45ed-9f23-cc82cf971a3a', 'NK23-25', 2023, 2025, '2020-09-18 07:14:00'),
('3c6533b3-ad28-4b4b-8cad-c5cdd20ffc84', 'NK20-25', 2020, 2025, '2020-09-18 07:12:49'),
('588ac138-935c-4bd4-9ae1-efb92a2091dc', 'NK25-26', 2025, 2026, '2020-09-18 07:13:38'),
('69e9d6af-d68c-40f8-b743-2046ba51a899', 'NK21-21', 2021, 2021, '2020-09-18 07:15:05'),
('75032620-cfda-4cac-81b7-ea54b2d5f7b8', 'Vũ Hán', 2020, 2021, '2020-08-15 17:52:42'),
('820a933c-8acd-4796-ae26-19876d0ba6dd', 'Niên khoá 2021 - 2022', 2021, 2022, '2020-09-18 04:30:14'),
('a3e5978a-21c1-4d36-9f36-9be6547307e0', 'NHÀ THIẾU NHI QUẬN 10', 2020, 2020, '2020-09-09 09:19:08'),
('ab89dddc-4fed-450f-b90b-2df9f9505ead', 'NK20-22', 2020, 2022, '2020-09-18 07:14:25'),
('b639db10-df4d-419f-b723-1f67ce202eb4', 'NK20', 2022, 2023, '2020-09-18 03:05:05');

--
-- Bẫy `rc_school_years`
--
DELIMITER $$
CREATE TRIGGER `schoolyear_not_delete` BEFORE DELETE ON `rc_school_years` FOR EACH ROW BEGIN
	IF old.school_year_id = "75032620-cfda-4cac-81b7-ea54b2d5f7b8" THEN
    	signal sqlstate '42000' set message_text = "Khoi defaul";
    END IF;
END
$$
DELIMITER ;

-- --------------------------------------------------------

--
-- Cấu trúc bảng cho bảng `rc_score_types`
--

CREATE TABLE `rc_score_types` (
  `score_type_id` varchar(255) COLLATE utf8_unicode_ci NOT NULL,
  `score_type_name` varchar(100) COLLATE utf8_unicode_ci NOT NULL,
  `multiplier` double NOT NULL
) ENGINE=InnoDB DEFAULT CHARSET=utf8 COLLATE=utf8_unicode_ci;

--
-- Đang đổ dữ liệu cho bảng `rc_score_types`
--

INSERT INTO `rc_score_types` (`score_type_id`, `score_type_name`, `multiplier`) VALUES
('137f67b6-b313-49bd-9af3-78f397b7ddc3', 'Thực hành', 1),
('1f94f345-d795-44fe-818b-00e305d7bb68', 'dasd', 1),
('2a010466-5625-4165-85c8-46f1b49a7a60', '123123123', 1),
('35afdbc2-a03c-497c-b84f-71ee36333623', '123213', 1),
('4611a83c-e5fb-4269-a4a6-c7959937a847', 'Kiểm tra 1 tiết', 2),
('50f3dc24-de64-4f75-9198-01d3b43b0c1b', 'Phát', 1),
('57d31738-26cf-45bd-82f1-8069a58ba285', 'Kiểm tra miệng', 1),
('819b1f54-d85a-4001-8066-8f4ba3e1f606', 'Thực hành', 2),
('81e091a1-0180-4619-881a-29868fb0c020', 'Kiểm tra 15 phút', 1),
('86ae171e-10f3-465a-816f-c86d9c487983', 'Thi cuối kỳ', 3),
('ac80d56d-0f20-4686-8732-3c64e91450d9', '1231231234', 1);

-- --------------------------------------------------------

--
-- Cấu trúc bảng cho bảng `rc_score_type_subjects`
--

CREATE TABLE `rc_score_type_subjects` (
  `score_type_subject_id` varchar(255) COLLATE utf8_unicode_ci NOT NULL,
  `score_type_id` varchar(255) COLLATE utf8_unicode_ci DEFAULT NULL,
  `subject_id` varchar(255) COLLATE utf8_unicode_ci DEFAULT NULL,
  `school_year_id` varchar(255) COLLATE utf8_unicode_ci NOT NULL,
  `score_type_subject_created_at` datetime DEFAULT current_timestamp()
) ENGINE=InnoDB DEFAULT CHARSET=utf8 COLLATE=utf8_unicode_ci;

-- --------------------------------------------------------

--
-- Cấu trúc bảng cho bảng `rc_semesters`
--

CREATE TABLE `rc_semesters` (
  `semester_id` varchar(255) COLLATE utf8_unicode_ci NOT NULL,
  `school_year_id` varchar(255) COLLATE utf8_unicode_ci NOT NULL,
  `semester_name` varchar(100) COLLATE utf8_unicode_ci NOT NULL,
  `semester_timestart` datetime NOT NULL,
  `semester_timeend` datetime NOT NULL,
  `created_at` datetime NOT NULL,
  `updated_at` datetime DEFAULT NULL
) ENGINE=InnoDB DEFAULT CHARSET=utf8 COLLATE=utf8_unicode_ci;

--
-- Đang đổ dữ liệu cho bảng `rc_semesters`
--

INSERT INTO `rc_semesters` (`semester_id`, `school_year_id`, `semester_name`, `semester_timestart`, `semester_timeend`, `created_at`, `updated_at`) VALUES
('5834ecea-17d5-46ea-8de0-b12812bcfd85', '75032620-cfda-4cac-81b7-ea54b2d5f7b8', 'Virus', '2020-01-01 00:00:00', '2021-01-01 00:00:00', '2020-08-20 09:13:15', NULL);

--
-- Bẫy `rc_semesters`
--
DELIMITER $$
CREATE TRIGGER `default_semesters_not_delete` BEFORE DELETE ON `rc_semesters` FOR EACH ROW BEGIN
	IF old.semester_id  = "5834ecea-17d5-46ea-8de0-b12812bcfd85" THEN
    	signal sqlstate '42000' set message_text = "Khoi defaul";
    END IF;
END
$$
DELIMITER ;

-- --------------------------------------------------------

--
-- Cấu trúc bảng cho bảng `rc_slots`
--

CREATE TABLE `rc_slots` (
  `slot_id` varchar(255) COLLATE utf8_unicode_ci NOT NULL,
  `slot_name` text COLLATE utf8_unicode_ci NOT NULL,
  `slot_start_at` time NOT NULL,
  `slot_end_at` time NOT NULL,
  `slot_created_at` datetime NOT NULL
) ENGINE=InnoDB DEFAULT CHARSET=utf8 COLLATE=utf8_unicode_ci ROW_FORMAT=DYNAMIC;

--
-- Đang đổ dữ liệu cho bảng `rc_slots`
--

INSERT INTO `rc_slots` (`slot_id`, `slot_name`, `slot_start_at`, `slot_end_at`, `slot_created_at`) VALUES
('1027ce3b-efca-4249-b18a-3766e27c0029', 'Tiet 3', '09:00:00', '09:45:00', '2020-08-17 16:15:18'),
('44b8b4e6-c9d6-41b9-a2a4-0829850c8a6d', 'Tiết 5', '10:00:00', '10:45:00', '2020-08-19 11:40:01'),
('6cb6d152-4fd0-4253-af85-dea52b8d7e6b', 'yasuo di top', '08:00:00', '09:00:00', '2020-08-20 06:40:26'),
('7b761e52-865c-4822-bc10-e8dea9fcfa00', 'Tiet 1', '07:00:00', '08:45:00', '2020-08-14 14:41:46'),
('8eb6bf7e-6ca0-46dd-8dc7-7812e996aa9d', 'Tiết 1', '05:00:00', '09:00:00', '2020-08-19 08:51:06'),
('c040c31e-3396-4947-9bff-aa3fce5d37d1', 'Tiết 4', '10:00:00', '10:45:00', '2020-08-19 11:03:53'),
('e93ba77e-aaf1-49cb-bdfe-c65a1391a5db', 'Tiet 2', '08:00:00', '08:45:00', '2020-08-14 14:42:26');

-- --------------------------------------------------------

--
-- Cấu trúc bảng cho bảng `rc_slot_school_years`
--

CREATE TABLE `rc_slot_school_years` (
  `slot_id` varchar(255) COLLATE utf8_unicode_ci NOT NULL,
  `school_year_id` varchar(255) COLLATE utf8_unicode_ci NOT NULL,
  `slot_school_year_create_at` datetime NOT NULL DEFAULT current_timestamp()
) ENGINE=InnoDB DEFAULT CHARSET=utf8 COLLATE=utf8_unicode_ci;

-- --------------------------------------------------------

--
-- Cấu trúc bảng cho bảng `rc_students`
--

CREATE TABLE `rc_students` (
  `student_id` varchar(36) COLLATE utf8_unicode_ci NOT NULL,
  `student_code` varchar(100) COLLATE utf8_unicode_ci NOT NULL,
  `student_last_name` varchar(100) COLLATE utf8_unicode_ci NOT NULL,
  `student_first_name` varchar(100) COLLATE utf8_unicode_ci NOT NULL,
  `student_email` varchar(100) COLLATE utf8_unicode_ci DEFAULT NULL,
  `student_birthdate` date NOT NULL,
  `student_gender` tinyint(4) NOT NULL COMMENT '0: Male - 1: Female',
  `student_address` text COLLATE utf8_unicode_ci DEFAULT 'NULL',
  `student_phone_number` varchar(100) COLLATE utf8_unicode_ci DEFAULT NULL,
  `student_avatar` text COLLATE utf8_unicode_ci DEFAULT '\'NULL\'',
  `parent_name` varchar(100) COLLATE utf8_unicode_ci DEFAULT NULL,
  `account_id` varchar(255) COLLATE utf8_unicode_ci NOT NULL,
  `student_status` tinyint(4) NOT NULL,
  `student_created` timestamp NOT NULL DEFAULT current_timestamp(),
  `student_updated` timestamp NOT NULL DEFAULT current_timestamp()
) ENGINE=InnoDB DEFAULT CHARSET=utf8 COLLATE=utf8_unicode_ci;

--
-- Đang đổ dữ liệu cho bảng `rc_students`
--

INSERT INTO `rc_students` (`student_id`, `student_code`, `student_last_name`, `student_first_name`, `student_email`, `student_birthdate`, `student_gender`, `student_address`, `student_phone_number`, `student_avatar`, `parent_name`, `account_id`, `student_status`, `student_created`, `student_updated`) VALUES
('0010f30b-8e79-4d1e-be8d-c59668e21f32', 'PPPPPP', 'Phat', 'Phat', 'ngthanhhuy2297@gmail.com', '2020-09-07', 0, '213', '0979876972', '', 'Phat', '0731148d-1cc8-4049-ae47-7dc54f3f4e1b', 0, '2020-09-17 02:46:31', '2020-09-17 02:46:31'),
('01fdca01-c97f-4479-968a-a2a0d1d86f50', '20201000018', 'Trần', 'Mộng Cách', 'hoananh522@gmail.com', '1996-07-01', 1, 'GD', '0394950741', 'Student/20201001/675266967_8ddfd36f280ed7508e1f3.jpg', 'undefined', 'd7554100-16ed-4713-998e-721deb14a7fc', 0, '2020-10-01 02:25:27', '2020-10-01 02:25:27'),
('02694fed-b2bb-4c4c-b6b6-e63205a9eb11', 'PHATPHAT', 'PHAT', 'PHAT', 'devalta@altame.com', '2020-09-13', 0, 'AAAAA', '0904667777', '', 'PHAT', '9a1652d1-fd3f-47dd-b1c3-2a0e4abc999d', 0, '2020-09-17 23:34:19', '2020-09-17 23:34:19'),
('043dcf90-7e60-4e74-bcfe-9ebb4eddd404', '202010-00051', 'hhhh', 'nguyen', 'nt@gmail.com', '1990-02-14', 0, 'Dalat', '0987654332', 'Student/20201009/1184387573_MyInvitation.jpeg', 'Father', 'a2066252-2e50-4001-a628-eb2d0948d924', 0, '2020-10-09 00:52:33', '2020-10-09 00:52:33'),
('072d752a-3e4d-4c13-9c85-c08b3fdcc99d', 'HV113', 'Wills', 'Mark ', 'luyen@alta.com.vn', '1999-12-23', 1, '123545659887456', '123456789', '', 'Nguyễn Văn A', 'f9872086-af68-4525-861d-dbc73c470f84', 0, '2020-08-21 00:10:51', '2020-08-21 00:10:51'),
('0a56659a-4a88-4d9b-86c9-b378f2a6ad6e', '202103-00001', 'Phan', 'Coông', 'leluyen1502@gmail.com', '1998-10-01', 1, 'w', '0379696398', '', NULL, '59e17975-beb5-45c2-9d48-de3809532d7b', 0, '2021-03-23 07:41:21', '2021-03-23 07:41:21'),
('0b20046d-1d58-4201-9db9-6b55e55624b0', '20201000009', 'Luyên', 'hi', 'leluyen1502@gmail.com', '2000-09-21', 1, '254/13 Âu Cơ (công ty Alta media)', '+841232132323', '', 'Ho ten phu huynh', '08457dd3-daab-4af5-b7b3-73646da0f89c', 0, '2020-10-01 01:06:17', '2020-10-01 01:06:17'),
('0fbd4a4a-3fe5-4b71-8541-63491c148c54', '202010-00027', 'Học sinh', 'A', 'hien.dao@alta.com.vn', '2017-09-12', 1, NULL, '0123123123', '', NULL, 'c1936cca-afbb-43c9-b649-da866caf898a', 0, '2020-10-02 20:09:32', '2020-10-02 20:09:32'),
('0fc4c931-e8af-4c36-a147-ebfbfe61b490', 'AAAAA', 'AAAAA', 'AAAAA', 'devalta@altame.com', '2020-09-07', 0, 'AAAAA', '0904667777', '', 'AAAAA', 'f477e015-de1d-4415-b993-9435d66daa99', 0, '2020-09-17 23:29:57', '2020-09-17 23:29:57'),
('10baf150-cf40-4a1a-b238-d8f79c71f756', 'PA1', 'an', 'phước', 'an.bui@ata.com.vn', '1998-03-30', 0, 'Tp.HCM', '0364247249', '', 'jhghj', 'fee76368-638a-46fa-a18d-414865deaa8f', 0, '2020-08-26 01:03:30', '2020-08-26 01:03:30'),
('157297cf-31bc-4467-81c6-6567e2be95ea', '201909HV001', 'Đăng Khoa', 'Mai Nguyễn', 'ntn.tuyen@hotmail.com', '2008-08-23', 0, 'Thủ Đức', '+84706842139', '', 'Tuyền Nguyễnn', '8c846fb5-71a5-4a5c-b472-53c9f1ce9f3e', 0, '2020-09-02 14:53:36', '2020-09-02 14:53:36'),
('15b8b7de-4a0c-4186-826a-de1cbfe073eb', '202010-00025', 'PHAT', 'PHAT', 'phat.huynh@alta.com.vn', '2011-10-11', 0, 'PHAT', '0904667082', '', 'PHAT', 'a59ffb9c-b7a1-4f49-8cc4-5bbf13adafcf', 0, '2020-10-02 01:14:11', '2020-10-02 01:14:11'),
('177dbd8b-2ed7-4781-9afc-8dba8e27bc14', 'PHCHS011', 'Phan', 'Cong', 'admin@vietjetair.com', '2013-08-04', 0, '86/33 05', '0904667082', '', 'lâlala', '71e73856-66c5-400b-9903-3a773694028d', 0, '2020-08-25 20:36:43', '2020-08-25 20:36:43'),
('18352967-595c-47ef-ae56-8ae0c35dc640', '202010-00041', 'Leee', 'Mark ', 'leluyen1502@gmail.com', '2000-09-21', 1, '254/13 Âu Cơ (công ty Alta media)', '+841232132323', '', 'Ho ten phu huynh', 'df7bd63f-d340-4948-9ac6-0d17f8f92ded', 0, '2020-10-08 03:34:09', '2020-10-08 03:34:09'),
('18d1b664-a1b9-4bd7-be27-8dad6414fb04', '202010-00034', 'Lê', 'Luyên', 'leluyen1502@gmail.com', '2016-09-01', 0, '254/13 Âu Cơ (công ty Alta media)', '0379696398', '', 'aaaa', 'f8f1a8f2-92c8-462b-8a0f-4c4147aeaba9', 0, '2020-10-04 20:47:07', '2020-10-04 20:47:07'),
('19cdd5fd-4588-41df-b8ad-df6f97785839', 'HV2811', 'Tấn Đạt', 'Phương', 'dat@mailinator.com', '1994-11-28', 0, 'undefined', 'undefined', '', 'undefined', 'fd6e2fd9-04b0-4ff0-94b2-9e79b28c5503', 0, '2020-09-17 00:03:51', '2020-09-17 00:03:51'),
('1ad8a431-62d5-48f1-a5e5-b9d0ce225eea', '202010-00040', 'Leee', 'Mark ', 'leluyen1502@gmail.com', '2000-09-21', 1, '254/13 Âu Cơ (công ty Alta media)', '+841232132323', '', 'Ho ten phu huynh', '39b4c07e-c09f-4c5b-b6d5-09cb2bc63a1a', 0, '2020-10-08 03:34:02', '2020-10-08 03:34:02'),
('1c1eec5b-6186-4153-8759-0cbfff7ac3a2', '202010-00061', 'Mai ', 'Nguyễn Minh Khôi', 'tuyenhc08@gmail.com', '2015-11-01', 0, 'null', '0767375800', 'Student/20201030/1904960218_120946688_341561177174615_9057546087629982647_n.png', 'không null', 'dc6ffd24-ede5-43d9-874c-5ddacbca851a', 0, '2020-10-19 01:04:12', '2020-10-19 01:04:12'),
('1c3fdff2-cba3-4864-a8cb-ca8136522718', '202010-00028', 'Phan', 'Chí công', 'luyen@alta.com.vn', '1999-12-23', 1, '123 ABC', NULL, '', 'ALALA', 'd63eb2b0-8f0f-435d-93bb-b164fbff9958', 0, '2020-10-02 21:06:47', '2020-10-02 21:06:47'),
('1c9c8f71-0b1b-4b0c-9912-2e373ad563ef', 'Phat1234213', 'Phat', 'Huy', 'ngthanhhuy2297@gmail.com', '1997-05-14', 0, 'ádfwasd', '0979876972', '', 'Phat', 'f00acc82-c283-4dbe-a314-b72473e68334', 0, '2020-09-17 04:20:09', '2020-09-17 04:20:09'),
('1f8f992a-cb99-4928-b6d2-0eaf9a6f0dee', '20201000011', 'Tên đệm và tên', 'Họ', 'leluyen1502@gmail.com', '2000-09-21', 1, '254/13 Âu Cơ (công ty Alta media)', '+841232132323', '', 'Ho ten phu huynh', '4567572f-e050-410e-96b0-c9f1238f5c76', 0, '2020-10-01 01:09:46', '2020-10-01 01:09:46'),
('29536fa9-f9b9-41da-9ace-158629efc1c0', 'TEST2809', 'Leee', 'Mark ', 'leluyen1502@gmail.com', '0001-01-01', 1, '254/13 Âu Cơ (công ty Alta media)', '+841232132323', '', 'Ho ten phu huynh', 'afb1906d-7db9-4049-b560-ad766e4cf14b', 0, '2020-09-28 02:18:20', '2020-09-28 02:18:20'),
('2aa26322-1e59-4ca6-9c3b-afec3ba95a49', '202010-00046', 'Leee', 'Mark ', 'leluyen1502@gmail.com', '2000-09-21', 1, '254/13 Âu Cơ (công ty Alta media)', '+841232132323', '', 'Ho ten phu huynh', 'c7a14517-eb14-4c8f-b1e7-e9aec175672e', 0, '2020-10-08 04:15:02', '2020-10-08 04:15:02'),
('2bab18e3-4267-47d4-af33-a9359c3d6972', 'TEST21092', 'Lê', 'Luyên', 'leluyen1502@gmail.com', '2000-09-21', 1, '254/13 Âu Cơ (công ty Alta media)', '0379696398', '', 'Ho ten phu huynh', 'e8f63bcb-4e40-4548-b874-8641c35f484d', 0, '2020-09-20 20:32:41', '2020-09-20 20:32:41'),
('2dd01b25-6b50-420e-9808-eb2ea4690e39', '202010-00023', 'Luyen', 'Họ', 'leluyen1502@gmail.com', '2010-10-02', 0, '123 ABCDEF', '0379696398', 'Student/20201002/1467112983_CR_ThuHocPhi2.png', NULL, '39e1484b-b830-4598-b84d-d501f9b4c630', 0, '2020-10-01 20:38:00', '2020-10-01 20:38:00'),
('2e75e7b5-9033-4064-8602-98eda9302e5f', '20201000013', 'Leee', 'Mark ', 'leluyen1502@gmail.com', '2000-09-21', 1, '254/13 Âu Cơ (công ty Alta media)', '+841232132323', '', 'Ho ten phu huynh', 'c210f0c1-26eb-49e2-b76c-bd705942272c', 0, '2020-10-01 01:25:50', '2020-10-01 01:25:50'),
('2f3b917a-20d7-4081-b181-8be6774ec302', '31151020081', 'Van Nguyen', 'Nguyen', 'uyen.vi@alta.com.vn', '2000-01-01', 0, '86/33 Au Co', '02822436888', '', 'Nguyen Thi Nguyen', '906fb313-2372-4a5b-a044-402c1de2c16e', 0, '2020-09-17 20:16:26', '2020-09-17 20:16:26'),
('2fcbf655-06d2-4f19-97b2-b9168474c034', 'PPPPPP123', 'PPPPPP', 'PPPPPP', 'devalta@altame.com', '2020-09-08', 0, 'PPP', '0904667777', '', 'PPP', '91b091db-ca47-4030-9a72-1932bf10f53f', 0, '2020-09-17 23:36:55', '2020-09-17 23:36:55'),
('30c63f71-d4d9-41ba-a830-cc028527f456', '202010-00062', 'Nguyễn', 'Hoàng Khôi Nguyên', 'tuyenhc08@gmail.com', '2011-11-01', 0, 'THủ Đức', '0904667082', '', 'Tuyền', '34c649d5-b928-4798-9e60-8036cdc56c14', 0, '2020-10-19 01:16:24', '2020-10-19 01:16:24'),
('30cea382-658a-4abf-b22b-49c05c9e1c61', '202010-00050', 'Luyên', 'Lê', 'leluyen1502@gmail.com', '2016-10-12', 0, NULL, '0379696398', '', NULL, 'dbdf19be-81f3-4630-8e9a-b897d82a194b', 0, '2020-10-08 22:18:50', '2020-10-08 22:18:50'),
('332c60d3-b9a6-4aa5-a9a1-e5131a841ce0', 'TEST2109', 'Shee', 'Mark ', 'leluyen1502@gmail.com', '2000-09-21', 1, '254/13 Âu Cơ (công ty Alta media)', '01232132323', '', 'Ho ten phu huynh', 'b0391c32-ddaf-426c-8e0a-1d385839fdf7', 0, '2020-09-20 20:25:53', '2020-09-20 20:25:53'),
('369b030f-662d-4699-93a0-1ab1b06fe269', '20201000023', 'Wills', 'Mark ', 'luyen@alta.com.vn', '1999-12-23', 1, '123 ABC', NULL, '', 'ALALA', 'c9b80ec4-2c0d-4db3-8b17-87ba9131e49f', 0, '2020-10-01 02:31:22', '2020-10-01 02:31:22'),
('375209f2-87fd-465f-8098-703e882c6a01', 'HV1108', 'Huyen My', 'Tran', 'my.tranthihuyen@alta.com.vn', '1999-08-11', 1, 'HCMC', '0964577491', 'Student/20200916/1797142763_airplanetakeoff.png', NULL, '7ce98ce1-22e8-4f94-ad07-3d5bb61e1a22', 0, '2020-09-16 03:20:57', '2020-09-16 03:20:57'),
('37f51004-b855-40c2-8df5-0872ed388e43', '20201000006', 'Luyên', 'lê', 'leluyen1502@gmail.com', '2000-09-21', 1, '254/13 Âu Cơ (công ty Alta media)', '+841232132323', '', 'Ho ten phu huynh', '1ed038a4-3856-4847-a131-c60d94862f32', 0, '2020-10-01 00:24:19', '2020-10-01 00:24:19'),
('3cea9bd3-8050-43d5-ad6d-9d9cc3846511', 'TQT', 'Quang Tín', 'Trần', 'tin.tran@alta.com.vn', '1995-12-01', 0, '86/33 Âu Cơ, P9, Tân Bình, TPHCM', '0349687204', 'Student/20200824/1695759480_0.jpg', NULL, '0a05da5e-d3aa-4473-917f-c92be07a502e', 0, '2020-08-24 01:25:45', '2020-08-24 01:25:45'),
('43321715-fe6a-458b-9d5e-ce92d253495e', '202010-00067', 'Lê', 'Thị Luyên', 'luyen.le@alta.com.vn', '1998-02-15', 1, 'null', '0376969397', 'Student/20201031/353926238_123048517_398470991186770_3247632285613836908_n.jpg', 'null', '43321715-fe6a-458b-9d5e-ce92d253495e', 0, '2020-10-30 23:33:01', '2020-10-30 23:33:01'),
('44616235-fec1-4658-8a4c-65b2dcad1821', '20200900032', 'Lê Thị', 'Luyên ', 'luyen@alta.com.vn', '1999-12-23', 1, '123 ABC', NULL, '', 'ALALA', '41208dac-aa22-41ed-85f2-44739459f61a', 0, '2020-09-30 04:54:49', '2020-09-30 04:54:49'),
('45e757f5-1ce6-4c92-bdb9-726c494040b8', '202010-00056', 'Học sinh', 'TestB', 'hien.dao@alta.com.vn', '2016-10-12', 1, 'HCMC', '0123123123', '', 'PH', '3a52b381-e3cb-463f-a04f-41fb2215847c', 0, '2020-10-12 02:35:14', '2020-10-12 02:35:14'),
('48400bb2-a411-45bc-a515-28091849fe70', 'asdasd', 'Phat', 'Phat', 'ngthanhhuy2297@gmail.com', '2020-09-07', 1, '23', '0979876972', '', '123', '496276d6-f8f5-4f81-8a1c-fe8d4bfcec2e', 0, '2020-09-17 02:52:10', '2020-09-17 02:52:10'),
('4be99927-c8eb-4607-b5bd-8d6e4239ed9c', '202010-00035', 'Hà', 'Laaaaaa', 'leluyen1502@gmail.com', '2011-10-04', 1, '254/13 Âu Cơ (công ty Alta media)', '0379696398', '', NULL, 'e13d5f81-8e82-42e6-9236-7e22efa95adf', 0, '2020-10-04 20:48:08', '2020-10-04 20:48:08'),
('4c143194-cfa5-4950-83bb-fc8fa2e3e207', '202010-00037', 'Luyen', 'Họ Lê', 'anh.nguyen@gmail.com', '2000-10-05', 1, '254/13 Âu Cơ (công ty Alta media)', '0379696398', '', 'Ho ten phu huynh', 'bf54b8fd-8a7c-4a93-acb2-a38aa7f07128', 0, '2020-10-05 02:57:29', '2020-10-05 02:57:29'),
('4dfe4292-66fe-4296-9c59-1771d36a40c9', '202010-00055', 'Ashton', 'Irwin', 'ashton@mailinator.com', '1994-03-26', 0, 'HCMC', '0111111111', '', 'Peter Irwin', 'f5527519-1bda-485c-83d3-0fe65c968212', 0, '2020-10-11 21:53:53', '2020-10-11 21:53:53'),
('4f3360fa-2271-402c-ae9c-8b311eddc3eb', '20201000007', 'Luyên', 'hi', 'leluyen1502@gmail.com', '2000-09-21', 1, '254/13 Âu Cơ (công ty Alta media)', '+841232132323', '', 'Ho ten phu huynh', '51d3c309-94a7-4b8c-b392-f68a16892032', 0, '2020-10-01 00:25:29', '2020-10-01 00:25:29'),
('4fb91241-85dc-417e-a871-b27c861df488', '20201000008', 'Tên đệm và tên', 'Họ', 'leluyen1502@gmail.com', '2010-10-01', 0, NULL, '0379696398', '', NULL, 'a16fe72d-e6df-4fa7-8a53-43325fde0034', 0, '2020-10-01 00:29:19', '2020-10-01 00:29:19'),
('504d4c26-a4f4-4835-ae8d-78e54cdb0955', '123123', 'huy', 'Nguyen', 'HV05@gmail.com', '1991-05-16', 0, 'Dalat', '12312312323', 'Student/20200916/1481705424_6564.jpg', 'asdfwwss', 'e85aa410-06b4-41a4-b8a8-026fc2e8d37b', 0, '2020-09-16 02:27:57', '2020-09-16 02:27:57'),
('58b7dd4d-f0f2-401a-9879-ac8caeb8cb46', '202012-00003', 'an', 'nguyen', 'alta@alta.com.vn', '1995-05-03', 0, '86/33, au co, tan binh, ho chi minh', '0377944522', 'Student/20201230/1097820747_42646a70737d8223db6c.jpg', 'nguyen van a', '1f959b62-ef15-4b00-a07b-a59ca4db2b22', 0, '2020-12-30 04:48:38', '2020-12-30 04:48:38'),
('5a17ad9b-b2ba-4714-afb8-58b393af1e5f', 'HV116', 'Wills', 'Mark ', 'luyen@alta.com.vn', '1999-12-23', 1, '123545659887456', '123456789', '', 'Nguyễn Văn A', '5ae28cc7-3830-4f8f-9716-5ab75ccc356a', 0, '2020-08-21 00:11:01', '2020-08-21 00:11:01'),
('5dff6fcc-ab0f-492a-9b62-b30ac33ffb0e', '202012-00001', 'Nguyễn', 'Lê Gia Hân', 'luyen.le@alta.com.vn', '2016-06-17', 1, '254/13 Âu Cơ (công ty Alta media)', '0379696398', 'Student/20201217/1545156308_1071387961_3edfc4d8e4c81a9643d92.jpg', 'null', 'c50d257b-de06-4768-a7e2-fef8013c4a68', 0, '2020-12-15 03:50:01', '2020-12-15 03:50:01'),
('62b4d1ac-b34a-4beb-ac06-558c128531d9', '202010-00031', 'Chí Công', 'Phan ', 'phanchicong01@gmail.com', '2016-10-03', 0, '86/33 05', NULL, '', NULL, 'b7783270-41bc-4966-870a-ff1e18a15e63', 0, '2020-10-03 00:32:15', '2020-10-03 00:32:15'),
('674569f1-83ff-4762-a0bb-605b4e08d6ea', '202010-00060', 'Mai', 'Nguyễn Gia Khang', 'tuyenhc08@gmail.com', '2013-01-01', 0, 'Thủ Đức', '0767375800', 'Student/20201019/6258139_2.jpg', 'Tuyền', 'ec9c6e58-98ae-4696-a783-bd94b1206159', 0, '2020-10-19 00:02:21', '2020-10-19 00:02:21'),
('6e1c9a74-ee79-4142-ad02-b9b66d8c0a56', '20201000003', 'xxx', 'zzz', 'a@gmail.com', '2016-10-04', 0, 'undefined', '0123456789', '', 'undefined', '01c39718-f10b-42d5-9f46-55ec8d56e862', 0, '2020-10-01 00:12:16', '2020-10-01 00:12:16'),
('6e236d92-b244-4e6e-b48c-6ac12664f24a', '20201000004', 'abc', 'zzz', 'a@gmail.com', '2015-10-07', 0, 'undefined', '0123456789', '', 'undefined', 'f14bda82-b18a-4a45-871b-06d7a2b71ac9', 0, '2020-10-01 00:17:43', '2020-10-01 00:17:43'),
('6f3ea7c1-d393-4f31-a589-1cca4eb7969d', 'TQT2', 'Quang Tín', 'Trần ', 'tranquangtindct1131@gmail.com', '2005-06-20', 0, 'https://register-class.dev-altamedia.com/', '0349687204', 'Student/20200824/87873091_1.jpg', NULL, '927fa3f6-d188-496c-975f-b166409261cc', 0, '2020-08-24 01:27:02', '2020-08-24 01:27:02'),
('6f69f6dc-33d4-493e-9494-37cb46b810bc', '202010-00029', 'Lê', 'Le', 'leluyen1502@gmail.com', '2016-09-02', 0, 'Tp.HCM', '0379696398', '', 'Ho ten phu huynh', '8356355b-c00c-459a-ada2-f18b09a7ad28', 0, '2020-10-02 21:17:50', '2020-10-02 21:17:50'),
('6f962a89-458c-4cec-bf51-4b6b85a2d759', '20201000000', 'Tên đệm và tên', 'Họ', 'leluyen1502@gmail.com', '2010-10-01', 0, NULL, NULL, '', NULL, '6d4c9699-6f81-41c7-a3c0-50b6b49abf97', 0, '2020-09-30 23:41:24', '2020-09-30 23:41:24'),
('6fc070fb-fdde-4170-a6ad-6ac037dc2400', '202010-00048', 'Luyên', 'Lê', 'leluyen1502@gmail.com', '2010-10-08', 1, '1212121', '0379696398', '', 'aaaa', '5d8be887-a08c-47db-bcf8-9032102a3b95', 0, '2020-10-08 04:55:44', '2020-10-08 04:55:44'),
('7092863e-a7a0-4b2e-b23d-9b607494894f', 'HV', 'Thị Luyên', 'Luyên', 'leluyen1502@gmail.com', '2000-08-31', 0, 'undefined', '0123696398', '', 'undefined', '890e9b20-041a-44ec-9929-c72f0bfec484', 0, '2020-09-21 03:01:54', '2020-09-21 03:01:54'),
('7659c11f-5022-420f-ae3b-48457d5150e6', '123456', 'Khôi Nguyên', 'Nguyễn', 'phong.nguyen@alta.com.vn', '2020-04-07', 0, '88/33 Âu Cơ, Tân Bình', '0902468815', 'Student/20200826/804970369_6.jpg', 'Nguyễn Trần Tiến Phong', '32c07c48-b023-457a-9f3f-0cd6aed220b9', 0, '2020-08-26 05:03:09', '2020-08-26 05:03:09'),
('7852d358-ef1e-4146-931d-ba0093996522', 'HV112', 'Wills', 'Mark ', 'luyen@alta.com.vn', '1999-12-23', 1, '123545659887456', '123456789', '', 'Nguyễn Văn A', '565174ac-4908-4b17-8149-cb6bc5f47608', 0, '2020-08-21 00:10:46', '2020-08-21 00:10:46'),
('78d3a88f-ba12-4054-899d-6b7b69ad4e39', '20201000019', 'Tên đệm và tên', 'Họ', 'leluyen1502@gmail.com', '2010-09-30', 0, NULL, '0379696398', '', 'Ho ten phu huynh', '30d6b54a-5c47-45d2-93d2-8c02939937f4', 0, '2020-10-01 02:25:31', '2020-10-01 02:25:31'),
('80252d43-c853-4482-876a-531d1cea0eb9', 'HV117', 'Wills', 'Mark ', 'luyen@alta.com.vn', '1999-12-23', 1, '123545659887456', '123456789', '', 'Nguyễn Văn A', '3a78bfd9-eee5-400e-bd59-ac96faef1823', 0, '2020-08-21 00:11:05', '2020-08-21 00:11:05'),
('807bc8b1-63a0-416a-b4ec-8b1fdb05e023', '202010-00033', 'Văn Tới', 'Huỳnh', 'toi.huynh@alta.com.vn', '1995-11-20', 0, NULL, '0969143905', '', NULL, '57fc5198-3413-492e-b93e-070787dad7de', 0, '2020-10-03 03:47:07', '2020-10-03 03:47:07'),
('813ba0d2-6371-4ad9-aac6-19e8440a9801', '202103-00002', 'Phan', 'Coông', 'leluyen15021@gmail.com', '1998-10-01', 1, 'w', '0379696398', '', NULL, '0d1cb7e1-a5be-4b8b-8d7c-fbe90db3db1b', 0, '2021-03-23 07:41:33', '2021-03-23 07:41:33'),
('81b39f3d-4c31-4095-9fdd-0e035533f32e', '20201000005', 'mko', 'Luyên', 'leluyen1502@gmail.com', '2010-10-01', 0, 'undefined', '0379696398', '', 'undefined', '82be5c71-fbbd-4cef-b963-4f55f238ae9b', 0, '2020-10-01 00:20:19', '2020-10-01 00:20:19'),
('85942d99-0bbe-406f-899c-33d3f89766d9', 'HV115', 'Wills', 'Mark ', 'luyen@alta.com.vn', '1999-12-23', 1, '123545659887456', '123456789', '', 'Nguyễn Văn A', '2590b1e6-25bf-4f6e-9a41-344b547d34a2', 0, '2020-08-21 00:10:57', '2020-08-21 00:10:57'),
('86c26fed-22aa-4290-a401-1552d342607e', '202010-00058', 'Mai ', 'Nguyễn Minh Khôi', 'tuyen.nguyen@alta.com.vn', '2011-01-01', 0, NULL, NULL, '', 'Tuyền', '6ba449c0-efd5-4d3a-82f8-bf9255d0d280', 0, '2020-10-14 04:16:29', '2020-10-14 04:16:29'),
('86fa2ce3-e95c-4fc4-bd53-e7d9782f04b8', '202010-00049', 'Họ Lê', 'Thị Luyên', 'leluyen1502@gmail.com', '1999-02-15', 1, 'Tp.HCM', '0379696398', '', 'Ho ten phu huynh', '7453bb69-00cd-448e-a1f9-5d74a8fd2a86', 0, '2020-10-08 20:14:34', '2020-10-08 20:14:34'),
('8b67d357-9aac-44bb-b935-e0530b2361bb', '202010-00042', 'Luyên', 'Lê', 'leluyen1502@gmail.com', '2011-10-02', 1, '1212121', '0379696398', '', 'Ho ten phu huynh', 'c5daf0b9-b664-4117-8a6a-657bb79fe4cc', 0, '2020-10-08 03:38:57', '2020-10-08 03:38:57'),
('8cec2235-bd8f-4621-86fc-936e4d19fec3', 'HV118', 'Wills', 'Mark ', 'luyen@alta.com.vn', '1999-12-23', 1, '123545659887456', '123456789', '', 'Nguyễn Văn A', '4f906ade-01c8-4034-b621-b15738461180', 0, '2020-08-21 00:11:17', '2020-08-21 00:11:17'),
('9213104b-a673-406e-b438-b9e8525355db', '202010-00059', 'Huyen My', 'My', 'my.tranthihuyen@alta.com.vn', '1999-08-11', 1, NULL, '0964577491', '', NULL, 'ad992f74-9cf8-4b3e-9c7a-07a39e24e8b9', 0, '2020-10-16 02:29:23', '2020-10-16 02:29:23'),
('987d583d-234d-48f0-b92d-a7cd761c0cf7', 'HV1212', 'Tên ', 'Họ', 'hung.tran@alta.com.vn', '2020-08-23', 0, '1212121', '037 534 5345', '', '425435435', '1d7c99eb-329f-4886-a44f-8618efa61460', 0, '2020-08-23 22:11:48', '2020-08-23 22:11:48'),
('9ac45cad-3e35-4b8e-a0a2-7832452e03b8', '202010-00047', 'Luyên', 'Lê', 'leluyen1502@gmail.com', '2011-10-02', 1, '1212121', '0379696398', '', 'Ho ten phu huynh', '21dfd738-8427-4dbc-b2c1-802d8184ac95', 0, '2020-10-08 04:32:24', '2020-10-08 04:32:24'),
('9d31e397-5542-4c07-8538-2c08cf790716', '202010-00039', 'B', 'Học sinh', 'hien.dao@alta.com.vn', '2016-10-11', 1, NULL, NULL, '', NULL, 'b4b76ad5-d4bd-4ea7-93d0-89367db25132', 0, '2020-10-05 21:25:46', '2020-10-05 21:25:46'),
('9daab1b1-b26b-4969-be2f-96e906d170f0', 'PHCHS0122', 'Chí Công', 'Phan ', 'cong.phanchi@alta.com.vn', '2020-08-18', 0, '123545659887456', '123456789', 'Student/20200826/589957868_bGF5dGFpbmdoZQ.jpg', 'Nguyễn Văn A', 'ad5e9f9d-e982-423a-bc94-21022525aa48', 0, '2020-08-26 02:13:54', '2020-08-26 02:13:54'),
('a144ecc1-09bb-47f2-84cc-eec6c9bd1078', '202010-00044', 'Luyên', 'studentFirstName', 'leluyen1502@gmail.com', '2011-10-02', 1, '1212121', '0379696398', '', 'Ho ten phu huynh', '655c18b1-09b4-4968-ac98-f018b7bd04ec', 0, '2020-10-08 03:55:11', '2020-10-08 03:55:11'),
('a2b002ef-eed7-4d44-8557-78e928cca282', '202010-00065', 'Nugyen', 'HUNG', '123@gmail.com', '2015-10-14', 0, 'null', '0900529839', '', 'ABC', '9c3e1c4a-7dd8-40ad-8934-ddf59fe82a77', 0, '2020-10-19 22:19:20', '2020-10-19 22:19:20'),
('a975749b-b445-475d-bfeb-72642a0390dd', '20201000017', 'anh', 'Nguyen', 'anh.nguyenngocxuan@alta.com.vn', '1992-08-03', 1, NULL, '0377944744', 'Student/20201001/473319879_4cc868485b4544e286c265e44dd87472.png', 'nguyen van a', '83b5c413-dad9-4474-8b30-d0b680d6057a', 0, '2020-10-01 01:39:45', '2020-10-01 01:39:45'),
('ab0ff0ce-56bb-452f-82fb-0791d9759598', 'hs116', 'xxxx', 'aaaaa', 'aaaa@gmail.com', '2015-09-15', 0, 'HCM', '0123456789', 'Student/20201023/2106083742_download.jpg', 'aaaa', '6895b0d7-e390-48c5-a697-b55e657fde8d', 0, '2020-09-29 03:41:14', '2020-09-29 03:41:14'),
('b20a8b3e-a447-40a4-9402-2f664b369f6b', '202010-00032', 'Chí Công', 'Phan ', 'phanchicong01@gmail.com', '2016-10-03', 0, NULL, NULL, '', NULL, '539d9521-a901-4ea7-ab2a-2efcb15eb759', 0, '2020-10-03 00:39:41', '2020-10-03 00:39:41'),
('b4836c81-295d-463c-8904-3281925f45a5', 'HS0001', 'Huyen My', 'Tran', 'my.tranthihuyen@alta.com.vn', '1999-08-11', 1, 'undefined', '0964577491', '', 'undefined', 'af85528c-031b-44d7-ba74-f02350e9f4fc', 0, '2020-09-21 01:18:28', '2020-09-21 01:18:28'),
('b5371d49-645e-4b51-a40c-7e69c7f8b036', '202009-00033', 'Lê Thị', 'Luyên ', 'luyen@alta.com.vn', '1999-12-23', 1, '123 ABC', NULL, '', 'ALALA', '9d52e8ad-fb93-40fd-a888-461af5d258e4', 0, '2020-09-30 04:56:41', '2020-09-30 04:56:41'),
('b59e77b8-f239-4100-8e0b-78b10d44d6c0', '202010-00026', 'Huyen My', 'Tran', 'my.tranthihuyen@alta.com.vn', '1999-08-11', 1, 'HCMC', '0964577491', '', 'Nghệ Danh', 'c32975ba-125c-45fb-a647-cb1b5c2ba8ff', 0, '2020-10-02 03:12:31', '2020-10-02 03:12:31'),
('b6274654-2767-4e81-833e-e5aeed198254', 'TEST21093', 'Lê', 'Mark ', 'leluyen1502@gmail.com', '2000-09-21', 1, '254/13 Âu Cơ (công ty Alta media)', '+84379696398', '', 'Ho ten phu huynh', 'a4d1edb4-50c7-4639-a266-14076523463a', 0, '2020-09-21 00:59:14', '2020-09-21 00:59:14'),
('b867fa01-61b6-4f3b-9492-ceb0869d7869', '202010-00064', 'Nguyễn ', 'Đình Phúc', 'phuc.nguyendinh@alta.com.vn', '2000-05-09', 0, NULL, '0905222312', 'Student/20201020/2055014465_sms.png', 'ABC', '73b8bec5-b7aa-4930-b748-366c68a4f3c9', 0, '2020-10-19 21:12:03', '2020-10-19 21:12:03'),
('b9456f13-d40e-4220-ac85-13baf9fe1dd1', '202010-00054', 'Micheal', 'Clifford', 'michaelclifford@mailinator.com', '1994-01-10', 0, 'HCMC', '0777777777', '', 'Peter Clifford', '64f540d3-7bc8-4755-8b86-563285f4796f', 0, '2020-10-11 21:52:06', '2020-10-11 21:52:06'),
('b9b1795c-6490-445e-9ded-3ae7aea38e9c', 'HVH1', 'Huy', 'Nguyen', 'nt@gmail.com', '1996-05-16', 0, 'Dalat', '0979876972', 'Student/20200921/1813544010_frame.png', 'acs', '891bc19c-225a-4464-b802-662e7c87c32e', 0, '2020-09-21 01:57:24', '2020-09-21 01:57:24'),
('b9b2140f-7638-4489-868c-7f0b8816acb4', 'HV114', 'Wills', 'Mark ', 'luyen@alta.com.vn', '1999-12-23', 1, '123545659887456', '123456789', '', 'Nguyễn Văn A', 'a6df08dc-ca7f-43b0-a159-d8b0cebaab37', 0, '2020-08-21 00:10:54', '2020-08-21 00:10:54'),
('babc375e-7eb7-4df3-85cd-0387ea8c839f', '20201000012', 'Họ', 'Và Tên', 'leluyen1502@gmail.com', '2000-09-21', 1, '254/13 Âu Cơ (công ty Alta media)', '+841232132323', '', 'Ho ten phu huynh', '9e86052f-9ffc-4ef6-a25e-c7b4b884ea8a', 0, '2020-10-01 01:13:37', '2020-10-01 01:13:37'),
('bb53e51b-1ea4-4bbe-9228-dcede17151d0', '202010-00036', 'Tên đệm và tên', 'Họ', 'leluyen1502@gmail.com', '2016-10-06', 0, '1212121', NULL, '', 'aaaa', 'c6e20fb5-6a54-4eeb-9bb4-69abf9418dcc', 0, '2020-10-05 00:13:24', '2020-10-05 00:13:24'),
('bb89f94e-5505-415e-8242-073dad213e0e', '202010-00024', 'Tên Luyên', 'Họ Lê', 'leluyen1502@gmail.com', '2010-09-30', 1, '1212121', '0379696398', 'Student/20201002/1906582176_CR_TinhLuong_1.png', 'Ho ten phu huynh', 'd0719a80-7a45-4ed1-9d4f-433c375f235f', 0, '2020-10-01 20:45:29', '2020-10-01 20:45:29'),
('bc3ba1b4-f52e-4b9b-b290-9a5f4ed60ff8', 'phuc', 'phuc', 'phuc', 'phuc@gmail.com', '2020-08-31', 0, 'hello', '123123123', '', 'phuc', '5617956e-3643-4559-91a3-46793211d7b3', 0, '2020-09-17 04:36:45', '2020-09-17 04:36:45'),
('bd2657e2-43dd-4385-9e77-5c4db7920f96', '202012-00002', 'Minh Khôi', 'Mai', 'tuyenhc08@gmail.com', '2011-11-01', 0, NULL, '0767375800', '', 'Mai Văn Phi', 'b6fe65c8-6c15-434f-8051-25465834ea4d', 0, '2020-12-30 04:34:37', '2020-12-30 04:34:37'),
('bdbfd1b4-74a5-44ba-a0d3-0019e98d97c1', '202010-00063', 'Phat', 'Day', 'devalta@altame.com', '1995-10-12', 0, 'TPHCM', '0904667081', 'Student/20201020/1199373759_Layer4.jpg', 'TPHCM', '962670de-68e6-461c-8063-0a687eb6cad9', 0, '2020-10-19 20:08:12', '2020-10-19 20:08:12'),
('c38e3300-7a37-43c7-af61-f85f70fa9f74', 'LUYEN', 'lư', 'le', 'leluyen1502@gmail.com', '2000-09-02', 1, '1212121', '0379696398', '', 'aaaa', '594e04f4-16de-4ced-9483-c6ee0a226902', 0, '2020-09-22 22:04:09', '2020-09-22 22:04:09'),
('cb92c299-dee4-4dc1-9f88-1b55420a5682', '20201000015', 'Luyên', 'Lê', 'leluyen1502@gmail.com', '2010-10-01', 0, '254/13 Âu Cơ (công ty Alta media)', '0379696398', '', 'Ho ten phu huynh', '3118eca6-7b6b-421f-99d6-2b6586a42115', 0, '2020-10-01 01:34:51', '2020-10-01 01:34:51'),
('cc5ff7bd-3299-4c56-85c6-84702ab453fe', 'HHA0101', 'Lan', 'Hà', 'hoananh522@gmail.com', '1996-07-01', 1, NULL, '0394950741', 'Student/20200827/1459652454_41ee80807be184bfddf04.jpg', NULL, '3e1c5d55-d72d-4508-a02c-f4826434c5e4', 0, '2020-08-27 02:53:30', '2020-08-27 02:53:30'),
('cd19619f-eeff-4ff0-9d1e-45d966fce8ad', '2020HV001', 'Hoàng Khôi Nguyên', 'Nguyen', 'ntn.tuyen@hotmail.com', '2011-01-01', 0, 'undefined', '+84706842139', '', 'undefined', '4755a697-7a81-487f-964c-749817bf4d3e', 0, '2020-09-09 06:23:55', '2020-09-09 06:23:55'),
('cda6718e-f57f-49f3-86dc-ad5f7a0c7ec5', '202012-00004', 'zan', 'tran ', 'alta@alta.com.vn', '2000-05-10', 0, '86/33, au co, tan binh, ho chi minh', '0377155223', 'Student/20201230/1428054073_15_dieu_it_nguoi_biet_ve_doi_mat_.jpg', 'tran b', '4a5ffc19-eabc-427a-b352-06d4db378f43', 0, '2020-12-30 04:49:57', '2020-12-30 04:49:57'),
('cee0572e-c3e2-4127-aff6-44bf0f95de75', '202010-00066', 'Hà', 'Kim Ngân', 'kimngan_pro_vjp@gmail.com', '1990-05-02', 0, 'thu duc', '0908350823', 'Student/20201020/1071387961_3edfc4d8e4c81a9643d92.jpg', NULL, '1bfe8257-163e-43fb-9d08-cf2f96dbba55', 0, '2020-10-20 00:25:13', '2020-10-20 00:25:13'),
('d14f124b-3568-458d-a5f6-2593cf35220e', 'HVHuyNguyen', 'Huy', 'Nguyễn ', 'huy.nguyenquang@alta.com.vn', '1997-10-13', 0, 'Hóc Môn', '0966033066', 'Student/20200822/1630528970_cute_corgiwallpaper1920x1080.jpg', NULL, '56a587eb-77fa-4026-af7c-f6d96aeff1fa', 0, '2020-08-22 01:20:22', '2020-08-22 01:20:22'),
('d2a2c1a4-8fe5-4aa9-8686-1956c54f2a6d', 'PHCHS01', 'Chí Công', 'Phan ', 'cong.phan@alta.com.vn', '2020-08-21', 0, '123545659887456', '123456789', 'Student/20200821/1162476775_AlexandraDaddarioJoinsDwayneJohnsonInSanAndreas.jpg', 'Nguyễn Văn A', '14936e4f-24fd-448f-84be-aa10b0bb8e25', 0, '2020-08-20 23:45:15', '2020-08-20 23:45:15'),
('d9a88cbd-b250-4b22-8739-40742e65a0a1', 'Phat', 'Phat', 'Phat', 'devalta@gmail.com', '2020-09-15', 0, 'Phat', '0904667082', 'Student/20200916/1885527117_118713313_3059029910990082_1270878054595035528_n.jpg', 'Phat', '3cd9e96e-93c6-4093-a8e6-a6afd75bd45c', 0, '2020-09-16 01:25:46', '2020-09-16 01:25:46'),
('dc9e7a5c-1cae-4745-8dd0-b59c8e023bab', '202010-00038', 'Huy', 'Nguyen', 'ngthanhhuy2297@gmail.com', '1997-12-01', 0, 'Dalat', '0231231231', 'Student/20201005/1958609811_MyInvitation.jpeg', 'Father', '4a152bba-3e31-4694-86b9-eb67fbee55f4', 0, '2020-10-05 03:00:01', '2020-10-05 03:00:01'),
('dda2d6da-25db-4eee-b023-edfe54350942', '202010-00043', 'Luyên', '\"\"', 'leluyen1502@gmail.com', '2011-10-02', 1, '1212121', '0379696398', '', 'Ho ten phu huynh', 'b57476c8-2af5-4bc1-9ac8-af3a207639c1', 0, '2020-10-08 03:48:48', '2020-10-08 03:48:48'),
('ddf89f99-baaa-4f15-be53-355bcbf1672b', '2020090001', 'Nguyen Nguyen', 'Nguyen', 'mail@alta.com.vn', '2000-01-01', 0, 'HCMC', '0987654321', '', 'Nguyen Parent', '8c10cc7d-0bb5-4fdb-8e06-18efed42a904', 0, '2020-09-25 02:34:29', '2020-09-25 02:34:29'),
('df234f61-cd3b-42f9-9869-c1b47483626c', '20201000022', 'Luyen', 'Le', 'leluyen1502@gmail.com', '2010-10-02', 1, '1212121', '0379696398', 'Student/20201002/321762633_CR_ThuHocPhi1.png', 'null', '6b0364aa-bb37-4490-96ea-a7b13d340d6b', 0, '2020-10-01 20:01:50', '2020-10-01 20:01:50'),
('e3e4c0bc-16e1-4ee3-85e4-4c9303070b2a', 'HS0014', 'Huyen My', 'Tran', 'my.tranthihuyen@alta.com.vn', '1999-08-11', 1, 'HCMC', '0964577491', 'Student/20200926/479274288_airplanelanding.png', 'Tran', 'd6e8f41a-0680-4923-be59-fd9ce02c847d', 0, '2020-09-26 02:40:38', '2020-09-26 02:40:38'),
('e8673c8f-73e0-421d-8d7d-3d02b8326b4e', '20201000021', 'Trần', 'Mộng Cách', 'hoananh522@gmail.com', '1994-06-18', 1, 'GD', '0394950741', 'Student/20201001/1674119330_8ddfd36f280ed7508e1f3.jpg', 'undefined', '07a7d676-6836-4cfb-b720-75942355ddc2', 0, '2020-10-01 02:27:02', '2020-10-01 02:27:02'),
('ed93d7b0-1933-4d09-9e5d-c84220247b0d', 'PH02', 'chí công', 'phan ', 'cong.phanchi@alta.com.vn', '1996-12-23', 0, '220/22/13 Âu cơ', '0818391639', 'Student/20200824/447861664_79926533_2475435055912723_5248706191856500736_o.png', NULL, '5fd8c958-2277-4d72-a36c-c76577c77e62', 0, '2020-08-24 03:00:08', '2020-08-24 03:00:08'),
('eea1e9fe-1671-44c3-adae-b3ab1d5a32ff', 'PH03', 'chi công', 'phan ', 'cong.phanchi@alta.com.vn', '2019-12-23', 0, 'asdpl;jaslkdmal;k', '01345679866', 'Student/20200824/791842982_images1.jpg', NULL, '42b80b43-d2cf-413a-bfc3-4f4e5902cf8c', 0, '2020-08-24 03:04:42', '2020-08-24 03:04:42'),
('f020351b-ac0f-418b-8243-0c0a5c74195f', 'Phat214', 'Phat', 'Phat', 'ngthanhhuy2297@gmail.com', '2020-09-07', 0, '2313', '0979876972', '', 'Phat', 'cd4546f0-d60a-422d-9cc9-91d02aad7bf1', 0, '2020-09-17 02:44:54', '2020-09-17 02:44:54'),
('f0c6badd-1a0a-405a-b6e1-c3343f7e0ed4', '202010-00045', 'Luyên', 'Lê', 'leluyen1502@gmail.com', '2011-10-02', 1, '1212121', '0379696398', '', 'Ho ten phu huynh', '1b70f811-e25d-42b5-8f1f-454971c00e85', 0, '2020-10-08 04:04:48', '2020-10-08 04:04:48'),
('f10f0a30-8b01-4175-864e-94eea80c039c', 'HVOO1', 'Tên đệm và tên', 'Họ', 'leluyen1502@gmail.com', '2020-08-05', 0, '1212121', '54334', '', 'not undefined', 'cf648aa9-92cb-4722-b4fc-62002ad9ff7f', 0, '2020-08-25 22:27:11', '2020-08-25 22:27:11'),
('f186656d-1b6c-4b43-bb9b-1641411c6cb0', '202103-00003', 'chi cong', 'phan', 'Cong.phanchi@alta.com', '2000-02-01', 0, '123123', '0818391639', 'Student/20210323/968230586_27169880.png', 'phụ huynh', '2ab74578-80c9-4918-a4ef-3fe87541bf9e', 0, '2021-03-23 07:45:06', '2021-03-23 07:45:06'),
('f1f66faf-ec26-415f-806b-66a039e6c749', 'null', 'Phan', 'Cong', 'admin@vietjetair.com', '2020-08-25', 0, '86/33 05', '1234567891', '', 'not null', 'c601d902-0618-49a4-b4a8-a1dc037ac4f5', 0, '2020-08-25 20:42:58', '2020-08-25 20:42:58'),
('f47043f8-2843-420c-be64-0375ad4bc274', '20201000002', 'bbbb', 'aaa', 'aa@gmail.com', '2016-10-02', 1, 'HCMC', '0123456789', '', 'undefined', '38a99374-edf2-437d-bf91-bc952925c6ea', 0, '2020-10-01 00:09:48', '2020-10-01 00:09:48'),
('f814df37-bc5f-4cd7-b5a1-53048c825ab5', '1234567', 'NTN', 'Tuyen', 'tuyen.nguyen@alta.com.vn', '1982-01-01', 1, 'undefined', '+84706842139', '', 'undefined', 'c9985a45-22f0-4992-9774-12694de33893', 0, '2020-09-10 12:29:50', '2020-09-10 12:29:50');

-- --------------------------------------------------------

--
-- Cấu trúc bảng cho bảng `rc_subjects`
--

CREATE TABLE `rc_subjects` (
  `subject_id` varchar(255) COLLATE utf8_unicode_ci NOT NULL,
  `subject_code` varchar(255) COLLATE utf8_unicode_ci NOT NULL,
  `subject_name` varchar(100) COLLATE utf8_unicode_ci NOT NULL,
  `course_id` varchar(255) COLLATE utf8_unicode_ci NOT NULL,
  `subject_group_id` varchar(255) COLLATE utf8_unicode_ci NOT NULL,
  `subject_created` timestamp NOT NULL DEFAULT current_timestamp()
) ENGINE=InnoDB DEFAULT CHARSET=utf8 COLLATE=utf8_unicode_ci;

--
-- Đang đổ dữ liệu cho bảng `rc_subjects`
--

INSERT INTO `rc_subjects` (`subject_id`, `subject_code`, `subject_name`, `course_id`, `subject_group_id`, `subject_created`) VALUES
('019b921b-bbf5-477a-bd1e-cf48dedda367', 'test123', 'test', '01a1bc03-5d98-4504-b634-a1ad1da6c0e6', '1cd525b8-f999-4660-b804-920cc1b2ea06', '2020-09-16 02:42:43'),
('0395f130-6724-4338-be16-3893ba90272a', 'avcb002', 'Anh Văn Cơ Bản 2', 'e48b50b2-1398-4201-9c13-ed3bfaf932ac', '092a6f48-6920-4e4b-a172-7d271aa10e92', '2020-10-13 01:34:53'),
('05056341-5850-45bb-8212-dcf70ec990b7', 'BR', 'Bóng rổ', 'ca81bad1-923f-4fe7-b99a-618136217efe', 'c49426da-913d-475f-9a9f-627be2118fca', '2020-09-09 02:33:48'),
('0509ae33-4cb4-4706-8374-3233d63af704', '123', '12322', '1c7c5403-378d-4eaa-b0bd-84ca857519f4', '0172cb1c-c27b-4d4c-9b14-c8492236fc39', '2020-09-30 20:09:29'),
('052149db-ceea-4fc7-abbd-6177a231f259', 'PHP', 'PHP Cơ Bản', '1', '48b9c435-ba5a-4b2d-96ac-33bf59275830', '2020-08-20 01:11:47'),
('05935c1a-f3be-4f6f-ab70-8ef6fc8dd8a2', 'NHAY3', 'Múa Ấn Độ Bellydance Thiếu Nhi', 'ca81bad1-923f-4fe7-b99a-618136217efe', 'f067c1ff-c68b-4ede-ad0c-4892334f9cac', '2020-09-09 02:32:59'),
('063a3b5c-dfc9-45ec-a125-62226f93b7cf', 'CTDL01', 'Cấu trúc dữ liệu', '2c88f7c7-345f-4cf3-b013-08f6181a92ab', '05920914-17ff-4a70-9ff3-85c5f14b9393', '2020-09-29 03:55:31'),
('09003993-410c-4446-ae21-922f48074484', 'HOA4', 'Tạo hình NT đất sét', 'ca81bad1-923f-4fe7-b99a-618136217efe', '961f1b8f-f31d-49f6-ba41-311f8f3f12e4', '2020-09-09 02:29:23'),
('09d4146b-a96f-49bb-a61d-715b6346e4fe', 'avcb001', 'Anh văn cơ bản', '4db43af8-aada-4d6e-89a4-afb61a1fd9b2', '092a6f48-6920-4e4b-a172-7d271aa10e92', '2020-10-01 01:37:19'),
('0e5f36c2-4209-44d7-9774-f10dba28bd80', 'TD', 'Thể dục', '1', '1c7629a0-6c8a-40a3-bed2-ba68c471b933', '2020-08-17 20:12:00'),
('10052884-0926-4472-8faf-8a62c1552295', 'NHAC3', 'Organ - Guitare Sơ cấp ', 'ca81bad1-923f-4fe7-b99a-618136217efe', '50d41394-ced3-4fc2-b798-c3484f626797', '2020-09-09 02:38:36'),
('12f48dda-d6f1-4581-9930-8d11e9dda35d', 'MON3', 'Môn thứ ba', '01a1bc03-5d98-4504-b634-a1ad1da6c0e6', '092a6f48-6920-4e4b-a172-7d271aa10e92', '2020-12-17 01:04:24'),
('355d135a-477f-4bbb-b3bc-81ad7b3cc0f4', 'K12MA', 'Toán Đại số', '3c14a45d-f41a-42c4-ac3b-58db43d8670f', '15391e7e-ade1-4c46-abbb-34af7679541d', '2020-09-17 21:46:52'),
('37fc1fb5-acd6-4961-b75c-3591e23fe712', 'MON', 'Mongo', '2c88f7c7-345f-4cf3-b013-08f6181a92ab', '6dd1129b-7814-40a3-bd8d-d965f10ddeeb', '2020-10-01 01:12:11'),
('3916f160-631c-4843-8d84-76291d365b35', 'MON1', 'Môn thứ nhất', '01a1bc03-5d98-4504-b634-a1ad1da6c0e6', '092a6f48-6920-4e4b-a172-7d271aa10e92', '2020-12-17 00:34:28'),
('41de27ca-140b-4c8f-8ceb-993e41da3c5a', 'HH', 'Hóa học', '1', 'dd1e9ba3-5558-41bc-83a5-cbc956f88a2c', '2020-08-18 02:50:39'),
('4430bfcd-380a-4e5d-9c53-a656aaaaf64f', 'MC', 'MC (Dẫn chương trình)', 'ca81bad1-923f-4fe7-b99a-618136217efe', '50d41394-ced3-4fc2-b798-c3484f626797', '2020-09-09 02:35:21'),
('473c5b36-de28-4236-9a77-ebc2a3bff293', 'KYNANGTUVE', 'Kỹ năng tự vệ Thiếu nhi', 'ca81bad1-923f-4fe7-b99a-618136217efe', 'c49426da-913d-475f-9a9f-627be2118fca', '2020-09-09 02:34:16'),
('47d564a7-a23a-4c7a-abfb-800364dd2dbd', 'BĐ', 'Bóng đá', 'ca81bad1-923f-4fe7-b99a-618136217efe', 'c49426da-913d-475f-9a9f-627be2118fca', '2020-09-09 02:35:54'),
('4cb0490d-81b9-421e-832b-a450d4c2939f', 'dotnetCore', '.net Core', '1', 'de1bda2e-715a-4922-af81-4ac8f54204f6', '2020-08-26 20:16:39'),
('4ece9b6e-605d-413d-8dcf-65cbd30edbbd', 'mh_tthcm', 'Tư tưởng Hồ Chí Minh', 'f8ccb338-f8f8-4cf5-86ca-a2a542348a8a', 'b93bf496-bc99-4804-8b07-a0c8de70ab87', '2020-10-02 21:28:40'),
('4f00d34b-8553-4a1b-8cf6-5ca066875cdc', '2020KBC01', 'Bóng chuyền', 'f8ccb338-f8f8-4cf5-86ca-a2a542348a8a', 'd6454173-c9fe-4ea9-84b1-d8f8c6260546', '2020-09-25 02:50:50'),
('5019ad30-5b93-4324-9670-9479e5f5b565', 'SJ0002', 'Judo', '1', 'c49426da-913d-475f-9a9f-627be2118fca', '2020-09-20 08:30:19'),
('503ecc56-c1e3-4466-bfa4-b312a9a14bf9', 'FE_SUBJECT_1', 'FE_SUBJECT_1', '1', '1cd525b8-f999-4660-b804-920cc1b2ea06', '2020-08-24 21:33:04'),
('560dcf8f-e264-47db-a6d2-f2eda5807dca', 'VL', 'Vật Lý', '1', 'dd1e9ba3-5558-41bc-83a5-cbc956f88a2c', '2020-08-17 19:59:17'),
('58dcd216-02db-4c56-b3ce-32c320690512', 'CPP', 'C++', '4369987f-571a-4993-b775-18a771efae2d', '15391e7e-ade1-4c46-abbb-34af7679541d', '2020-09-29 21:16:01'),
('5b6257a1-f4d9-486b-931b-38b76d3c5081', 'NHAC1', 'Organ - Guitare nâng cao ', 'ca81bad1-923f-4fe7-b99a-618136217efe', '50d41394-ced3-4fc2-b798-c3484f626797', '2020-09-09 02:37:51'),
('5f551f33-b43d-49b7-8e50-31859606e5d9', 'KT', 'Kỹ thuật', '1', '1cd525b8-f999-4660-b804-920cc1b2ea06', '2020-08-17 20:12:27'),
('640a5a4c-74ea-476e-b3a7-aa36517e00e8', 'HOA2', 'Họa màu nước', 'ca81bad1-923f-4fe7-b99a-618136217efe', '961f1b8f-f31d-49f6-ba41-311f8f3f12e4', '2020-09-09 02:28:02'),
('683ab4fd-2b95-4bd8-bc5d-1094bd95cd5d', 'BMTT01', 'Bảo mật thông tin', '4369987f-571a-4993-b775-18a771efae2d', '05920914-17ff-4a70-9ff3-85c5f14b9393', '2020-09-29 03:00:20'),
('68eb00d0-0ca1-4aad-8604-34783609e793', 'JV', 'JAVA', '4369987f-571a-4993-b775-18a771efae2d', '15391e7e-ade1-4c46-abbb-34af7679541d', '2020-09-29 21:30:56'),
('694cf4f7-00ef-44a0-923f-345abf7899e1', 'TP', 'Tiếng Pháp', '1', 'b9df32b0-addc-4790-8111-336ca6343d56', '2020-08-17 20:13:52'),
('6fc43699-b900-4709-89ba-bfb461194c97', 'NHAY4', 'Nhảy Zumba Kid', 'ca81bad1-923f-4fe7-b99a-618136217efe', 'f067c1ff-c68b-4ede-ad0c-4892334f9cac', '2020-09-09 02:33:15'),
('7510abc7-b3df-4486-a89a-163201c60a04', '\'_', 'Judo', '1', 'c49426da-913d-475f-9a9f-627be2118fca', '2020-09-20 08:45:51'),
('80bd612f-071d-4eeb-b506-e2643e485ac6', 'FE_SUBJECT', 'FE_SUBJECT', '1', '1cd525b8-f999-4660-b804-920cc1b2ea06', '2020-08-24 19:44:43'),
('80f2a70a-34cf-463b-8ce8-6a26282e3db5', 'MH20201003', 'MH20201003', 'e48b50b2-1398-4201-9c13-ed3bfaf932ac', '05920914-17ff-4a70-9ff3-85c5f14b9393', '2020-10-03 03:49:28'),
('81fee13b-a2dd-4baa-ad58-31e371e34bb8', 'CHICONG', 'Chí Công', 'f8ccb338-f8f8-4cf5-86ca-a2a542348a8a', '5e1ba693-3029-41bd-a9f0-b7bcaab917f4', '2020-10-02 02:39:44'),
('83bfb5cf-1712-4e73-b25d-a23be012fbde', 'nodejs', 'Node JS', '1', 'de1bda2e-715a-4922-af81-4ac8f54204f6', '2020-08-26 20:50:50'),
('86a62173-7ae1-47e7-944e-7f4b3366c1c9', 'NHAY1', 'Nhảy hiện đại KPop (10 tuổi trở lên)', 'ca81bad1-923f-4fe7-b99a-618136217efe', 'f067c1ff-c68b-4ede-ad0c-4892334f9cac', '2020-09-09 02:32:08'),
('89b52340-084e-442d-968f-74a13975063d', 'jv001', 'Java', '2c88f7c7-345f-4cf3-b013-08f6181a92ab', '5e1ba693-3029-41bd-a9f0-b7bcaab917f4', '2020-10-13 00:12:16'),
('8edfd4e5-7f86-48c6-acae-181c8180eff1', 'MUA1', 'Múa Ballet', 'ca81bad1-923f-4fe7-b99a-618136217efe', 'f067c1ff-c68b-4ede-ad0c-4892334f9cac', '2020-09-09 02:36:49'),
('9bc95f63-9738-4e58-9dd2-1d8a8af88e40', 'CHUVIET1', 'Viết Chữ Đẹp', 'ca81bad1-923f-4fe7-b99a-618136217efe', '50225753-1004-4740-af8f-f221a0371fcd', '2020-09-09 02:30:42'),
('a345c809-ca47-4b2c-bddf-b2dcb86be40a', 'KIB', 'Kibana', '2c88f7c7-345f-4cf3-b013-08f6181a92ab', '6dd1129b-7814-40a3-bd8d-d965f10ddeeb', '2020-10-01 01:11:47'),
('aabbc52a-b0c7-4f08-8044-615d0a3d826b', 'CO', 'Cờ Vua - Cờ Tướng', 'ca81bad1-923f-4fe7-b99a-618136217efe', '50225753-1004-4740-af8f-f221a0371fcd', '2020-09-09 02:31:26'),
('b4c24cd5-2d7c-4d21-9ddd-a8e1ff8aa43a', 'SJ0003', '123', '01a1bc03-5d98-4504-b634-a1ad1da6c0e6', 'c49426da-913d-475f-9a9f-627be2118fca', '2020-09-20 08:34:01'),
('c34f93c4-ca65-4f80-85b3-ef11568c1fad', 'LS', 'Lịch sử', '1', '65c04dfb-bf6c-473f-b122-8c2a2950a222', '2020-08-17 20:11:41'),
('d283a95e-fc03-498e-a612-d436aeccf86d', 'SJ0001', 'Karate', '3c14a45d-f41a-42c4-ac3b-58db43d8670f', 'c49426da-913d-475f-9a9f-627be2118fca', '2020-09-20 08:24:53'),
('df6a916c-4587-4d0b-ad39-df5d9299a841', 'MON2', 'Môn thứ hai', '01a1bc03-5d98-4504-b634-a1ad1da6c0e6', '092a6f48-6920-4e4b-a172-7d271aa10e92', '2020-12-17 00:35:23'),
('ee19bfef-2a44-4cda-93ab-8a1f27b5818c', 'ABC', 'ABC1234', '01a1bc03-5d98-4504-b634-a1ad1da6c0e6', '177cc2ee-5e04-44a3-bd60-6fd6e4c32dde', '2020-09-30 23:38:00'),
('f768d0ad-fbc3-4991-8712-8b50c0c02803', 'aaaa', 'QLDA', '1c7c5403-378d-4eaa-b0bd-84ca857519f4', '48b9c435-ba5a-4b2d-96ac-33bf59275830', '2020-10-07 20:31:40'),
('fd3646b8-4b2a-4aa2-b870-02d218892c50', 'TH', 'Toán học', '1', 'dd1e9ba3-5558-41bc-83a5-cbc956f88a2c', '2020-08-17 20:10:47'),
('fd38e120-b8c4-4d6b-a868-277cf0ea0565', 'NHAY2', 'Nhảy hiện đại Thiếu Nhi (3 tuổi - 10 tuổi)', 'ca81bad1-923f-4fe7-b99a-618136217efe', 'f067c1ff-c68b-4ede-ad0c-4892334f9cac', '2020-09-09 02:32:31'),
('fd466262-4c21-4163-b1ec-3f12936620cb', 'HOA3', 'HỌA  (Sơ cấp )', 'ca81bad1-923f-4fe7-b99a-618136217efe', '961f1b8f-f31d-49f6-ba41-311f8f3f12e4', '2020-09-09 02:28:26');

-- --------------------------------------------------------

--
-- Cấu trúc bảng cho bảng `rc_subject_groups`
--

CREATE TABLE `rc_subject_groups` (
  `subject_group_id` varchar(255) COLLATE utf8_unicode_ci NOT NULL,
  `subject_group_name` varchar(100) COLLATE utf8_unicode_ci NOT NULL,
  `subject_group_created` timestamp NOT NULL DEFAULT current_timestamp()
) ENGINE=InnoDB DEFAULT CHARSET=utf8 COLLATE=utf8_unicode_ci;

--
-- Đang đổ dữ liệu cho bảng `rc_subject_groups`
--

INSERT INTO `rc_subject_groups` (`subject_group_id`, `subject_group_name`, `subject_group_created`) VALUES
('0172cb1c-c27b-4d4c-9b14-c8492236fc39', 'Biên dịch tiếng Đức', '2020-09-18 02:41:20'),
('0507dfad-1ae3-473b-af30-66fcb260a512', 'Biên dịch tiếng Anh', '2020-10-12 01:25:33'),
('05920914-17ff-4a70-9ff3-85c5f14b9393', 'Lập trình cơ bản', '2020-09-27 20:49:28'),
('092a6f48-6920-4e4b-a172-7d271aa10e92', 'Anh Văn', '2020-10-01 01:32:57'),
('0c9bc460-39f8-47ad-80fe-a85341b9a49e', 'Biên dịch tiếng Anh', '2020-10-12 01:30:44'),
('15391e7e-ade1-4c46-abbb-34af7679541d', 'Toán - Tin', '2020-09-17 21:46:12'),
('177cc2ee-5e04-44a3-bd60-6fd6e4c32dde', 'Biên dịch tiếng Anh', '2020-09-18 02:24:19'),
('1c7629a0-6c8a-40a3-bed2-ba68c471b933', 'Thể Chất', '2020-08-17 09:12:39'),
('1cd525b8-f999-4660-b804-920cc1b2ea06', 'Kỹ Thuật', '2020-08-17 02:50:36'),
('1cf0c853-bba3-474a-a93a-2789d6bee09a', 'Biên dịch tiếng Anh', '2020-10-15 01:32:37'),
('1f02aac8-b459-42de-b383-95f2a17a6f49', 'Phiên dịch tiếng Nga', '2020-09-18 01:56:53'),
('37d131c6-0262-41c1-b3c2-88a452449931', 'Biên dịch tiếng Đức', '2020-10-15 02:57:38'),
('486895c7-2a5c-464c-98c0-8d51b355e7f6', 'Biên dịch tiếng Đức', '2020-10-15 02:35:17'),
('48b9c435-ba5a-4b2d-96ac-33bf59275830', 'Tin Học', '2020-08-20 01:11:02'),
('50225753-1004-4740-af8f-f221a0371fcd', 'VIẾT CHỮ ĐẸP - CỜ ', '2020-09-09 02:22:35'),
('50d41394-ced3-4fc2-b798-c3484f626797', 'Nhạc - Nhạc cụ', '2020-09-09 02:22:19'),
('5e1ba693-3029-41bd-a9f0-b7bcaab917f4', 'Công nghệ', '2020-09-02 14:19:01'),
('65c04dfb-bf6c-473f-b122-8c2a2950a222', 'Xã Hội', '2020-08-17 19:46:30'),
('6dd1129b-7814-40a3-bd8d-d965f10ddeeb', 'Elastic', '2020-10-01 01:10:49'),
('7333ee48-28d1-482f-aa9a-a464b68d1aca', 'Biên dịch tiếng Đức', '2020-10-12 23:57:21'),
('81323cba-3e9f-4ba9-9d6b-6770af4c3cb0', 'Biên dịch tiếng Anh', '2020-10-15 02:50:15'),
('8a3d7735-220d-4e3e-977c-7c5893d73b20', 'Biên dịch tiếng Đức', '2020-10-13 00:04:34'),
('8b01ede3-a9f7-4d21-8be4-cb23cd3cc612', 'Biên dịch tiếng Anh', '2020-10-15 02:27:37'),
('8e7cb5f1-eda0-4144-bbff-dae16ef85056', 'Biên dịch tiếng Đức', '2020-10-12 01:25:33'),
('906cd51e-6662-4554-9605-814a2149e2f1', 'Biên dịch tiếng Anh', '2020-10-15 02:57:38'),
('91b3c346-ad20-443b-bf14-4148f4dcd94d', 'Biên dịch tiếng Đức', '2020-10-12 02:06:19'),
('961f1b8f-f31d-49f6-ba41-311f8f3f12e4', 'HỌA - Vẽ Truyện', '2020-09-09 02:22:10'),
('9b726c3c-1d9e-479f-8a47-c8e5a84e66d7', 'Biên dịch tiếng Anh', '2020-10-15 02:41:19'),
('a3eb5159-2b04-4ae0-bf7f-afa652abfc3b', 'Biên dịch tiếng Đức', '2020-10-12 01:30:44'),
('b008d144-fc7a-4904-aa23-aa14fa87f7f1', 'Nghề', '2020-09-02 14:18:32'),
('b93bf496-bc99-4804-8b07-a0c8de70ab87', 'Chính trị', '2020-10-02 21:27:12'),
('b9df32b0-addc-4790-8111-336ca6343d56', 'Ngoại Ngữ', '2020-08-17 02:50:21'),
('c49426da-913d-475f-9a9f-627be2118fca', 'Võ thuật', '2020-09-09 02:23:22'),
('c7dae653-031f-423d-94e2-b03406dd8123', 'Biên dịch tiếng Đức', '2020-10-15 02:27:36'),
('cd59e86d-f77c-4482-b4c7-7bca09b7ef1f', 'Biên dịch tiếng Anh', '2020-09-18 02:41:20'),
('cfc1552e-b0cd-4f66-a563-7b7fcf94f3a2', 'Biên dịch tiếng Đức', '2020-10-15 02:41:19'),
('d1e733d2-44a2-4f87-bcd4-b3aba467a69e', 'Phiên dịch tiếng Anh', '2020-09-18 01:57:51'),
('d4d94780-5bde-49e0-98ba-799139d9e173', 'Biên dịch tiếng Anh', '2020-10-15 02:35:17'),
('d6454173-c9fe-4ea9-84b1-d8f8c6260546', 'Bóng chuyền - Cầu lông', '2020-09-25 02:50:20'),
('d7dfa7b9-54c3-4d94-9be1-493541c7e423', 'Biên dịch tiếng Đức', '2020-10-15 02:50:15'),
('db365ecd-a1dd-4d3f-9fe6-4f815a775ea0', 'Biên dịch tiếng Đức', '2020-10-15 01:32:36'),
('dd1e9ba3-5558-41bc-83a5-cbc956f88a2c', 'Tự Nhiên', '2020-08-17 02:44:04'),
('de1bda2e-715a-4922-af81-4ac8f54204f6', 'Không Xóa', '2020-08-26 20:15:58'),
('e840ff94-78e8-44fd-9b0f-4e266641eabb', 'Biên dịch tiếng Anh', '2020-10-12 02:06:19'),
('ec7691a3-4a9f-4207-827f-377bc24b269f', 'Phiên dịch tiếng Anh', '2020-09-18 02:00:21'),
('f067c1ff-c68b-4ede-ad0c-4892334f9cac', 'Khiêu Vũ - Múa', '2020-09-09 02:23:11'),
('f517cf84-019d-466a-abee-8a8056f4709e', 'Biên dịch tiếng Anh', '2020-10-12 23:57:26'),
('f6e32baf-d05b-4421-a440-66c5058271c4', 'Biên dịch tiếng Anh', '2020-10-13 00:04:34');

-- --------------------------------------------------------

--
-- Cấu trúc bảng cho bảng `rc_surcharge`
--

CREATE TABLE `rc_surcharge` (
  `surcharge_id` varchar(255) COLLATE utf8_unicode_ci NOT NULL,
  `class_id` varchar(255) COLLATE utf8_unicode_ci NOT NULL,
  `surcharge_name` varchar(255) COLLATE utf8_unicode_ci NOT NULL,
  `surcharge_amount` double NOT NULL,
  `surcharge_created_at` timestamp NOT NULL DEFAULT current_timestamp()
) ENGINE=InnoDB DEFAULT CHARSET=utf8 COLLATE=utf8_unicode_ci;

--
-- Đang đổ dữ liệu cho bảng `rc_surcharge`
--

INSERT INTO `rc_surcharge` (`surcharge_id`, `class_id`, `surcharge_name`, `surcharge_amount`, `surcharge_created_at`) VALUES
('01a48294-fab1-4897-9f62-1c06057c9a55', '7e8cef97-c81d-43f7-935f-551ebf16a705', 'TUI444', 123123213, '2020-10-02 02:45:36'),
('120a5616-67c2-428a-8642-0e8500c7f9ef', '3ec19587-424c-4a42-94cb-fc954789ef7b', 'Đàn', 40000, '2020-10-02 01:24:09'),
('18a3d80e-097f-438a-9b20-24757977d7a0', 'ee605aa6-6435-4f2b-8703-03140957b21f', 'Phụ 1', 10000000, '2020-10-02 02:33:23'),
('22811d24-7be9-4732-9a77-3bf513580514', '3ed96c90-f793-4215-9d2f-0c3192c3d03b', 'CONGPHAT', 6666, '2020-10-01 01:19:53'),
('313b4fcd-7f26-429a-abb3-091482a2e70e', 'c540fbb8-2e39-4d70-9ce3-d6d776bfae42', 'Phụ thu test', 1000, '2020-09-30 23:40:17'),
('411cb4ba-dd84-43f1-89f7-441affccb993', 'b8dc1f85-9d54-4469-a271-67edc199d350', 'PHATTEST', 300000, '2020-10-02 01:09:02'),
('547f42ad-9c82-42ba-bd8b-cef24e493148', '7e8cef97-c81d-43f7-935f-551ebf16a705', '123123', 123123, '2020-10-02 02:45:36'),
('625f64f7-33bd-4147-8bfa-bd5d66264979', 'c540fbb8-2e39-4d70-9ce3-d6d776bfae42', 'Phụ thu test2', 10001, '2020-09-30 23:40:17'),
('8f658ddb-5d4e-4338-a1c8-3fc9fcd5c332', '8e86e5da-67ad-498c-b55c-a27f99b16013', 'Phụ thu test', 1000, '2020-09-30 23:39:26'),
('9729fe4e-88e8-4af5-bed9-dcffbd0da15b', 'aea2f16e-8c90-4936-b608-073407b3b976', 'CCCC', 22, '2020-10-01 00:33:08'),
('9736541b-6477-4206-be0f-856c4b59bad6', '0544c955-3442-40f1-9716-98ff7015a555', 'CSVC', 200000, '2020-10-03 03:46:39'),
('9ffa3ec3-e361-4b50-8016-9a6a289defda', 'e3d3d4ce-725f-4ffe-8220-516b6e24d36b', 'CSVC', 100000, '2020-10-02 05:02:19'),
('ae918737-948c-4f88-8356-4e2e7b8c3945', '8d5a0667-4e06-4388-8b51-db712e7a2f67', 'PHAT', 3000, '2020-10-01 00:00:05'),
('b39585fc-3611-4beb-beec-97b0be381c3d', 'd28bd748-952d-4119-9997-416b81e4d347', 'Phí dọn dẹp', 2000, '2020-10-02 01:11:21'),
('b6cc27ad-1fd4-43f8-bd85-845d13c843b9', '0544c955-3442-40f1-9716-98ff7015a555', 'QTDC', 150000, '2020-10-03 03:46:39'),
('bea49e02-1e56-4a30-ad28-589d9bd94924', '7e8cef97-c81d-43f7-935f-551ebf16a705', 'CONGPHAT', 123123, '2020-10-02 02:45:36'),
('c0a9f660-de44-4c26-9be7-c5ccf40828f3', 'ff6c5016-6f5b-45f2-bced-effb38a80e9c', 'Phí dọn dẹp', 3000, '2020-10-08 21:49:35'),
('c460e449-ca6c-4d03-8c44-d8b601dc40db', '4f36c6df-ca06-4dd6-883f-9af86c5f0922', 'Phụ phí', 100, '2020-10-02 21:58:30'),
('c68c9570-c20e-4f8d-b1b3-46841e594292', '3ec19587-424c-4a42-94cb-fc954789ef7b', 'Trống', 50000, '2020-10-02 01:24:09'),
('e2409d29-d4c4-4fbd-8d4b-35b446332c0b', 'ee605aa6-6435-4f2b-8703-03140957b21f', 'Phụ 2', 15000000, '2020-10-02 02:33:23'),
('eec2e670-b695-4ca2-a78c-30d31f6cafa3', '7e8cef97-c81d-43f7-935f-551ebf16a705', '123', 123123, '2020-10-02 02:45:36'),
('f19fe10f-50b2-46a6-88a6-3135f71d7faa', '3ed96c90-f793-4215-9d2f-0c3192c3d03b', 'TUI', 12344, '2020-10-01 01:20:45'),
('f4021fc3-04fd-49f3-8b5b-9af495a878c7', 'e3d3d4ce-725f-4ffe-8220-516b6e24d36b', 'Server', 199000, '2020-10-02 05:02:19'),
('f7d1ec5b-87bf-40e0-aae8-56a85225a125', '8d5a0667-4e06-4388-8b51-db712e7a2f67', 'PHAT', 3000, '2020-10-01 00:00:05'),
('ff373b71-ce62-4cc1-b1ff-d42d2f08b0c2', 'd2bd861b-7881-4600-b38d-11c96978b365', 'Phụ thu test', 1000, '2020-09-30 20:28:16');

-- --------------------------------------------------------

--
-- Cấu trúc bảng cho bảng `rc_users`
--

CREATE TABLE `rc_users` (
  `user_id` varchar(255) COLLATE utf8_unicode_ci NOT NULL,
  `user_name` varchar(100) COLLATE utf8_unicode_ci NOT NULL,
  `user_email` varchar(255) COLLATE utf8_unicode_ci NOT NULL,
  `user_image` varchar(255) COLLATE utf8_unicode_ci DEFAULT NULL,
  `account_id` varchar(255) COLLATE utf8_unicode_ci NOT NULL,
  `group_code` varchar(255) COLLATE utf8_unicode_ci DEFAULT NULL,
  `user_created` timestamp NOT NULL DEFAULT current_timestamp()
) ENGINE=InnoDB DEFAULT CHARSET=utf8 COLLATE=utf8_unicode_ci;

--
-- Đang đổ dữ liệu cho bảng `rc_users`
--

INSERT INTO `rc_users` (`user_id`, `user_name`, `user_email`, `user_image`, `account_id`, `group_code`, `user_created`) VALUES
('14b9b1b7-e1ab-45b2-8d07-aee80a40601d', 'GhiDanh', 'hoanghonger@gmail.com', NULL, '79940f8a-e5ea-49ec-9143-8d96707bfa62', 'REGMANAGER', '2020-09-28 23:54:33'),
('160b0019-89a7-40a8-b695-2fc3c9449406', 'QT', 'hien.dao@alta.com.vn', NULL, '70e4b7a6-f9fa-4427-bca0-a5957463dcc7', 'ADMIN', '2020-09-28 23:51:44'),
('54eec71e-99ab-4f85-997c-193b3650e05a', 'Lê Luyên', 'leluyen15022@gmail.com', NULL, 'a511d038-3223-4995-8ae8-8ecd917b57eb', 'REGMANAGER', '2021-03-05 03:09:47'),
('78dd9ab9-04e0-4c7f-9ff0-66cd20d27649', 'KeToan', 'daohien251196@agmail.com', NULL, '1cc222d7-d6ee-4509-a7ab-19e369b03281', 'BOOKKEEPER', '2020-09-28 23:52:57'),
('808b6f3a-d3a1-4287-aed6-36cda2fd5368', 'Phúc TEST', 'phucTest@atla.com.vn', 'Admin/20200917/1017758161_VectorSmartObject1Copy.png', 'cd6f6ff9-80c3-410a-88a8-56e0cac654b0', 'BOOKKEEPER', '2020-09-16 19:44:54'),
('8137bb81-5606-45fc-903c-327493acaeee', 'ALTA', 'luyen.le@alta.com.vn', NULL, 'fe6acd7a-bb3e-4a25-bbd6-64a4093b1d08', 'DIRECTORATE', '2020-09-17 04:20:04'),
('bb03fb1f-8421-4c23-988f-957880c08947', 'GiamDoc', 'dhien95rt@gmail.com', NULL, '03f813ca-6012-40e2-b9a5-62c9c0021428', 'DIRECTORATE', '2020-09-28 23:53:33'),
('bcf94aac-6171-4ce0-bc6b-dfe0dba59c4e', 'Lê Thị Luyên', 'leluyen1502@gmail.com', 'Admin/20200917/637289961_GeFvQkBbSLaMdpKXF1Zv_bigstockAerialViewOfBlueLakesAnd227291596.jpg', 'e3201e1b-eb3b-48ec-895a-344e3c677009', 'REGMANAGER', '2020-09-17 00:36:36'),
('c29e15d0-7bfa-4809-b216-e96ae040d070', 'Adminstrator', 'noreply@alta.com.vn', 'Admin/20200915/1724099536_54446854_1221852694636911_5779970835761575950_n.webp', 'a1227a08-c6c5-4449-a911-3e04852ea7c6', 'ADMIN', '2020-08-19 21:50:12'),
('ce9e218e-bd3f-4544-8b89-9de1c938d8bd', 'My TTH', 'my.tranthihuyen@alta.com.vn', NULL, 'b69036fe-fc1b-4c5e-802a-de3270c25320', 'BOOKKEEPER', '2020-09-20 23:57:28'),
('f0998e10-176c-4d42-9dca-6cbf5b7fe19a', 'tuyenntn', 'tuyen.nguyen@alta.com.vn', NULL, '680b3f8a-22c9-4770-8763-71a17371790c', 'REGMANAGER', '2020-09-22 04:31:59');

--
-- Bẫy `rc_users`
--
DELIMITER $$
CREATE TRIGGER `tg_delete_user` BEFORE DELETE ON `rc_users` FOR EACH ROW UPDATE rc_receipts set user_id ="" WHERE user_id =old.user_id
$$
DELIMITER ;
DELIMITER $$
CREATE TRIGGER `tg_update_username` BEFORE UPDATE ON `rc_users` FOR EACH ROW UPDATE rc_receipts set user_name = new.user_name WHERE user_id =new.user_id
$$
DELIMITER ;

--
-- Chỉ mục cho các bảng đã đổ
--

--
-- Chỉ mục cho bảng `rc_accounts`
--
ALTER TABLE `rc_accounts`
  ADD PRIMARY KEY (`account_id`);

--
-- Chỉ mục cho bảng `rc_account_permissions`
--
ALTER TABLE `rc_account_permissions`
  ADD PRIMARY KEY (`account_permission_id`),
  ADD KEY `fk_permission_account` (`account_id`),
  ADD KEY `fk_permission_permission_account` (`permission_code`);

--
-- Chỉ mục cho bảng `rc_class`
--
ALTER TABLE `rc_class`
  ADD PRIMARY KEY (`class_id`),
  ADD KEY `fk_class_schoolyear` (`school_year_id`),
  ADD KEY `fk_class_course` (`course_id`);

--
-- Chỉ mục cho bảng `rc_class_schedules`
--
ALTER TABLE `rc_class_schedules`
  ADD PRIMARY KEY (`class_schedule_id`),
  ADD KEY `fk_schedule_class` (`class_id`),
  ADD KEY `fk_schedule_lecturer` (`lecturer_id`),
  ADD KEY `fk_schedule_subject` (`subject_id`);

--
-- Chỉ mục cho bảng `rc_contacts`
--
ALTER TABLE `rc_contacts`
  ADD PRIMARY KEY (`contact_id`);

--
-- Chỉ mục cho bảng `rc_courses`
--
ALTER TABLE `rc_courses`
  ADD PRIMARY KEY (`course_id`);

--
-- Chỉ mục cho bảng `rc_course_school_years`
--
ALTER TABLE `rc_course_school_years`
  ADD PRIMARY KEY (`course_school_year_id`),
  ADD KEY `FK_rc_course_school_year_rc_courses` (`course_id`),
  ADD KEY `FK_rc_course_school_year_rc_school_years` (`school_year_id`);

--
-- Chỉ mục cho bảng `rc_course_subjects`
--
ALTER TABLE `rc_course_subjects`
  ADD PRIMARY KEY (`course_subject_id`),
  ADD KEY `FK_courseSubject_course` (`course_id`),
  ADD KEY `FK_courseSubject_subject` (`subject_id`),
  ADD KEY `FK_courseSubject_scoreType` (`score_type_id`);

--
-- Chỉ mục cho bảng `rc_employee_salary`
--
ALTER TABLE `rc_employee_salary`
  ADD PRIMARY KEY (`employee_salary_id`);

--
-- Chỉ mục cho bảng `rc_group`
--
ALTER TABLE `rc_group`
  ADD PRIMARY KEY (`group_code`);

--
-- Chỉ mục cho bảng `rc_group_permission`
--
ALTER TABLE `rc_group_permission`
  ADD PRIMARY KEY (`group_permission_id`),
  ADD KEY `fk_group` (`group_code`),
  ADD KEY `fk_permission` (`permission_code`);

--
-- Chỉ mục cho bảng `rc_holidays`
--
ALTER TABLE `rc_holidays`
  ADD PRIMARY KEY (`holiday_id`);

--
-- Chỉ mục cho bảng `rc_lecturers`
--
ALTER TABLE `rc_lecturers`
  ADD PRIMARY KEY (`lecturer_id`),
  ADD UNIQUE KEY `lecturer_code` (`lecturer_code`),
  ADD KEY `fk_account_lecturer` (`account_id`);

--
-- Chỉ mục cho bảng `rc_lecturer_subject`
--
ALTER TABLE `rc_lecturer_subject`
  ADD PRIMARY KEY (`lecturer_subject_id`),
  ADD KEY `FK_rc_lecturer_subject_rc_lecturers` (`lecturer_id`),
  ADD KEY `FK_rc_lecturer_subject_rc_subjects` (`subject_id`);

--
-- Chỉ mục cho bảng `rc_modules`
--
ALTER TABLE `rc_modules`
  ADD PRIMARY KEY (`module_code`);

--
-- Chỉ mục cho bảng `rc_money_type`
--
ALTER TABLE `rc_money_type`
  ADD PRIMARY KEY (`money_type_id`);

--
-- Chỉ mục cho bảng `rc_permissions`
--
ALTER TABLE `rc_permissions`
  ADD PRIMARY KEY (`permission_code`),
  ADD KEY `fk_module` (`module_code`);

--
-- Chỉ mục cho bảng `rc_receipts`
--
ALTER TABLE `rc_receipts`
  ADD PRIMARY KEY (`receipt_id`),
  ADD KEY `fk_class_receipt` (`class_id`),
  ADD KEY `fk_student_receipt` (`student_id`);

--
-- Chỉ mục cho bảng `rc_registration_studies`
--
ALTER TABLE `rc_registration_studies`
  ADD PRIMARY KEY (`registration_study_id`),
  ADD KEY `fk_class_register` (`class_id`),
  ADD KEY `fk_student_register` (`student_id`);

--
-- Chỉ mục cho bảng `rc_report_closing`
--
ALTER TABLE `rc_report_closing`
  ADD PRIMARY KEY (`report_closing_id`);

--
-- Chỉ mục cho bảng `rc_school_years`
--
ALTER TABLE `rc_school_years`
  ADD PRIMARY KEY (`school_year_id`);

--
-- Chỉ mục cho bảng `rc_score_types`
--
ALTER TABLE `rc_score_types`
  ADD PRIMARY KEY (`score_type_id`);

--
-- Chỉ mục cho bảng `rc_score_type_subjects`
--
ALTER TABLE `rc_score_type_subjects`
  ADD PRIMARY KEY (`score_type_subject_id`),
  ADD KEY `FK_scoreType_scoreTypeSubject` (`score_type_id`),
  ADD KEY `FK_scoreType_subject` (`subject_id`),
  ADD KEY `FK_scoreType_schoolYear` (`school_year_id`);

--
-- Chỉ mục cho bảng `rc_semesters`
--
ALTER TABLE `rc_semesters`
  ADD PRIMARY KEY (`semester_id`),
  ADD KEY `fk_rc_semesters_rc_school_years` (`school_year_id`);

--
-- Chỉ mục cho bảng `rc_slots`
--
ALTER TABLE `rc_slots`
  ADD PRIMARY KEY (`slot_id`);

--
-- Chỉ mục cho bảng `rc_slot_school_years`
--
ALTER TABLE `rc_slot_school_years`
  ADD PRIMARY KEY (`slot_id`,`school_year_id`),
  ADD KEY `FK_rc_slot_school_year_rc_school_years` (`school_year_id`);

--
-- Chỉ mục cho bảng `rc_students`
--
ALTER TABLE `rc_students`
  ADD PRIMARY KEY (`student_id`),
  ADD UNIQUE KEY `student_code` (`student_code`),
  ADD KEY `fk_account` (`account_id`);

--
-- Chỉ mục cho bảng `rc_subjects`
--
ALTER TABLE `rc_subjects`
  ADD PRIMARY KEY (`subject_id`),
  ADD UNIQUE KEY `subject_code` (`subject_code`),
  ADD KEY `FK_rc_subjects_rc_subject_groups` (`subject_group_id`),
  ADD KEY `FK_rc_subjects_rc_courses` (`course_id`);

--
-- Chỉ mục cho bảng `rc_subject_groups`
--
ALTER TABLE `rc_subject_groups`
  ADD PRIMARY KEY (`subject_group_id`);

--
-- Chỉ mục cho bảng `rc_surcharge`
--
ALTER TABLE `rc_surcharge`
  ADD PRIMARY KEY (`surcharge_id`);

--
-- Chỉ mục cho bảng `rc_users`
--
ALTER TABLE `rc_users`
  ADD PRIMARY KEY (`user_id`),
  ADD KEY `fk_account_user` (`account_id`);

--
-- Các ràng buộc cho các bảng đã đổ
--

--
-- Các ràng buộc cho bảng `rc_account_permissions`
--
ALTER TABLE `rc_account_permissions`
  ADD CONSTRAINT `fk_permission_account` FOREIGN KEY (`account_id`) REFERENCES `rc_accounts` (`account_id`) ON DELETE CASCADE ON UPDATE CASCADE,
  ADD CONSTRAINT `fk_permission_permission_account` FOREIGN KEY (`permission_code`) REFERENCES `rc_permissions` (`permission_code`) ON DELETE CASCADE ON UPDATE CASCADE;

--
-- Các ràng buộc cho bảng `rc_class`
--
ALTER TABLE `rc_class`
  ADD CONSTRAINT `fk_class_course` FOREIGN KEY (`course_id`) REFERENCES `rc_courses` (`course_id`) ON DELETE CASCADE ON UPDATE CASCADE,
  ADD CONSTRAINT `fk_class_schoolyear` FOREIGN KEY (`school_year_id`) REFERENCES `rc_school_years` (`school_year_id`) ON DELETE CASCADE ON UPDATE CASCADE;

--
-- Các ràng buộc cho bảng `rc_class_schedules`
--
ALTER TABLE `rc_class_schedules`
  ADD CONSTRAINT `fk_schedule_class` FOREIGN KEY (`class_id`) REFERENCES `rc_class` (`class_id`) ON DELETE CASCADE ON UPDATE CASCADE,
  ADD CONSTRAINT `fk_schedule_lecturer` FOREIGN KEY (`lecturer_id`) REFERENCES `rc_lecturers` (`lecturer_id`) ON DELETE CASCADE ON UPDATE CASCADE,
  ADD CONSTRAINT `fk_schedule_subject` FOREIGN KEY (`subject_id`) REFERENCES `rc_subjects` (`subject_id`) ON DELETE CASCADE ON UPDATE CASCADE;

--
-- Các ràng buộc cho bảng `rc_course_school_years`
--
ALTER TABLE `rc_course_school_years`
  ADD CONSTRAINT `FK_rc_course_school_year_rc_courses` FOREIGN KEY (`course_id`) REFERENCES `rc_courses` (`course_id`) ON DELETE CASCADE ON UPDATE CASCADE,
  ADD CONSTRAINT `FK_rc_course_school_year_rc_school_years` FOREIGN KEY (`school_year_id`) REFERENCES `rc_school_years` (`school_year_id`) ON DELETE CASCADE ON UPDATE CASCADE;

--
-- Các ràng buộc cho bảng `rc_course_subjects`
--
ALTER TABLE `rc_course_subjects`
  ADD CONSTRAINT `FK_courseSubject_course` FOREIGN KEY (`course_id`) REFERENCES `rc_courses` (`course_id`),
  ADD CONSTRAINT `FK_courseSubject_scoreType` FOREIGN KEY (`score_type_id`) REFERENCES `rc_score_types` (`score_type_id`),
  ADD CONSTRAINT `FK_courseSubject_subject` FOREIGN KEY (`subject_id`) REFERENCES `rc_subjects` (`subject_id`);

--
-- Các ràng buộc cho bảng `rc_group_permission`
--
ALTER TABLE `rc_group_permission`
  ADD CONSTRAINT `fk_group` FOREIGN KEY (`group_code`) REFERENCES `rc_group` (`group_code`) ON DELETE CASCADE ON UPDATE CASCADE,
  ADD CONSTRAINT `fk_permission` FOREIGN KEY (`permission_code`) REFERENCES `rc_permissions` (`permission_code`) ON DELETE CASCADE ON UPDATE CASCADE;

--
-- Các ràng buộc cho bảng `rc_lecturers`
--
ALTER TABLE `rc_lecturers`
  ADD CONSTRAINT `fk_account_lecturer` FOREIGN KEY (`account_id`) REFERENCES `rc_accounts` (`account_id`) ON DELETE CASCADE ON UPDATE CASCADE;

--
-- Các ràng buộc cho bảng `rc_lecturer_subject`
--
ALTER TABLE `rc_lecturer_subject`
  ADD CONSTRAINT `FK_rc_lecturer_subject_rc_lecturers` FOREIGN KEY (`lecturer_id`) REFERENCES `rc_lecturers` (`lecturer_id`) ON DELETE CASCADE ON UPDATE CASCADE,
  ADD CONSTRAINT `FK_rc_lecturer_subject_rc_subjects` FOREIGN KEY (`subject_id`) REFERENCES `rc_subjects` (`subject_id`) ON DELETE CASCADE ON UPDATE CASCADE;

--
-- Các ràng buộc cho bảng `rc_permissions`
--
ALTER TABLE `rc_permissions`
  ADD CONSTRAINT `fk_module` FOREIGN KEY (`module_code`) REFERENCES `rc_modules` (`module_code`) ON DELETE CASCADE ON UPDATE CASCADE;

--
-- Các ràng buộc cho bảng `rc_receipts`
--
ALTER TABLE `rc_receipts`
  ADD CONSTRAINT `fk_class_receipt` FOREIGN KEY (`class_id`) REFERENCES `rc_class` (`class_id`) ON DELETE CASCADE ON UPDATE CASCADE,
  ADD CONSTRAINT `fk_student_receipt` FOREIGN KEY (`student_id`) REFERENCES `rc_students` (`student_id`) ON DELETE CASCADE ON UPDATE CASCADE;

--
-- Các ràng buộc cho bảng `rc_registration_studies`
--
ALTER TABLE `rc_registration_studies`
  ADD CONSTRAINT `fk_class_register` FOREIGN KEY (`class_id`) REFERENCES `rc_class` (`class_id`) ON DELETE CASCADE ON UPDATE CASCADE,
  ADD CONSTRAINT `fk_student_register` FOREIGN KEY (`student_id`) REFERENCES `rc_students` (`student_id`) ON DELETE CASCADE ON UPDATE CASCADE;

--
-- Các ràng buộc cho bảng `rc_score_type_subjects`
--
ALTER TABLE `rc_score_type_subjects`
  ADD CONSTRAINT `FK_scoreType_schoolYear` FOREIGN KEY (`school_year_id`) REFERENCES `rc_school_years` (`school_year_id`),
  ADD CONSTRAINT `FK_scoreType_scoreTypeSubject` FOREIGN KEY (`score_type_id`) REFERENCES `rc_score_types` (`score_type_id`),
  ADD CONSTRAINT `FK_scoreType_subject` FOREIGN KEY (`subject_id`) REFERENCES `rc_subjects` (`subject_id`);

--
-- Các ràng buộc cho bảng `rc_semesters`
--
ALTER TABLE `rc_semesters`
  ADD CONSTRAINT `fk_rc_semesters_rc_school_years` FOREIGN KEY (`school_year_id`) REFERENCES `rc_school_years` (`school_year_id`) ON DELETE NO ACTION ON UPDATE NO ACTION;

--
-- Các ràng buộc cho bảng `rc_slot_school_years`
--
ALTER TABLE `rc_slot_school_years`
  ADD CONSTRAINT `FK_rc_slot_school_year_rc_school_years` FOREIGN KEY (`school_year_id`) REFERENCES `rc_school_years` (`school_year_id`) ON DELETE CASCADE ON UPDATE CASCADE,
  ADD CONSTRAINT `FK_rc_slot_school_year_rc_slots` FOREIGN KEY (`slot_id`) REFERENCES `rc_slots` (`slot_id`) ON DELETE CASCADE ON UPDATE CASCADE;

--
-- Các ràng buộc cho bảng `rc_students`
--
ALTER TABLE `rc_students`
  ADD CONSTRAINT `fk_account` FOREIGN KEY (`account_id`) REFERENCES `rc_accounts` (`account_id`) ON DELETE CASCADE ON UPDATE CASCADE;

--
-- Các ràng buộc cho bảng `rc_subjects`
--
ALTER TABLE `rc_subjects`
  ADD CONSTRAINT `FK_rc_subjects_rc_courses` FOREIGN KEY (`course_id`) REFERENCES `rc_courses` (`course_id`) ON DELETE CASCADE ON UPDATE CASCADE,
  ADD CONSTRAINT `FK_rc_subjects_rc_subject_groups` FOREIGN KEY (`subject_group_id`) REFERENCES `rc_subject_groups` (`subject_group_id`) ON DELETE CASCADE ON UPDATE CASCADE;

--
-- Các ràng buộc cho bảng `rc_users`
--
ALTER TABLE `rc_users`
  ADD CONSTRAINT `fk_account_user` FOREIGN KEY (`account_id`) REFERENCES `rc_accounts` (`account_id`) ON DELETE CASCADE ON UPDATE CASCADE;
COMMIT;

/*!40101 SET CHARACTER_SET_CLIENT=@OLD_CHARACTER_SET_CLIENT */;
/*!40101 SET CHARACTER_SET_RESULTS=@OLD_CHARACTER_SET_RESULTS */;
/*!40101 SET COLLATION_CONNECTION=@OLD_COLLATION_CONNECTION */;
